candidate,fold,seed,model,epoch,train_loss,train_rr_loss,train_motion_loss,val_loss,val_rr_loss,val_motion_loss,spike_rate,epoch_seconds
ANN_direct,1,42,ANN_direct_f1_s42,1,2.733527190216658,2.6800544434123568,0.2673637340215048,0.82503051652569,0.8171295523643494,0.03950482080670338,0.0,0.2909798000473529
ANN_direct,1,42,ANN_direct_f1_s42,2,0.5463355234475453,0.526092309008042,0.10121607219751634,0.40285437349254316,0.3968978822231293,0.029782456347069476,0.0,0.2890703999437392
ANN_direct,1,42,ANN_direct_f1_s42,3,0.30348480709243136,0.29041692465543745,0.06533941218496965,0.30051771070744254,0.29889172315597534,0.008129937757335962,0.0,0.29366480000317097
ANN_direct,1,42,ANN_direct_f1_s42,4,0.34492173580075786,0.3380160164088011,0.03452859695978375,0.1269133359277339,0.12649069726467133,0.002113193315312912,0.0,0.29114859993569553
ANN_direct,1,42,ANN_direct_f1_s42,5,0.1549639017099329,0.14401630512956115,0.05473798290185872,0.08152599360382501,0.0814695656299591,0.0002821398693295066,0.0,0.30767470016144216
ANN_direct,1,42,ANN_direct_f1_s42,6,0.1343918303201157,0.12070398477630483,0.0684392277190543,0.09516012520974096,0.09508777409791946,0.00036175555910744525,0.0,0.3097820000257343
ANN_direct,1,42,ANN_direct_f1_s42,7,0.10494975383848482,0.09884485250545873,0.030524506665130458,0.09362356722635547,0.09345298260450363,0.0008529231092591443,0.0,0.31280030007474124
ANN_direct,1,42,ANN_direct_f1_s42,8,0.08547769082340605,0.0723634594016605,0.06557115710872773,0.11451093016693761,0.11415907740592957,0.0017592638050402465,0.0,0.3125679998192936
ANN_direct,1,42,ANN_direct_f1_s42,9,0.06042496819378039,0.05754803485340542,0.014384666701874793,0.08937429857760772,0.08929447829723358,0.000399101401870652,0.0,0.38175060017965734
ANN_direct,1,42,ANN_direct_f1_s42,10,0.042420583380925206,0.04157215040177107,0.004242164895770644,0.08843675217014313,0.08838294446468353,0.00026903852729798157,0.0,0.4763923001009971
ANN_direct,1,42,ANN_direct_f1_s42,11,0.04458465496220897,0.04410192063595686,0.0024136716312605057,0.09228491712512848,0.09224547445774078,0.00019721333693854053,0.0,0.500557400053367
ANN_direct,1,42,ANN_direct_f1_s42,12,0.03280707322576759,0.03244096531739665,0.001830539541854662,0.09816659419181603,0.09813927859067917,0.00013657800568428547,0.0,0.5307698999531567
ANN_direct,1,42,ANN_direct_f1_s42,13,0.0323707554125591,0.032096252367935243,0.0013725152231192858,0.07376872828957524,0.07374096661806107,0.0001388083575708682,0.0,0.5452620999421924
ANN_direct,1,42,ANN_direct_f1_s42,14,0.028518786500570822,0.02823866798231999,0.001400592591254159,0.08763750281645677,0.08760878443717957,0.00014359189638599854,0.0,0.5331086998339742
ANN_direct,1,42,ANN_direct_f1_s42,15,0.02368828703078172,0.023423590236860845,0.0013234839696043617,0.1082392716838924,0.10821564495563507,0.00011813364128666692,0.0,0.4563885999377817
ANN_direct,1,42,ANN_direct_f1_s42,16,0.01966511319663788,0.019426074230836497,0.0011951948290069407,0.09412480385996433,0.09410356730222702,0.00010618278868655616,0.0,0.5340040998999029
ANN_direct,1,42,ANN_direct_f1_s42,17,0.015949329425829724,0.015649182344269423,0.0015007354078015003,0.10673681568461243,0.1067185029387474,9.156372932512815e-05,0.0,0.4206427000463009
ANN_direct,1,42,ANN_direct_f1_s42,18,0.013595264385744273,0.013362460562752353,0.0011640191149596092,0.11125944667773578,0.11123805493116379,0.00010695873285993938,0.0,0.49146190006285906
ANN_direct,1,42,ANN_direct_f1_s42,19,0.014781742868322323,0.014592477524032196,0.0009463267214506326,0.10032400549067617,0.10030820965766907,7.897916503555284e-05,0.0,0.4170637000352144
ANN_direct,1,42,ANN_direct_f1_s42,20,0.01485276181468808,0.01471040761615667,0.0007117709926570456,0.08536796519424251,0.08534033596515656,0.00013814614542980038,0.0,0.4679824998602271
ANN_direct,1,42,ANN_direct_f1_s42,21,0.011556418755023768,0.011403290808407797,0.0007656397330798621,0.10430755118296597,0.10428811609745026,9.717542757860126e-05,0.0,0.48045810009352863
ANN_direct,1,42,ANN_direct_f1_s42,22,0.012210937119939024,0.012076219274765916,0.0006735892258655537,0.0857620937888165,0.08574163913726807,0.00010227325774216534,0.0,0.5656435999553651
ANN_direct,1,42,ANN_direct_f1_s42,23,0.0115566514419779,0.011416457650355167,0.0007009689581136586,0.10650984700299711,0.10649336129426956,8.24285436376997e-05,0.0,0.7051759997848421
ANN_direct,1,42,ANN_direct_f1_s42,24,0.00980057822548054,0.00952614572727018,0.0013721624910518052,0.11330674579083652,0.11328724771738052,9.749036727996587e-05,0.0,0.6640417999587953
ANN_direct,1,42,ANN_direct_f1_s42,25,0.011519091989164301,0.011361217265948654,0.0007893736160782304,0.11158136825852479,0.11156667768955231,7.345284486235713e-05,0.0,0.6906566000543535
ANN_direct,1,42,ANN_direct_f1_s42,26,0.01381779477631852,0.013688312049230768,0.0006474136354387428,0.09970380191746195,0.09968901425600052,7.393830730716657e-05,0.0,0.6450144997797906
ANN_direct,1,42,ANN_direct_f1_s42,27,0.011645583522289287,0.011419980631520351,0.0011280144538446896,0.10859892705963933,0.10858343541622162,7.745821708854511e-05,0.0,0.4548601000569761
ANN_direct,1,42,ANN_direct_f1_s42,28,0.007715758697838033,0.007584988897562855,0.0006538490013758974,0.0939195185152018,0.09390648454427719,6.51698546230959e-05,0.0,0.3443883000873029
ANN_direct,1,42,ANN_direct_f1_s42,29,0.007228707060708524,0.007129622605215344,0.0004954222774658922,0.11584558463708186,0.11583583056926727,4.877033907291429e-05,0.0,0.34544199984520674
ANN_direct,1,42,ANN_direct_f1_s42,30,0.006611869695298828,0.006517586233611736,0.0004714173084354585,0.11214672426427313,0.1121344342827797,6.14499074671709e-05,0.0,0.34044139995239675
ANN_direct,1,314,ANN_direct_f1_s314,1,2.5443426988951794,2.492926111486223,0.25708293704478163,2.3423501807414975,2.2486751079559326,0.46837536392782436,0.0,0.36139589990489185
ANN_direct,1,314,ANN_direct_f1_s314,2,0.6731590615012217,0.6465633869998985,0.13297837250661632,0.3152268585640135,0.30158674716949463,0.06820055697259436,0.0,0.3572426999453455
ANN_direct,1,314,ANN_direct_f1_s314,3,0.39553103174011783,0.3818078840772311,0.0686157383144336,0.3197646975966899,0.3167562186717987,0.01504239462445594,0.0,0.3470016000792384
ANN_direct,1,314,ANN_direct_f1_s314,4,0.33628855423288284,0.32384821056491797,0.062201718339824096,0.20653018447685378,0.16378211975097656,0.21374032362938603,0.0,0.35132479993626475
ANN_direct,1,314,ANN_direct_f1_s314,5,0.2216915066864968,0.21700591028978428,0.023427981983562614,0.1519152330215441,0.15088947117328644,0.005128809241288423,0.0,0.33937179995700717
ANN_direct,1,314,ANN_direct_f1_s314,6,0.28732490906725466,0.28351220136715305,0.019063538500507817,0.051589628506900014,0.050884634256362915,0.0035249712526855027,0.0,0.29180620005354285
ANN_direct,1,314,ANN_direct_f1_s314,7,0.1480674629841654,0.14567279163748026,0.011973356733425576,0.07953897446580101,0.07902579754590988,0.002565884599455658,0.0,0.2918308998923749
ANN_direct,1,314,ANN_direct_f1_s314,8,0.06851688965670331,0.0666107349925571,0.009530773320731076,0.07602111884831658,0.07505819201469421,0.004814634168111827,0.0,0.2952548998873681
ANN_direct,1,314,ANN_direct_f1_s314,9,0.04494218684884673,0.041674687889301114,0.01633749479772805,0.07535473535716744,0.0751856118440628,0.0008456175655231964,0.0,0.30774610000662506
ANN_direct,1,314,ANN_direct_f1_s314,10,0.040238790450332504,0.037911583193474346,0.011636036284290814,0.06092373599475222,0.06073048710823059,0.0009662444326081237,0.0,0.3163662999868393
ANN_direct,1,314,ANN_direct_f1_s314,11,0.03624082267905477,0.035072404901600546,0.005842088887271104,0.07027180479994936,0.07009831815958023,0.0008674332018456654,0.0,0.32582239992916584
ANN_direct,1,314,ANN_direct_f1_s314,12,0.02357369047519332,0.02248339922581282,0.00545145624690251,0.05389265864900788,0.05373631417751312,0.0007817223574737907,0.0,0.2987997999880463
ANN_direct,1,314,ANN_direct_f1_s314,13,0.025747034668227385,0.0250108665579723,0.003680840551275397,0.06612743739086767,0.06601988524198532,0.000537760744411761,0.0,0.27582580014131963
ANN_direct,1,314,ANN_direct_f1_s314,14,0.016605647432379463,0.016098136234925026,0.0025375559872721923,0.0707380122921424,0.07064885646104813,0.00044577915547136315,0.0,0.26432049996219575
ANN_direct,1,314,ANN_direct_f1_s314,15,0.015822595368222427,0.015289832030733426,0.0026638166874450005,0.05331667790656918,0.053257834166288376,0.0002942187014040347,0.0,0.2664693999104202
ANN_direct,1,314,ANN_direct_f1_s314,16,0.016341970294586172,0.01589089872367266,0.0022553578545675404,0.06852180202555411,0.06847875565290451,0.00021523186324796877,0.0,0.2728774999268353
ANN_direct,1,314,ANN_direct_f1_s314,17,0.017076949962250183,0.016803861189530128,0.001365443863600287,0.06662789523968755,0.06659019738435745,0.00018848927665048463,0.0,0.26832440006546676
ANN_direct,1,314,ANN_direct_f1_s314,18,0.015822311016852258,0.014314225140131183,0.007540429383605373,0.0646661847518885,0.06453341245651245,0.000663861476880205,0.0,0.2664090998005122
ANN_direct,1,314,ANN_direct_f1_s314,19,0.015795093536400337,0.015218445229240589,0.0028832415357987456,0.07823195344375228,0.07805950194597244,0.0008622574888991688,0.0,0.27645110012963414
ANN_direct,1,314,ANN_direct_f1_s314,20,0.012584321503382961,0.012115281628858712,0.002345199372621243,0.06661392784462522,0.0665157362818718,0.0004909578137671239,0.0,0.2784243000205606
ANN_direct,1,314,ANN_direct_f1_s314,21,0.011239381042904078,0.010973654123437074,0.0013286345973350202,0.06187320527269234,0.06175334006547928,0.0005993260360653161,0.0,0.2862217000219971
ANN_direct,1,314,ANN_direct_f1_s314,22,0.011226574770351027,0.010894676892914706,0.0016594893871816076,0.06594878648123782,0.06588244438171387,0.00033171049761977273,0.0,0.2704255999997258
ANN_direct,1,314,ANN_direct_f1_s314,23,0.010404811009455851,0.010171063948008749,0.0011687353072355117,0.07467690414324629,0.07459846884012222,0.00039217651562031586,0.0,0.279203400015831
ANN_direct,1,314,ANN_direct_f1_s314,24,0.009019035705177371,0.008802803010783261,0.0010811634719705425,0.06541469569153846,0.06536076217889786,0.00026966756320300243,0.0,0.2778044999577105
ANN_direct,1,314,ANN_direct_f1_s314,25,0.007619822626885934,0.0073814804562264014,0.0011917108532976588,0.06505101327882293,0.06500434875488281,0.00023332261970056173,0.0,0.27624140004627407
ANN_direct,1,314,ANN_direct_f1_s314,26,0.007494718210335375,0.007313148558346761,0.0009078482599430734,0.06609589408701703,0.06604695320129395,0.0002447044286154205,0.0,0.2747335999738425
ANN_direct,1,314,ANN_direct_f1_s314,27,0.008171340792307257,0.00800528628234234,0.0008302725498245836,0.0673298477060309,0.06728759407997131,0.00021126813029794919,0.0,0.2756521999835968
ANN_direct,1,314,ANN_direct_f1_s314,28,0.01003619293724777,0.009857467173909147,0.0008936288166931099,0.07238661364633434,0.07234156131744385,0.000225261644452434,0.0,0.27860810002312064
ANN_direct,1,314,ANN_direct_f1_s314,29,0.010282147288680762,0.010133692736013068,0.0007422727633384711,0.07250221776767588,0.07246612757444382,0.00018045096616027296,0.0,0.2746886000968516
ANN_direct,1,314,ANN_direct_f1_s314,30,0.011522167354326065,0.011312886643119984,0.0010464035560303917,0.060756812989837455,0.06072348728775978,0.00016662851038838863,0.0,0.2788958998862654
ANN_direct,1,2718,ANN_direct_f1_s2718,1,3.6567289459098706,3.5949067142274647,0.3091111584120356,1.8008442012928052,1.7193577289581299,0.4074323616733769,0.0,0.2950738000217825
ANN_direct,1,2718,ANN_direct_f1_s2718,2,1.416258418674288,1.3931477428310448,0.11555337921621665,1.3066398442864464,1.3024722337722778,0.020838052570843396,0.0,0.28965670010074973
ANN_direct,1,2718,ANN_direct_f1_s2718,3,0.8164289552175322,0.7985145645009146,0.08957195358308778,0.2820178380353414,0.28026509284973145,0.00876372592804975,0.0,0.2883901000022888
ANN_direct,1,2718,ANN_direct_f1_s2718,4,0.4080621772624081,0.394831915344629,0.06615130958889553,0.14485097055214555,0.1433759480714798,0.007375112403328697,0.0,0.2899827000219375
ANN_direct,1,2718,ANN_direct_f1_s2718,5,0.19314947483991102,0.1840383319805066,0.04555571429702221,0.1421113373789105,0.0676034614443779,0.37253937967266293,0.0,0.2822214998304844
ANN_direct,1,2718,ANN_direct_f1_s2718,6,0.2096092058811322,0.20329054937594468,0.03159328252593763,0.10267736474188545,0.09810218960046768,0.022875875707088832,0.0,0.2888720999471843
ANN_direct,1,2718,ANN_direct_f1_s2718,7,0.1739181861210527,0.16867331746551725,0.026224343277677233,0.10993198995493744,0.10784835368394852,0.010418181354944647,0.0,0.2825515998993069
ANN_direct,1,2718,ANN_direct_f1_s2718,8,0.11888991656280308,0.11540923901937074,0.017403387717161673,0.06252108788494823,0.062400199472904205,0.0006044420602201027,0.0,0.28217909997329116
ANN_direct,1,2718,ANN_direct_f1_s2718,9,0.07411731361705177,0.07115768702286814,0.014798132970918237,0.05469302656072674,0.05456364527344704,0.0006469064363985208,0.0,0.2800980000756681
ANN_direct,1,2718,ANN_direct_f1_s2718,10,0.08955728067337261,0.08805571250203582,0.007507840856683844,0.07261151650300493,0.07243721932172775,0.0008714859063858944,0.0,0.28648200002498925
ANN_direct,1,2718,ANN_direct_f1_s2718,11,0.05404944680495653,0.05275233503327602,0.006485558858402559,0.0557074281682188,0.0555180087685585,0.0009470969983014987,0.0,0.27919869986362755
ANN_direct,1,2718,ANN_direct_f1_s2718,12,0.04633493785200197,0.04503075507365995,0.006520913891710123,0.06863778480036654,0.06847719848155975,0.0008029315940339826,0.0,0.2785807999316603
ANN_direct,1,2718,ANN_direct_f1_s2718,13,0.03832624528815388,0.03751280234816174,0.004067214699960674,0.054688004484985155,0.05457348749041557,0.0005725849728479116,0.0,0.27909009996801615
ANN_direct,1,2718,ANN_direct_f1_s2718,14,0.028423528963920204,0.027596470289346246,0.004135293372869799,0.07218168193223796,0.07209277153015137,0.00044455201043298696,0.0,0.2769179998431355
ANN_direct,1,2718,ANN_direct_f1_s2718,15,0.017837231582446822,0.017383334713263643,0.0022694843459158754,0.05536572586938996,0.05527999624609947,0.00042864811645244996,0.0,0.2830372001044452
ANN_direct,1,2718,ANN_direct_f1_s2718,16,0.019241661097505695,0.018696078668451972,0.0027279121452686247,0.06899140358462465,0.06887060403823853,0.0006039977319306145,0.0,0.2779374001547694
ANN_direct,1,2718,ANN_direct_f1_s2718,17,0.014858454569710485,0.014475797096060382,0.0019132873682505187,0.0733656650774812,0.07325688749551773,0.0005438879098173536,0.0,0.2809506000485271
ANN_direct,1,2718,ANN_direct_f1_s2718,18,0.01527824240264501,0.014874685229733587,0.0020177858645571266,0.05663001011784264,0.05652500316500664,0.0005250347641800172,0.0,0.28409210010431707
ANN_direct,1,2718,ANN_direct_f1_s2718,19,0.014361045598856573,0.013997182182760703,0.0018193170804793508,0.06665411811441016,0.06652849167585373,0.0006281321927821843,0.0,0.27861660020425916
ANN_direct,1,2718,ANN_direct_f1_s2718,20,0.011637155443114326,0.011309006416963207,0.0016407451307556044,0.07050947396628324,0.07042740285396576,0.0004103555615873608,0.0,0.2805971000343561
ANN_direct,1,2718,ANN_direct_f1_s2718,21,0.01294204606445316,0.012565457391449146,0.0018829433650200723,0.07917131663735627,0.07901839911937714,0.0007645875898956493,0.0,0.2799937999807298
ANN_direct,1,2718,ANN_direct_f1_s2718,22,0.012235754037633785,0.01184667941286332,0.001945373123852311,0.06605573115326027,0.06601247936487198,0.00021625894194146096,0.0,0.28267510002478957
ANN_direct,1,2718,ANN_direct_f1_s2718,23,0.012090166575629328,0.011786239837399787,0.0015196336911477031,0.07049285362145387,0.07044672220945358,0.00023065706000145915,0.0,0.2881941997911781
ANN_direct,1,2718,ANN_direct_f1_s2718,24,0.010871073767866467,0.010642653874432048,0.001142099467172105,0.06864492889119662,0.06859926134347916,0.00022833773858737047,0.0,0.2758766000624746
ANN_direct,1,2718,ANN_direct_f1_s2718,25,0.009948069151571527,0.009710819507017732,0.00118624822276897,0.06474570627632346,0.0646919459104538,0.00026880182934833273,0.0,0.2804829999804497
ANN_direct,1,2718,ANN_direct_f1_s2718,26,0.008582116720414453,0.008373567906932698,0.0010427440674087775,0.06942028677343028,0.06936796754598618,0.0002615961372204888,0.0,0.292406499851495
ANN_direct,1,2718,ANN_direct_f1_s2718,27,0.009235011811076011,0.009011805272247228,0.0011160326941439152,0.06189995515057369,0.06184065341949463,0.00029650865539532483,0.0,0.2774020000360906
ANN_direct,1,2718,ANN_direct_f1_s2718,28,0.012197659691826087,0.011928521117402448,0.001345692872118201,0.07654089007763108,0.07648732513189316,0.00026782472868964866,0.0,0.2791200000792742
ANN_direct,1,2718,ANN_direct_f1_s2718,29,0.012579932276211995,0.012376686583997475,0.0010162284610725884,0.09594059069359685,0.09589745104312897,0.00021569825233940938,0.0,0.27979810000397265
ANN_direct,1,2718,ANN_direct_f1_s2718,30,0.014717660792882212,0.014455813226393527,0.0013092378324434121,0.09667734116089073,0.09660295397043228,0.0003719359522922235,0.0,0.2789064000826329
ANN_direct,2,42,ANN_direct_f2_s42,1,1.6600184165183982,1.6109907146957185,0.24513850911339827,0.22579372498467595,0.2205895632505417,0.026020808670671372,0.0,0.28718980005942285
ANN_direct,2,42,ANN_direct_f2_s42,2,0.991448490750461,0.9739128874407874,0.0876780165483675,0.3469829315676271,0.3449868857860565,0.009980228907852832,0.0,0.28525079996325076
ANN_direct,2,42,ANN_direct_f2_s42,3,0.3651482560251701,0.35441196846465267,0.05368143780258724,0.11244478894453877,0.11004253476858139,0.012011270879786892,0.0,0.30597879993729293
ANN_direct,2,42,ANN_direct_f2_s42,4,0.23333370156116387,0.2281524282362726,0.025906366624456424,0.08571615383692212,0.08481697738170624,0.004495882276079389,0.0,0.29139929986558855
ANN_direct,2,42,ANN_direct_f2_s42,5,0.12602325052320043,0.12317069189416038,0.014262793145200221,0.044584261807969684,0.04383917525410652,0.0037254327693158123,0.0,0.29427450010553
ANN_direct,2,42,ANN_direct_f2_s42,6,0.0943941334531964,0.09163112397202187,0.013815047405872728,0.03970019270488454,0.03735336661338806,0.011734130457482403,0.0,0.28326719999313354
ANN_direct,2,42,ANN_direct_f2_s42,7,0.08722099596583313,0.0834635754633281,0.01878710251252522,0.04407060698252455,0.043378476053476334,0.0034606546452411037,0.0,0.2834012999664992
ANN_direct,2,42,ANN_direct_f2_s42,8,0.048313066250620054,0.046549104811209774,0.008819807197051404,0.04547490231692918,0.04475988447666168,0.003575089201337506,0.0,0.27904359996318817
ANN_direct,2,42,ANN_direct_f2_s42,9,0.043753155862139965,0.04284522037746178,0.004539677423390939,0.04623005294841443,0.04565030708909035,0.0028987292966204115,0.0,0.2774284000042826
ANN_direct,2,42,ANN_direct_f2_s42,10,0.024156744978351328,0.022201482506675852,0.009776312358377368,0.04604041078592635,0.045657508075237274,0.001914513553445388,0.0,0.2880469998344779
ANN_direct,2,42,ANN_direct_f2_s42,11,0.019444331252324993,0.018451098156058127,0.004966165481334318,0.058411744610222915,0.05745682120323181,0.004774617034955503,0.0,0.2755877000745386
ANN_direct,2,42,ANN_direct_f2_s42,12,0.018723532743871157,0.017764651847796308,0.00479440448037425,0.04946726053358862,0.04908827692270279,0.0018949180544291255,0.0,0.2805866999551654
ANN_direct,2,42,ANN_direct_f2_s42,13,0.020516737000723765,0.019696353976097373,0.004101915123131977,0.08218536872506789,0.08188911527395248,0.0014812672555770414,0.0,0.28180200001224875
ANN_direct,2,42,ANN_direct_f2_s42,14,0.02978853867836235,0.029155777384423546,0.0031638064696940063,0.05651420390478147,0.05596768483519554,0.00273259534792964,0.0,0.30747630004771054
ANN_direct,2,42,ANN_direct_f2_s42,15,0.01992372044678276,0.01851009039932655,0.0070681502372810555,0.0440144647182207,0.04350520670413971,0.002546290070404971,0.0,0.2775422998238355
ANN_direct,2,42,ANN_direct_f2_s42,16,0.014441514145822999,0.014138407172221276,0.0015155348680086103,0.0773818862807275,0.0767832100391388,0.002993381207943525,0.0,0.2792292998638004
ANN_direct,2,42,ANN_direct_f2_s42,17,0.02027909285374606,0.02006230770299832,0.001083925753738716,0.041715360443392,0.04141095280647278,0.0015220381845961028,0.0,0.2792235999368131
ANN_direct,2,42,ANN_direct_f2_s42,18,0.015662048681483243,0.015476116372479334,0.0009296615450195407,0.05775178270660252,0.05746549367904663,0.0014314451377794516,0.0,0.2857210000511259
ANN_direct,2,42,ANN_direct_f2_s42,19,0.011759128478228558,0.011554949772026804,0.0010208935310087631,0.05592358947357249,0.05564624443650246,0.001386725185350177,0.0,0.28224459988996387
ANN_direct,2,42,ANN_direct_f2_s42,20,0.00914147431446212,0.008987943341748583,0.0007676548635676852,0.05205481409354834,0.051787763833999634,0.0013352512977435197,0.0,0.2813845998607576
ANN_direct,2,42,ANN_direct_f2_s42,21,0.008319305324103988,0.00816117198103004,0.000790666715369727,0.05552338862170481,0.055365923792123795,0.0007873241479050928,0.0,0.27787619992159307
ANN_direct,2,42,ANN_direct_f2_s42,22,0.008245413151479771,0.008124802530639701,0.0006030531042003451,0.05276078495167534,0.05254756286740303,0.0010661104213615493,0.0,0.2844257999677211
ANN_direct,2,42,ANN_direct_f2_s42,23,0.009741177831821355,0.009608287115891774,0.0006644535796479041,0.05309939088754498,0.05287725105881691,0.0011106991436403435,0.0,0.28483249992132187
ANN_direct,2,42,ANN_direct_f2_s42,24,0.012852012806733188,0.012635283565355673,0.0010836462068875877,0.06597041024285945,0.06575196981430054,0.0010922021427945653,0.0,0.2751649001147598
ANN_direct,2,42,ANN_direct_f2_s42,25,0.0120566947326029,0.011915961208028927,0.0007036676228698689,0.05078573788145908,0.05060720443725586,0.0008926672210160751,0.0,0.2855136999860406
ANN_direct,2,42,ANN_direct_f2_s42,26,0.01300845203801136,0.012859291109877328,0.0007458046406701515,0.060422653087032006,0.06022624298930168,0.0009820504886516106,0.0,0.28201709990389645
ANN_direct,2,42,ANN_direct_f2_s42,27,0.010483510993238377,0.010137085735590922,0.0017321262882372768,0.0470732705599992,0.04692692682147026,0.0007317186926446884,0.0,0.2832609999459237
ANN_direct,2,42,ANN_direct_f2_s42,28,0.007860357812743432,0.007737100703848733,0.000616285544473499,0.06580779375891904,0.06560022383928299,0.0010378495981802711,0.0,0.2874775000382215
ANN_direct,2,42,ANN_direct_f2_s42,29,0.007697909850020367,0.007591343308902449,0.0005328327055895966,0.048812322596552334,0.04849962145090103,0.001563505728256519,0.0,0.29174520005472004
ANN_direct,2,42,ANN_direct_f2_s42,30,0.006794528764962008,0.006706855482318335,0.00043836641321836684,0.05170551807032281,0.05155426263809204,0.0007562771611538331,0.0,0.28040759987197816
ANN_direct,2,314,ANN_direct_f2_s314,1,1.9845123039538433,1.933041562139988,0.2573537090692764,0.9816997187973752,0.9565178751945496,0.12590921801412785,0.0,0.2961730998940766
ANN_direct,2,314,ANN_direct_f2_s314,2,0.7049073272098416,0.6831059107349978,0.10900708237421868,0.3311615404954738,0.32226142287254333,0.04450058811465244,0.0,0.2910438000690192
ANN_direct,2,314,ANN_direct_f2_s314,3,0.3637951892914384,0.3535883354023099,0.05103426944564239,0.22242489333723187,0.21921591460704803,0.016044893650919198,0.0,0.2949422001838684
ANN_direct,2,314,ANN_direct_f2_s314,4,0.20766793899439667,0.20029983599152829,0.03684051501434182,0.09656397040682795,0.09552685916423798,0.0051855562129498765,0.0,0.289789600064978
ANN_direct,2,314,ANN_direct_f2_s314,5,0.16725254638177944,0.16010377837551965,0.03574384003129911,0.06847245062143276,0.06785216182470322,0.003101443983647703,0.0,0.28452260000631213
ANN_direct,2,314,ANN_direct_f2_s314,6,0.10790898232752438,0.10212848633527756,0.028902479961234098,0.03784788813362075,0.03589886799454689,0.009745100695369312,0.0,0.2872425001114607
ANN_direct,2,314,ANN_direct_f2_s314,7,0.07985829678894592,0.07746232990175486,0.011979834435955294,0.04151231734248642,0.04106149077415466,0.0022541328416588007,0.0,0.2904801000840962
ANN_direct,2,314,ANN_direct_f2_s314,8,0.06315455736925603,0.062076735496521,0.0053891093636752605,0.042039522056169544,0.041341155767440796,0.003491831443643736,0.0,0.28993319999426603
ANN_direct,2,314,ANN_direct_f2_s314,9,0.05331265438077767,0.052530887371136085,0.0039088350482079206,0.037585944859984705,0.0373358428478241,0.0012505100608030323,0.0,0.2778433000203222
ANN_direct,2,314,ANN_direct_f2_s314,10,0.03914735039061138,0.03869648637353546,0.0022543200853796267,0.0446055914281364,0.04436120018362999,0.0012219562225320468,0.0,0.27813990018330514
ANN_direct,2,314,ANN_direct_f2_s314,11,0.02397131419893479,0.023554884290529623,0.0020821495420258636,0.0536610935780557,0.05349380522966385,0.0008364417419592479,0.0,0.2714360000099987
ANN_direct,2,314,ANN_direct_f2_s314,12,0.017217716229236672,0.01678720978088677,0.0021525322417495,0.0475148709690761,0.04735852777957916,0.0007817159474846787,0.0,0.269156799884513
ANN_direct,2,314,ANN_direct_f2_s314,13,0.014359366158665808,0.014038950065150857,0.001602080467574743,0.0401688356355965,0.04002109169960022,0.0007387196799814092,0.0,0.26344390003941953
ANN_direct,2,314,ANN_direct_f2_s314,14,0.01336245310477774,0.013040444456661741,0.0016100432405799833,0.041154180699321585,0.04100930318236351,0.0007243875847903732,0.0,0.27005790011025965
ANN_direct,2,314,ANN_direct_f2_s314,15,0.01254064993611491,0.012272319958234827,0.0013416498894004295,0.04891005998108087,0.04881059750914574,0.0004973123596756469,0.0,0.26278289989568293
ANN_direct,2,314,ANN_direct_f2_s314,16,0.010365332046622032,0.010139483616997798,0.0011292421481211698,0.039874883720582635,0.03973264619708061,0.0007111876175101221,0.0,0.265707700047642
ANN_direct,2,314,ANN_direct_f2_s314,17,0.009980766685575427,0.009767618141550985,0.0010657427201222114,0.03934540626020316,0.039240773767232895,0.0005231624648513242,0.0,0.28658710001036525
ANN_direct,2,314,ANN_direct_f2_s314,18,0.013362639234045763,0.012994073879801565,0.0018428267712210027,0.06895609444899228,0.06864910572767258,0.001534943606598499,0.0,0.2690416998229921
ANN_direct,2,314,ANN_direct_f2_s314,19,0.020349465705231707,0.02005557622243133,0.0014694474140018996,0.026373495693327222,0.02621971070766449,0.0007689249283136582,0.0,0.27070590015500784
ANN_direct,2,314,ANN_direct_f2_s314,20,0.013917494946180588,0.013688167973628474,0.001146634862760585,0.03890589364355628,0.03881536424160004,0.0004526470097812174,0.0,0.26037280005402863
ANN_direct,2,314,ANN_direct_f2_s314,21,0.013315866345947253,0.013050802509921293,0.0013253191801297992,0.04926823394612645,0.04920785501599312,0.00030189465066665275,0.0,0.26948049990460277
ANN_direct,2,314,ANN_direct_f2_s314,22,0.014183708461062925,0.013891052408143877,0.0014632802645952357,0.03703471107205152,0.03695603087544441,0.00039340098303556465,0.0,0.26817170018330216
ANN_direct,2,314,ANN_direct_f2_s314,23,0.015048955550409297,0.014856213890016078,0.0009637083019660876,0.03495928784278905,0.03475278243422508,0.001032527042819843,0.0,0.2621734000276774
ANN_direct,2,314,ANN_direct_f2_s314,24,0.018322535135821334,0.018105613362664977,0.001084608865781764,0.03528731122349169,0.03514141961932182,0.0007294580208493613,0.0,0.2642421000637114
ANN_direct,2,314,ANN_direct_f2_s314,25,0.013817264883860318,0.013674912249876393,0.000711763169919608,0.045875321346387395,0.045756641775369644,0.0005933978550887514,0.0,0.2658583000302315
ANN_direct,2,314,ANN_direct_f2_s314,26,0.01177033911295029,0.011590996974458296,0.000896710692459956,0.03659614554484394,0.03648699074983597,0.000545773975039859,0.0,0.2748229999560863
ANN_direct,2,314,ANN_direct_f2_s314,27,0.009792601562642025,0.009503007359388803,0.0014479710162661151,0.04350157993043235,0.04337139055132866,0.0006509468955184523,0.0,0.2646075999364257
ANN_direct,2,314,ANN_direct_f2_s314,28,0.011930623458169653,0.011634041234436962,0.0014829111186634475,0.049353126852961796,0.04814469441771507,0.006042162176233621,0.0,0.2695500999689102
ANN_direct,2,314,ANN_direct_f2_s314,29,0.011676237985013955,0.011514352646190672,0.0008094266941163964,0.02756586122122326,0.027390535920858383,0.0008766265018243716,0.0,0.2677982000168413
ANN_direct,2,314,ANN_direct_f2_s314,30,0.011038925744571696,0.010933046301619873,0.0005293972147591122,0.046084326353915184,0.0459563285112381,0.0006399892133854443,0.0,0.2723580999299884
ANN_direct,2,314,ANN_direct_f2_s314,31,0.007800587627264994,0.007688735777305232,0.0005592592497988084,0.048612575564688884,0.04851176589727402,0.0005040483370743446,0.0,0.27845710003748536
ANN_direct,2,314,ANN_direct_f2_s314,32,0.00605227840192162,0.005914167837343282,0.0006905528228916853,0.04901037340339733,0.04895106703042984,0.00029653186483745913,0.0,0.2761554999742657
ANN_direct,2,314,ANN_direct_f2_s314,33,0.007981195887281196,0.007835268813909755,0.0007296353668572044,0.04388788197226038,0.04381741210818291,0.0003523493203873662,0.0,0.2747114999219775
ANN_direct,2,314,ANN_direct_f2_s314,34,0.007277454280856905,0.0071346447544379365,0.0007140476320948405,0.046191902100349715,0.0461132675409317,0.0003931727970900679,0.0,0.27735430002212524
ANN_direct,2,2718,ANN_direct_f2_s2718,1,2.7483585655534712,2.7034161825974783,0.22471191477996766,0.9856408414327502,0.9833520650863647,0.01144388173192756,0.0,0.2920878001023084
ANN_direct,2,2718,ANN_direct_f2_s2718,2,1.7484210253602754,1.7326386604044173,0.07891182477929039,0.8023352360142334,0.796701192855835,0.028170215791992376,0.0,0.2996462001465261
ANN_direct,2,2718,ANN_direct_f2_s2718,3,0.7472633892722655,0.7287731723652946,0.09245108453485482,0.24691035511066778,0.2421756237745285,0.023673656680696365,0.0,0.3069210001267493
ANN_direct,2,2718,ANN_direct_f2_s2718,4,0.9398362743606133,0.9283171355724334,0.05759569394089893,0.1389910495459737,0.13725964725017548,0.008657011478991089,0.0,0.29128300002776086
ANN_direct,2,2718,ANN_direct_f2_s2718,5,0.2483192663368762,0.2413614296250873,0.03478918355894446,0.12038678755942825,0.11880654841661453,0.007901195714068585,0.0,0.28759399987757206
ANN_direct,2,2718,ANN_direct_f2_s2718,6,0.264014198419636,0.25800097464687294,0.03006611886381555,0.14336351582749496,0.14200282096862793,0.006803474294335112,0.0,0.2852025998290628
ANN_direct,2,2718,ANN_direct_f2_s2718,7,0.26235118849544503,0.2553956118929717,0.034777883012366534,0.05211327197689398,0.04983392357826233,0.01139674199315824,0.0,0.27922690007835627
ANN_direct,2,2718,ANN_direct_f2_s2718,8,0.10996107256900449,0.10304469760093424,0.03458187484035121,0.058279325053680026,0.05724555253982544,0.005168862569272932,0.0,0.2723286999389529
ANN_direct,2,2718,ANN_direct_f2_s2718,9,0.13721058134176634,0.13222786204682457,0.024913596474708807,0.06087280841009912,0.060406606644392014,0.002331008828535543,0.0,0.27576100011356175
ANN_direct,2,2718,ANN_direct_f2_s2718,10,0.07345202905235326,0.06990310929508672,0.01774459878633271,0.06340063494828167,0.0626709908246994,0.0036482206179113416,0.0,0.27877740003168583
ANN_direct,2,2718,ANN_direct_f2_s2718,11,0.06748630025749228,0.06507528778165579,0.012055062379182342,0.03951849206762278,0.03936336934566498,0.0007756136097889939,0.0,0.2736000001896173
ANN_direct,2,2718,ANN_direct_f2_s2718,12,0.05169844942610162,0.050093929805896345,0.008022598101026396,0.04909602126217891,0.0489075593650341,0.0009423094857240313,0.0,0.2877936000004411
ANN_direct,2,2718,ANN_direct_f2_s2718,13,0.03632669623751636,0.03460998034311665,0.008583579471998516,0.05153890340503023,0.051207106560468674,0.0016589842228077803,0.0,0.28143719979561865
ANN_direct,2,2718,ANN_direct_f2_s2718,14,0.04688162002887949,0.045304364804178474,0.007886276123505075,0.04983066043624086,0.04958392679691315,0.0012336681966385735,0.0,0.27529710019007325
ANN_direct,2,2718,ANN_direct_f2_s2718,15,0.04076555596801963,0.03977801153022382,0.004937722188979028,0.03442879703770538,0.03415762633085251,0.0013558535342643543,0.0,0.2866793000139296
ANN_direct,2,2718,ANN_direct_f2_s2718,16,0.04056353863170913,0.03767504163810776,0.014442484968006836,0.05118102405228431,0.05032624676823616,0.004273886420240728,0.0,0.28325239988043904
ANN_direct,2,2718,ANN_direct_f2_s2718,17,0.02857232238586345,0.02766565222086178,0.004533350825008363,0.03526468190538929,0.03513415902853012,0.0006526143842958637,0.0,0.28838260006159544
ANN_direct,2,2718,ANN_direct_f2_s2718,18,0.02666469511162436,0.026243687152034706,0.0021050397979482517,0.05647280821629109,0.05628138780593872,0.0009571020517618412,0.0,0.2833136999979615
ANN_direct,2,2718,ANN_direct_f2_s2718,19,0.020488917159729187,0.02015074748131964,0.0016908483920477348,0.04460158472130238,0.04442388564348221,0.0008884953891008361,0.0,0.27879410004243255
ANN_direct,2,2718,ANN_direct_f2_s2718,20,0.021835809145774567,0.020807617276700007,0.005140959345372815,0.05541488525063347,0.05517681688070297,0.001190341849652487,0.0,0.2817116000223905
ANN_direct,2,2718,ANN_direct_f2_s2718,21,0.02213115281706002,0.021234530735657446,0.0044831104070128846,0.039319267840613834,0.039223238825798035,0.0004801450740789796,0.0,0.28579879994504154
ANN_direct,2,2718,ANN_direct_f2_s2718,22,0.018864349840197935,0.0186456851195544,0.0010933236032176668,0.046194940926922785,0.04597107693552971,0.0011193199569653678,0.0,0.28764430014416575
ANN_direct,2,2718,ANN_direct_f2_s2718,23,0.012659873757603453,0.01238721340842959,0.0013633017458693241,0.04072380880168497,0.04041845723986626,0.0015267578090935484,0.0,0.28381339996121824
ANN_direct,2,2718,ANN_direct_f2_s2718,24,0.013220446105071525,0.012963896725947659,0.0012827468956193334,0.05130052686832371,0.051095739006996155,0.0010239393066377906,0.0,0.28485299996100366
ANN_direct,2,2718,ANN_direct_f2_s2718,25,0.015292241239720273,0.015123675124616258,0.0008428305755200781,0.04204394777507881,0.04183226823806763,0.0010583976850559176,0.0,0.2756745999213308
ANN_direct,2,2718,ANN_direct_f2_s2718,26,0.01724103067301295,0.01707395563264274,0.0008353752018510391,0.049792392788236016,0.049497488886117935,0.0014745195105904,0.0,0.27657150011509657
ANN_direct,2,2718,ANN_direct_f2_s2718,27,0.014243439382211873,0.014061440972404348,0.0009099920490376385,0.03615758882300731,0.035901401191949844,0.0012809381552873508,0.0,0.2830933998338878
ANN_direct,2,2718,ANN_direct_f2_s2718,28,0.012682346407245413,0.012484351180804272,0.000989976132205693,0.0521518332254013,0.05184856429696083,0.0015163446422023533,0.0,0.27970540011301637
ANN_direct,2,2718,ANN_direct_f2_s2718,29,0.014421842128285539,0.01428428971881254,0.0006877620473650015,0.04727899602772416,0.046987924724817276,0.0014553565145344258,0.0,0.2712924999650568
ANN_direct,2,2718,ANN_direct_f2_s2718,30,0.010827017593736945,0.010691684148170882,0.0006766672278303112,0.04811932045920768,0.047877248376607895,0.0012103604129989239,0.0,0.2799758000764996
ANN_direct,3,42,ANN_direct_f3_s42,1,2.1617819261878375,2.109501710316787,0.26140107935525214,0.6825521724745681,0.6721792221069336,0.051864751838172865,0.0,0.3182713999412954
ANN_direct,3,42,ANN_direct_f3_s42,2,0.5261341492628112,0.508502263110131,0.08815943076340073,0.6265632895133014,0.6240816116333008,0.012408389400002984,0.0,0.3058510997798294
ANN_direct,3,42,ANN_direct_f3_s42,3,0.2332994556555871,0.21885701785019288,0.07221218902697105,0.39711114314050977,0.3950042128562927,0.010534651421085135,0.0,0.2975606999825686
ANN_direct,3,42,ANN_direct_f3_s42,4,0.15549732591228585,0.14901128077569106,0.03243022568297379,0.15906171964355204,0.15811076760292053,0.004754760203157462,0.0,0.290728900115937
ANN_direct,3,42,ANN_direct_f3_s42,5,0.1408461270828146,0.13810677000825913,0.013696785372777284,0.20305313227454444,0.20237934589385986,0.0033689319034228703,0.0,0.2888054000213742
ANN_direct,3,42,ANN_direct_f3_s42,6,0.0869078011934034,0.08061803596986768,0.03144882611767858,0.11796411400652872,0.1166691929101944,0.006474605481671582,0.0,0.2819132001604885
ANN_direct,3,42,ANN_direct_f3_s42,7,0.07729119559933893,0.07420017614883061,0.015455097252541607,0.17553305293840163,0.17201079428195953,0.017611293282210505,0.0,0.28775969985872507
ANN_direct,3,42,ANN_direct_f3_s42,8,0.05685415731542388,0.05504447107280915,0.009048431213073664,0.07628110036357111,0.0744795948266983,0.009007527684364055,0.0,0.2884754999540746
ANN_direct,3,42,ANN_direct_f3_s42,9,0.032048411138573124,0.03141656352090649,0.0031592380883331585,0.06479809253138626,0.06418754905462265,0.0030527173838180606,0.0,0.28496619989164174
ANN_direct,3,42,ANN_direct_f3_s42,10,0.024528949733666077,0.023950967413838953,0.0028899115991356263,0.07980987077128901,0.07939092069864273,0.0020947503632314074,0.0,0.27790629980154335
ANN_direct,3,42,ANN_direct_f3_s42,11,0.0255910430351681,0.025246979193373893,0.001720319208971018,0.09886424902497075,0.09852133691310883,0.0017145605593096014,0.0,0.28625080012716353
ANN_direct,3,42,ANN_direct_f3_s42,12,0.02156434280921506,0.021146200330501113,0.0020907123935697183,0.0565332407254193,0.056088097393512726,0.002225716659532874,0.0,0.28166359988972545
ANN_direct,3,42,ANN_direct_f3_s42,13,0.02763104657263823,0.027295411649295904,0.001678174616711634,0.11204179511475447,0.11161293089389801,0.002144321104282301,0.0,0.2827408001758158
ANN_direct,3,42,ANN_direct_f3_s42,14,0.02299105868970619,0.022535347001394257,0.0022785584415596573,0.07791984291475049,0.0776548907160759,0.001324760993372963,0.0,0.29174589994363487
ANN_direct,3,42,ANN_direct_f3_s42,15,0.020322823742604232,0.02005839391980165,0.0013221491140129077,0.0717586762915808,0.07145166397094727,0.0015350616031676277,0.0,0.28338200016878545
ANN_direct,3,42,ANN_direct_f3_s42,16,0.020513306551584256,0.02031264060254519,0.0010033297451953348,0.0862404542615841,0.08570351451635361,0.002684698726152462,0.0,0.28802200010977685
ANN_direct,3,42,ANN_direct_f3_s42,17,0.020912625586159122,0.020522220137839515,0.0019520272415980042,0.1042233910458061,0.10383854806423187,0.0019242149078711188,0.0,0.2878043001983315
ANN_direct,3,42,ANN_direct_f3_s42,18,0.014543818220757046,0.014297012142681828,0.0012340303903760903,0.11464732636471896,0.11452051997184753,0.0006340319643570912,0.0,0.2956899998243898
ANN_direct,3,42,ANN_direct_f3_s42,19,0.014604810510520603,0.014348155149491504,0.0012832768051454907,0.11602313952947674,0.11575941741466522,0.0013186105740575491,0.0,0.2930802998598665
ANN_direct,3,42,ANN_direct_f3_s42,20,0.014462422240434897,0.014233143194966639,0.0011463952273412894,0.0974500677885274,0.09727712720632553,0.0008647029110093558,0.0,0.2989929001778364
ANN_direct,3,42,ANN_direct_f3_s42,21,0.015129151366868219,0.014935309736756608,0.0009692081505580647,0.12528195382229296,0.1250501424074173,0.001159057074378245,0.0,0.2976440000347793
ANN_direct,3,42,ANN_direct_f3_s42,22,0.01353388405604125,0.013376958076454079,0.0007846298979358534,0.10195591087020175,0.10166271775960922,0.0014659655529626879,0.0,0.29185469984076917
ANN_direct,3,42,ANN_direct_f3_s42,23,0.01614947960443239,0.016014767747644026,0.0006735592839418298,0.12768307874976328,0.12748630344867706,0.0009838765054311623,0.0,0.2960697999224067
ANN_direct,3,42,ANN_direct_f3_s42,24,0.022609926172989774,0.022462592600883607,0.00073666786053084,0.13405008256436526,0.13369831442832947,0.0017588406801790433,0.0,0.29661169997416437
ANN_direct,3,42,ANN_direct_f3_s42,25,0.014140967047290114,0.013918642354838084,0.0011116234622601411,0.10404931397405073,0.10360174626111984,0.0022378385646544775,0.0,0.2962120999582112
ANN_direct,3,42,ANN_direct_f3_s42,26,0.008906340993277867,0.00875952880596742,0.0007340609365522373,0.11108079221340002,0.11069071292877197,0.0019503964231402352,0.0,0.2940805999096483
ANN_direct,3,42,ANN_direct_f3_s42,27,0.010924863648053132,0.010797378561013224,0.0006374254351995455,0.15937414359331997,0.15841975808143616,0.004771927559419025,0.0,0.29548260010778904
ANN_direct,3,42,ANN_direct_f3_s42,28,0.02101512169422697,0.019558187860335845,0.007284669169455614,0.20542329998094208,0.2053118348121643,0.0005573258438888951,0.0,0.3032436999492347
ANN_direct,3,42,ANN_direct_f3_s42,29,0.08563330088848066,0.034033411192164444,0.2579994484815811,0.32157281421943706,0.14799009263515472,0.8679136079214117,0.0,0.3078602999448776
ANN_direct,3,42,ANN_direct_f3_s42,30,0.034742716228480616,0.025152192819708336,0.04795261704386139,0.34344764721985865,0.16970106959342957,0.8687328881321454,0.0,0.2906653000973165
ANN_direct,3,314,ANN_direct_f3_s314,1,2.4352383616213427,2.3787836991250515,0.2822733124814565,2.943740403213427,2.910486936569214,0.16626733322106513,0.0,0.2957667999435216
ANN_direct,3,314,ANN_direct_f3_s314,2,1.0398090117014176,1.0168585925518225,0.11475209574797517,0.9746845166225859,0.9701830148696899,0.02250750876448003,0.0,0.29481799993664026
ANN_direct,3,314,ANN_direct_f3_s314,3,0.5346329822672791,0.5113111954803268,0.11660893393476128,0.33065794677138505,0.32936516404151917,0.006463913649329284,0.0,0.3009598997887224
ANN_direct,3,314,ANN_direct_f3_s314,4,0.2692650901206995,0.25844094348334085,0.05412073318679314,0.5610895571088893,0.5579759478569031,0.015568046259931174,0.0,0.3023026001174003
ANN_direct,3,314,ANN_direct_f3_s314,5,0.23491003480505548,0.2201893796057751,0.07360327599640203,0.20101865348926856,0.1977078914642334,0.016553810125175865,0.0,0.2990898001007736
ANN_direct,3,314,ANN_direct_f3_s314,6,0.14027671942396974,0.13234848216719305,0.03964118628388346,0.15928981361794656,0.15713465213775635,0.010775807400951036,0.0,0.2973742999602109
ANN_direct,3,314,ANN_direct_f3_s314,7,0.09879539695110447,0.09548862799420021,0.016533844784521287,0.2815074660912772,0.27971339225769043,0.008970369167933907,0.0,0.30094079999253154
ANN_direct,3,314,ANN_direct_f3_s314,8,0.08397277632451246,0.07766503935757403,0.031538684834692104,0.16316161948477026,0.1616189330816269,0.007713432015716853,0.0,0.29907969990745187
ANN_direct,3,314,ANN_direct_f3_s314,9,0.06491648242783281,0.05169310811713027,0.06611687155351266,0.1868518643603404,0.1844068318605423,0.012225162498990538,0.0,0.2906110000330955
ANN_direct,3,314,ANN_direct_f3_s314,10,0.06709720034033688,0.06531386537244543,0.00891667483945722,0.12820847468534488,0.12681595981121063,0.006962574370671289,0.0,0.2967107999138534
ANN_direct,3,314,ANN_direct_f3_s314,11,0.03987246236224793,0.03853672144274848,0.006678704597497249,0.12835630886216276,0.12591823935508728,0.012190347535377379,0.0,0.2968091999646276
ANN_direct,3,314,ANN_direct_f3_s314,12,0.029759093517652647,0.028120318485889584,0.008193875158815334,0.10676367270665815,0.10498758405447006,0.008880443260940464,0.0,0.291763799963519
ANN_direct,3,314,ANN_direct_f3_s314,13,0.026073077939079908,0.02542366004975823,0.003247089446608379,0.1556140791421323,0.15385162830352783,0.008812254193022348,0.0,0.2954788999632001
ANN_direct,3,314,ANN_direct_f3_s314,14,0.02290693354334314,0.022368070194109652,0.0026943167461674065,0.11015673640024104,0.10908397287130356,0.005363817644687378,0.0,0.2905649999156594
ANN_direct,3,314,ANN_direct_f3_s314,15,0.023814737717558997,0.023192799199023284,0.0031096925926785523,0.1223103683085089,0.12134622782468796,0.004820702419104709,0.0,0.2937376999761909
ANN_direct,3,314,ANN_direct_f3_s314,16,0.02019211515193182,0.019605836632157054,0.0029313925988738282,0.12407368140921911,0.12317639589309692,0.004486427580610901,0.0,0.2917544001247734
ANN_direct,3,314,ANN_direct_f3_s314,17,0.01932346219368614,0.018838205995659035,0.0024262809901355324,0.16795114711448866,0.16706955432891846,0.004407963927851055,0.0,0.2956392001360655
ANN_direct,3,314,ANN_direct_f3_s314,18,0.019042601944547956,0.018562303307893064,0.002401493183274457,0.13267680634291054,0.13190002739429474,0.0038838947430789765,0.0,0.29824110004119575
ANN_direct,3,314,ANN_direct_f3_s314,19,0.016508117070758287,0.015973195443317916,0.0026746081372018685,0.1408039891965557,0.14026795327663422,0.002680179599607414,0.0,0.2965438000392169
ANN_direct,3,314,ANN_direct_f3_s314,20,0.014873088491404096,0.014520329437800683,0.0017637952680170498,0.10837097321930587,0.10806024074554443,0.0015536623688071776,0.0,0.29032190004363656
ANN_direct,3,314,ANN_direct_f3_s314,21,0.014751635376801067,0.014421409156057052,0.0016511311037200745,0.16383200588750627,0.16357655823230743,0.0012772382759942249,0.0,0.2908375000115484
ANN_direct,3,314,ANN_direct_f3_s314,22,0.011487138709344577,0.011124436893927244,0.0018135090770866717,0.12832173542323844,0.1280236840248108,0.0014902569921382055,0.0,0.2928241000045091
ANN_direct,3,314,ANN_direct_f3_s314,23,0.017069830591660274,0.016581852491375077,0.002439890501425969,0.16311299790686645,0.16285334527492523,0.0012982631597061593,0.0,0.29247780004516244
ANN_direct,3,314,ANN_direct_f3_s314,24,0.017731807020602577,0.017355034414019126,0.0018838630329172596,0.20616837853201456,0.20579959452152252,0.0018439200524601913,0.0,0.2923618999775499
ANN_direct,3,314,ANN_direct_f3_s314,25,0.01612479557948502,0.015672182339282397,0.0022630662010131265,0.18371776489886282,0.18318508565425873,0.0026633962230205132,0.0,0.29251160006970167
ANN_direct,3,314,ANN_direct_f3_s314,26,0.01681293252746896,0.016372029262129217,0.002204516326698707,0.20035389376905158,0.19999843835830688,0.0017772770537234008,0.0,0.3003985001705587
ANN_direct,3,314,ANN_direct_f3_s314,27,0.01160624374585533,0.01118826205007887,0.002089908478882283,0.18273198276614555,0.18253064155578613,0.0010067060517970695,0.0,0.2964058998040855
ANN_direct,3,314,ANN_direct_f3_s314,28,0.012487333486231022,0.012066864631682014,0.002102344272745048,0.24168103576532862,0.24154236912727356,0.0006933331902753168,0.0,0.28912150021642447
ANN_direct,3,314,ANN_direct_f3_s314,29,0.012623440679420261,0.01231327285252822,0.0015508391344602086,0.2315333644834764,0.2313772588968277,0.0007805279332435146,0.0,0.29016399988904595
ANN_direct,3,314,ANN_direct_f3_s314,30,0.009137653362927378,0.008928687260777224,0.0010448305107507742,0.25893036523882434,0.25880667567253113,0.0006184478314659804,0.0,0.28877490013837814
ANN_direct,3,2718,ANN_direct_f3_s2718,1,4.149677644474245,4.103985547088087,0.22846048693079046,2.4861743139098116,2.476994752883911,0.04589780512950273,0.0,0.30428140005096793
ANN_direct,3,2718,ANN_direct_f3_s2718,2,0.9799546970723152,0.9505911131078998,0.146817919822077,1.1598171954040792,1.1519007682800293,0.03958213562024954,0.0,0.30297219986096025
ANN_direct,3,2718,ANN_direct_f3_s2718,3,0.4996346697715202,0.48159723449498415,0.0901871763826802,0.4520092841125444,0.45022884011268616,0.008902219999291052,0.0,0.2999634000007063
ANN_direct,3,2718,ANN_direct_f3_s2718,4,0.27241463353026935,0.2551736050906281,0.08620514219820641,0.2446091889908801,0.24334202706813812,0.006335809613709896,0.0,0.30293109989725053
ANN_direct,3,2718,ANN_direct_f3_s2718,5,0.1366692970875754,0.12850048198985556,0.040844075488599016,0.30319133964331113,0.3011905550956726,0.010003922738192674,0.0,0.29530599992722273
ANN_direct,3,2718,ANN_direct_f3_s2718,6,0.11114342248946844,0.10575070581398904,0.026963583377397016,0.21858355241432179,0.212802916765213,0.02890317824554386,0.0,0.2980299999471754
ANN_direct,3,2718,ANN_direct_f3_s2718,7,0.10469539370778681,0.10177759739356891,0.014588981571089498,0.17260714861137688,0.1709684133529663,0.008193676292052816,0.0,0.2945361998863518
ANN_direct,3,2718,ANN_direct_f3_s2718,8,0.07293698243969043,0.07088872097665444,0.010241307315180019,0.24762204988948186,0.2462204098701477,0.007008200096670814,0.0,0.3017255000304431
ANN_direct,3,2718,ANN_direct_f3_s2718,9,0.0665186935098888,0.064358352033499,0.01080170738194896,0.17720824620943507,0.17622114717960358,0.004935495149157474,0.0,0.2964965000282973
ANN_direct,3,2718,ANN_direct_f3_s2718,10,0.05412484292082181,0.05011952186274963,0.02002660529036087,0.3274935453191585,0.3254278302192688,0.010328575499448432,0.0,0.3002394000068307
ANN_direct,3,2718,ANN_direct_f3_s2718,11,0.058362833830415045,0.050126865603184946,0.04117984113615048,0.2980518792993014,0.29728302359580994,0.003844278517457281,0.0,0.3003542998339981
ANN_direct,3,2718,ANN_direct_f3_s2718,12,0.0420347340314132,0.03999163743962223,0.010215482958954858,0.278672693288149,0.27768412232398987,0.004942854820795603,0.0,0.29534419998526573
ANN_direct,3,2718,ANN_direct_f3_s2718,13,0.04263377767117937,0.04143289229250513,0.006004426893371168,0.2559870441874473,0.2550370395183563,0.004750023345454652,0.0,0.2976472000591457
ANN_direct,3,2718,ANN_direct_f3_s2718,14,0.04409146231497071,0.041434692296509944,0.013283850092303802,0.24011898343498453,0.23926229774951935,0.004283428427325845,0.0,0.2992195999249816
ANN_direct,3,2718,ANN_direct_f3_s2718,15,0.03931511384688809,0.03816825389124764,0.0057342997782022995,0.27417263390370444,0.27330273389816284,0.004349500027708127,0.0,0.3258873999584466
ANN_direct,3,2718,ANN_direct_f3_s2718,16,0.040454635465218165,0.039895969530334696,0.0027933296744173607,0.2510538966039359,0.2506340742111206,0.0020991119640764414,0.0,0.2959680000785738
ANN_direct,3,2718,ANN_direct_f3_s2718,17,0.026507149015528347,0.025954473171926413,0.0027633792180096575,0.19969033921103352,0.19888707995414734,0.004016296284430922,0.0,0.29868799983523786
ANN_direct,3,2718,ANN_direct_f3_s2718,18,0.025272048535186786,0.02492891205959798,0.001715682377943997,0.20994942319540522,0.20951594412326813,0.002167395360685435,0.0,0.2975860000588
ANN_direct,3,2718,ANN_direct_f3_s2718,19,0.025243732990774415,0.024932818749221042,0.001554571207766887,0.23829559819479815,0.23772484064102173,0.002853787768882122,0.0,0.296184099977836
ANN_direct,3,2718,ANN_direct_f3_s2718,20,0.021267842559326473,0.020911056373734027,0.001783930927962229,0.2453360455034947,0.24451395869255066,0.004110434054720231,0.0,0.2965442999266088
ANN_direct,3,2718,ANN_direct_f3_s2718,21,0.021410000559466957,0.021053932165765826,0.0017803419685056595,0.2799373720096172,0.2792143225669861,0.003615247213155637,0.0,0.3011035998351872
ANN_direct,3,2718,ANN_direct_f3_s2718,22,0.024503939400010236,0.024015111062908545,0.0024441416855084446,0.31355678828227723,0.3123311698436737,0.006128092193017623,0.0,0.30412209988571703
ANN_direct,3,2718,ANN_direct_f3_s2718,23,0.020699174184452693,0.02034915711071032,0.0017500853687118939,0.22236299096306253,0.22170673310756683,0.003281289277478414,0.0,0.30402919999323785
ANN_direct,3,2718,ANN_direct_f3_s2718,24,0.02264213303848595,0.022422365912158664,0.0010988356316364322,0.26437738889543544,0.26343676447868347,0.004703122083759838,0.0,0.2908956001047045
ANN_direct,3,2718,ANN_direct_f3_s2718,25,0.024084424932364734,0.02381217539368663,0.001361247693390507,0.294542006587898,0.2940889000892639,0.0022655324931703503,0.0,0.2864424998406321
ANN_direct,3,2718,ANN_direct_f3_s2718,26,0.023617899534219278,0.02340139587370989,0.0010825183025469263,0.28035193872332254,0.27968278527259827,0.00334576725362124,0.0,0.2862936998717487
ANN_direct,3,2718,ANN_direct_f3_s2718,27,0.027773705674493113,0.027544193416057777,0.0011475612921766876,0.27685071255285626,0.27630963921546936,0.0027053666869344055,0.0,0.2909162000287324
ANN_direct,3,2718,ANN_direct_f3_s2718,28,0.022447029384193448,0.022127630431593086,0.0015969947630018197,0.24194630892352464,0.24133150279521942,0.003074030641526055,0.0,0.29566460009664297
ANN_direct,3,2718,ANN_direct_f3_s2718,29,0.02023397753150166,0.0199474441469647,0.0014326669226848079,0.2603775747897797,0.2598665654659271,0.002555046619262848,0.0,0.2947467998601496
ANN_direct,3,2718,ANN_direct_f3_s2718,30,0.012504733576490276,0.012298494378531663,0.0010311959897930701,0.25366338866174215,0.2531324028968811,0.002654928824305128,0.0,0.28953660000115633
ANN_direct,4,42,ANN_direct_f4_s42,1,1.4633134420111107,1.4166016252711415,0.23355908369984602,0.6605345513599897,0.6422854661941528,0.09124542582918431,0.0,0.313146699918434
ANN_direct,4,42,ANN_direct_f4_s42,2,0.4006511224036616,0.3831503025139682,0.08750409944846697,0.2492487450130073,0.23544055223464966,0.06904096389178829,0.0,0.304515500087291
ANN_direct,4,42,ANN_direct_f4_s42,3,0.42613783691999885,0.4134748646562609,0.06331486131869,0.09703688231424182,0.09055021405220032,0.032433341310207475,0.0,0.3024885000195354
ANN_direct,4,42,ANN_direct_f4_s42,4,0.18765587118020133,0.1815364392241463,0.030597159780275135,0.35091257525851777,0.3479748070240021,0.01468884117257834,0.0,0.30697669996879995
ANN_direct,4,42,ANN_direct_f4_s42,5,0.1544341912036833,0.14714464768379307,0.03644771759945122,0.08307450491071319,0.07333420217037201,0.04870151370170595,0.0,0.30060519999824464
ANN_direct,4,42,ANN_direct_f4_s42,6,0.07320562870835212,0.06584096972558957,0.03682329491381272,0.07138013481680237,0.05901700258255005,0.06181566117126162,0.0,0.29690829990431666
ANN_direct,4,42,ANN_direct_f4_s42,7,0.047048514890610627,0.043587572601002954,0.01730471144803841,0.09745318925846147,0.09448894113302231,0.014821240627195805,0.0,0.29590909997932613
ANN_direct,4,42,ANN_direct_f4_s42,8,0.04039395530621288,0.03900330656324513,0.0069532437148387485,0.06132274648671816,0.05961493030190468,0.008539080924067428,0.0,0.2959358000662178
ANN_direct,4,42,ANN_direct_f4_s42,9,0.0338928411239734,0.033000694995280355,0.004460730643465197,0.10779076606565842,0.10608167201280594,0.008545470264262433,0.0,0.2985912000294775
ANN_direct,4,42,ANN_direct_f4_s42,10,0.02874609518990137,0.027821002098183573,0.004625465458588994,0.10415656623802927,0.10263756662607193,0.00759499805978668,0.0,0.3003255999647081
ANN_direct,4,42,ANN_direct_f4_s42,11,0.018260351342034215,0.018039914949137408,0.0011021819644840393,0.0965842897248047,0.09437153488397598,0.011063774204143591,0.0,0.2988435998558998
ANN_direct,4,42,ANN_direct_f4_s42,12,0.014792398849604095,0.014593823900213465,0.0009928747469531531,0.09847953544301169,0.09612655639648438,0.01176489523263654,0.0,0.2994039999321103
ANN_direct,4,42,ANN_direct_f4_s42,13,0.010880809344097382,0.010706856725543426,0.0008697630927697741,0.09536933691965818,0.09333094954490662,0.010191936873757815,0.0,0.29930590000003576
ANN_direct,4,42,ANN_direct_f4_s42,14,0.010969752451115455,0.010841488401638344,0.0006413202473855618,0.08788159978992352,0.0867147445678711,0.005834276110262159,0.0,0.2980915999505669
ANN_direct,4,42,ANN_direct_f4_s42,15,0.012537427972711129,0.012404039793182164,0.0006669408976448199,0.08941576297989197,0.08781951665878296,0.007981231605545057,0.0,0.2931109999772161
ANN_direct,4,42,ANN_direct_f4_s42,16,0.013909946701241072,0.01377684809024989,0.0006654930549559094,0.12236033076748973,0.12145344913005829,0.004534408187157226,0.0,0.29760730010457337
ANN_direct,4,42,ANN_direct_f4_s42,17,0.015874941567757612,0.0157307246287625,0.0007210846949755749,0.10314230813990168,0.10167975723743439,0.007312754512336453,0.0,0.2971306999679655
ANN_direct,4,42,ANN_direct_f4_s42,18,0.018050315723148472,0.017930207070700515,0.0006005432622397943,0.11804750435136584,0.11748695373535156,0.0028027530800713765,0.0,0.2996972999535501
ANN_direct,4,42,ANN_direct_f4_s42,19,0.02019267735249918,0.020072493905900046,0.0006009172329956572,0.10411581250245147,0.10293316841125488,0.005913220455982962,0.0,0.30115139996632934
ANN_direct,4,42,ANN_direct_f4_s42,20,0.014594200289755305,0.01444946300277176,0.0007236864349177251,0.1024972281242118,0.1013457253575325,0.005757513833396488,0.0,0.30607940000481904
ANN_direct,4,42,ANN_direct_f4_s42,21,0.011689016892388373,0.011527142894919962,0.0008093699873420603,0.09951145404761003,0.09899163991212845,0.0025990706774078735,0.0,0.2983085000887513
ANN_direct,4,42,ANN_direct_f4_s42,22,0.009572733279378498,0.009460582753187433,0.000560752630955319,0.10782530988772232,0.1073058471083641,0.0025973138967910823,0.0,0.29180429992266
ANN_direct,4,42,ANN_direct_f4_s42,23,0.00942533350225259,0.009337406978981258,0.0004396326163566564,0.09542789341801079,0.09462276101112366,0.004025662034435701,0.0,0.28764620004221797
ANN_direct,4,42,ANN_direct_f4_s42,24,0.009282668402124597,0.009168820159781413,0.0005692412117159162,0.09324296355712051,0.09208203107118607,0.005804662429672225,0.0,0.29154519992880523
ANN_direct,4,42,ANN_direct_f4_s42,25,0.01192357201405008,0.011849752971708464,0.0003690952117080793,0.08750562120133074,0.08705418556928635,0.002257178160221912,0.0,0.28828320000320673
ANN_direct,4,42,ANN_direct_f4_s42,26,0.011177700451137832,0.01099898365403836,0.0008935839854973563,0.10518194765540127,0.10440302640199661,0.0038946062670232686,0.0,0.2844046000391245
ANN_direct,4,42,ANN_direct_f4_s42,27,0.0154884017381375,0.015356809996622664,0.0006579587075741834,0.0848453081905543,0.08345840126276016,0.006934534638970669,0.0,0.2907680000644177
ANN_direct,4,42,ANN_direct_f4_s42,28,0.014397719215933288,0.014130532026077466,0.0013359359492791194,0.0917183660454375,0.09109730273485184,0.0031053165529282647,0.0,0.29812809987924993
ANN_direct,4,42,ANN_direct_f4_s42,29,0.014219594218422319,0.014010486653811919,0.0010455378230520016,0.09167264661530924,0.09002406895160675,0.008242888318512444,0.0,0.29784270003437996
ANN_direct,4,42,ANN_direct_f4_s42,30,0.011044185820002094,0.010958906311619407,0.0004263975419134389,0.1092256497391554,0.10864685475826263,0.0028939749044638004,0.0,0.2963605001568794
ANN_direct,4,314,ANN_direct_f4_s314,1,3.285586787229964,3.238552978883187,0.2351690417338863,1.79437591792367,1.7602630853652954,0.17056416279187292,0.0,0.3058841999154538
ANN_direct,4,314,ANN_direct_f4_s314,2,1.6396043447936586,1.6090163957948487,0.1529397449940498,1.4549213998581478,1.4510724544525146,0.019244727028165612,0.0,0.31322379992343485
ANN_direct,4,314,ANN_direct_f4_s314,3,0.6892410420962514,0.667417059574897,0.1091199126067716,0.27317577068813126,0.24950098991394043,0.118373903870954,0.0,0.3073810001369566
ANN_direct,4,314,ANN_direct_f4_s314,4,0.23470953589361354,0.23002875549718738,0.02340390198213081,0.11193589660865401,0.11133448034524918,0.0030070813170241417,0.0,0.30775219993665814
ANN_direct,4,314,ANN_direct_f4_s314,5,0.09823033985194689,0.09590257360832766,0.01163883121809609,0.11331711945847676,0.1091967299580574,0.0206019475020968,0.0,0.2983578001148999
ANN_direct,4,314,ANN_direct_f4_s314,6,0.09877753765900273,0.09586439132302378,0.014565731679894717,0.1194453471345948,0.11512549221515656,0.0215992745971912,0.0,0.2997200000099838
ANN_direct,4,314,ANN_direct_f4_s314,7,0.05403760746993014,0.05267544804761807,0.006810797111560331,0.08107894879674787,0.08000654727220535,0.005362007622712578,0.0,0.30274650012142956
ANN_direct,4,314,ANN_direct_f4_s314,8,0.05153230581307979,0.04173090017866343,0.04900702817208178,0.07701505744713608,0.07676523923873901,0.0012490910419853433,0.0,0.2967320999596268
ANN_direct,4,314,ANN_direct_f4_s314,9,0.02721954437509296,0.02674728212878108,0.0023613112315593967,0.07218640824466416,0.07189272344112396,0.0014684240177009705,0.0,0.2990011000074446
ANN_direct,4,314,ANN_direct_f4_s314,10,0.029781834340662523,0.029371022610575892,0.00205405865043317,0.09218892516692496,0.09206627309322357,0.0006132603685069644,0.0,0.29539730004034936
ANN_direct,4,314,ANN_direct_f4_s314,11,0.025570839402636592,0.0253257542741873,0.001225425642246462,0.1035180211554378,0.10333478450775146,0.0009161832384316817,0.0,0.30208509997464716
ANN_direct,4,314,ANN_direct_f4_s314,12,0.03178771081245515,0.03166699884847427,0.0006035598199043924,0.06637500393116819,0.06617201119661331,0.0010149636727743545,0.0,0.29795040003955364
ANN_direct,4,314,ANN_direct_f4_s314,13,0.026726998626295045,0.026587249643246953,0.0006987449152404615,0.08137232886596178,0.08122781664133072,0.000722561123155316,0.0,0.29838010016828775
ANN_direct,4,314,ANN_direct_f4_s314,14,0.017705486942129967,0.017533096547898214,0.0008619519711587726,0.06127542240820447,0.06108376011252403,0.0009583114784022026,0.0,0.30486929998733103
ANN_direct,4,314,ANN_direct_f4_s314,15,0.016582001291325324,0.016488225543677498,0.0004688787382391467,0.06889456673645511,0.06847121566534042,0.002116755355573429,0.0,0.29470950015820563
ANN_direct,4,314,ANN_direct_f4_s314,16,0.025150741748965897,0.024952936451882124,0.0009890264854188644,0.05704027938212544,0.05680356174707413,0.0011835881752565848,0.0,0.31154939997941256
ANN_direct,4,314,ANN_direct_f4_s314,17,0.016686385298962398,0.01656708394633218,0.0005965067631510857,0.06598073677593307,0.06586229801177979,0.0005921938207664141,0.0,0.2997592999599874
ANN_direct,4,314,ANN_direct_f4_s314,18,0.014526349303868211,0.014428953356400598,0.0004869797373380765,0.06985940174203242,0.06909394264221191,0.0038272954991025424,0.0,0.2940716000739485
ANN_direct,4,314,ANN_direct_f4_s314,19,0.01153737810979052,0.01146759275191774,0.00034892678936389293,0.07163823596402975,0.07149704545736313,0.0007059525333331108,0.0,0.2883752000052482
ANN_direct,4,314,ANN_direct_f4_s314,20,0.00991735797660903,0.00984940409155873,0.0003397694252514965,0.06500142760413963,0.06488708406686783,0.0005717176863589756,0.0,0.2829910998698324
ANN_direct,4,314,ANN_direct_f4_s314,21,0.010568999872787319,0.010504497440706473,0.0003225121604042397,0.06409418058764099,0.06377259641885757,0.0016079208439171008,0.0,0.28360569989308715
ANN_direct,4,314,ANN_direct_f4_s314,22,0.00987565916644782,0.00981838508596411,0.00028637040241854536,0.07380110840482157,0.07364222407341003,0.0007944216570576519,0.0,0.2820331999100745
ANN_direct,4,314,ANN_direct_f4_s314,23,0.008941390801824592,0.008878930134718152,0.0003123033355322052,0.0738671989212503,0.07374081015586853,0.0006319438269087834,0.0,0.28133580018766224
ANN_direct,4,314,ANN_direct_f4_s314,24,0.008321486630891927,0.008268706612094926,0.0002639000939850017,0.06894760561874116,0.06878542900085449,0.0008108830894333545,0.0,0.2799341999925673
ANN_direct,4,314,ANN_direct_f4_s314,25,0.00791660622534288,0.007864163834407615,0.0002622119546763223,0.07668979504345853,0.0764554813504219,0.00117156846518313,0.0,0.28072540019638836
ANN_direct,4,314,ANN_direct_f4_s314,26,0.009436899004120624,0.009335001205424001,0.0005094889934831099,0.0805086925008301,0.08012818545103073,0.001902535248996898,0.0,0.2791131001431495
ANN_direct,4,314,ANN_direct_f4_s314,27,0.009317431434069434,0.00926597185753053,0.00025729788269452037,0.0719750564321839,0.07166554778814316,0.001547543220203667,0.0,0.28740489995107055
ANN_direct,4,314,ANN_direct_f4_s314,28,0.01802521120585775,0.017894243782696623,0.0006548371158056269,0.09245927944517517,0.092212975025177,0.0012315220999908026,0.0,0.28347430005669594
ANN_direct,4,314,ANN_direct_f4_s314,29,0.015856796421947098,0.015790627568397515,0.00033084426774791586,0.07220165935961168,0.07213979214429855,0.00030933607656561133,0.0,0.28255859995260835
ANN_direct,4,314,ANN_direct_f4_s314,30,0.013203025826814879,0.013116841151107414,0.0004309233785373256,0.08432896466929057,0.08420790731906891,0.000605286751108342,0.0,0.28583770012483
ANN_direct,4,314,ANN_direct_f4_s314,31,0.01177463437759591,0.011702649872556018,0.0003599225251994552,0.09137742540940601,0.09133946895599365,0.00018978226706175823,0.0,0.29303950001485646
ANN_direct,4,2718,ANN_direct_f4_s2718,1,4.803594154583969,4.753067199761669,0.25263477411150026,1.8246191564034893,1.8170139789581299,0.038025887226796756,0.0,0.31160209979861975
ANN_direct,4,2718,ANN_direct_f4_s2718,2,2.1941204565308725,2.1574002283935747,0.18360114068649155,1.6254524241056512,1.5698847770690918,0.27783823518279643,0.0,0.30964750004932284
ANN_direct,4,2718,ANN_direct_f4_s2718,3,0.6356209306186877,0.6232427375313515,0.061890965436680795,0.3304657054486306,0.3251189589500427,0.026733732492939345,0.0,0.30914560006931424
ANN_direct,4,2718,ANN_direct_f4_s2718,4,0.3801291800974022,0.3715167456539348,0.043062172217336936,0.7179803728309074,0.7078738212585449,0.050532757861812376,0.0,0.30856489995494485
ANN_direct,4,2718,ANN_direct_f4_s2718,5,0.23519746653129803,0.22987721045865328,0.026601280363223734,0.23244465515899662,0.22984333336353302,0.013006608977318057,0.0,0.29930790001526475
ANN_direct,4,2718,ANN_direct_f4_s2718,6,0.15257148980920357,0.15044431107041115,0.010635893693962123,0.1490822007288944,0.14827407896518707,0.004040608818536519,0.0,0.29315900010988116
ANN_direct,4,2718,ANN_direct_f4_s2718,7,0.0905969334478765,0.08875954058021307,0.009186964338317175,0.20368989765904533,0.20142537355422974,0.011322620524077913,0.0,0.2949530000332743
ANN_direct,4,2718,ANN_direct_f4_s2718,8,0.0859379526099436,0.06573814059568879,0.10099906007127402,0.17846284373923027,0.17648664116859436,0.009881012853179555,0.0,0.293081299867481
ANN_direct,4,2718,ANN_direct_f4_s2718,9,0.050556986342381094,0.04935640663218995,0.006002898550955722,0.15389058871012287,0.15355592966079712,0.0016732952466287905,0.0,0.2976824000943452
ANN_direct,4,2718,ANN_direct_f4_s2718,10,0.06505070050081062,0.053905215027043596,0.05572742736883512,0.09605528680944579,0.08953036367893219,0.03262461565256798,0.0,0.2971944999881089
ANN_direct,4,2718,ANN_direct_f4_s2718,11,0.04206099053817781,0.04170334765998026,0.0017882143909877747,0.08075433162783067,0.07913681119680405,0.008087602155133135,0.0,0.30047759995795786
ANN_direct,4,2718,ANN_direct_f4_s2718,12,0.03177540881937219,0.03137191883676375,0.002017449913042238,0.10718658799292087,0.10670168697834015,0.00242450507290361,0.0,0.29741419991478324
ANN_direct,4,2718,ANN_direct_f4_s2718,13,0.029340469138639306,0.028914675494888797,0.002128968218752569,0.08600780159911053,0.0844583511352539,0.007747252319283167,0.0,0.30472130002453923
ANN_direct,4,2718,ANN_direct_f4_s2718,14,0.028480195804506354,0.028123730303680834,0.0017823275041276034,0.0893022991351313,0.08785330504179001,0.007244970466706424,0.0,0.29859540006145835
ANN_direct,4,2718,ANN_direct_f4_s2718,15,0.019564707555096792,0.01933403549871097,0.0011533602819291174,0.08825805739421859,0.08698808401823044,0.006349866879940768,0.0,0.28515840019099414
ANN_direct,4,2718,ANN_direct_f4_s2718,16,0.01917560161654337,0.0188370677108954,0.0016926695282398283,0.11871832650948487,0.11712942272424698,0.00794451892618944,0.0,0.2837692000903189
ANN_direct,4,2718,ANN_direct_f4_s2718,17,0.02387288733739426,0.02351597561694992,0.001784558602221711,0.08592778841153902,0.08409677445888519,0.009155069763269135,0.0,0.2843758000526577
ANN_direct,4,2718,ANN_direct_f4_s2718,18,0.022061332520716407,0.021864661882621778,0.0009833531904731505,0.08136558545434194,0.07885779440402985,0.012538955251560473,0.0,0.28173890011385083
ANN_direct,4,2718,ANN_direct_f4_s2718,19,0.022595378565513895,0.022442682311520912,0.0007634812699649201,0.08269795975651655,0.08119629323482513,0.007508332608457065,0.0,0.28500090003944933
ANN_direct,4,2718,ANN_direct_f4_s2718,20,0.016362293926464513,0.01621486334382401,0.0007371529132025007,0.08266022831337863,0.08085381984710693,0.0090320423313585,0.0,0.28268099995329976
ANN_direct,4,2718,ANN_direct_f4_s2718,21,0.032171835304499574,0.031996361734248545,0.0008773678512551494,0.09968986905409026,0.0978454202413559,0.009222244063671808,0.0,0.2822900000028312
ANN_direct,4,2718,ANN_direct_f4_s2718,22,0.015296973627293972,0.015055482957298713,0.001207453349976298,0.0763470722066912,0.07547232508659363,0.004373735600487818,0.0,0.2856092001311481
ANN_direct,4,2718,ANN_direct_f4_s2718,23,0.0105156159000182,0.01034378700326973,0.0008591444837423444,0.09713424855586,0.0964384377002716,0.00347905427794195,0.0,0.29034040006808937
ANN_direct,4,2718,ANN_direct_f4_s2718,24,0.010314693312157204,0.01011204912113802,0.0010132209550959307,0.08529588527796873,0.0839543268084526,0.006707792347580635,0.0,0.29018060001544654
ANN_direct,4,2718,ANN_direct_f4_s2718,25,0.008268397236041643,0.008102444427398344,0.0008297640432164958,0.08965776152103523,0.08904436230659485,0.0030669960722018797,0.0,0.2855521000456065
ANN_direct,4,2718,ANN_direct_f4_s2718,26,0.010842675595658413,0.010674318347203856,0.0008417862422727823,0.07287922065979342,0.07179543375968933,0.005418934500520436,0.0,0.2908393000252545
ANN_direct,4,2718,ANN_direct_f4_s2718,27,0.012399504934355788,0.012288713701612627,0.0005539561637158019,0.10058591040996777,0.09940477460622787,0.005905679018699467,0.0,0.30309699987992644
ANN_direct,4,2718,ANN_direct_f4_s2718,28,0.011118481317213776,0.010907555930316448,0.001054626934486637,0.08616985465263194,0.08533325046300888,0.00418302094811527,0.0,0.30895909992977977
ANN_direct,4,2718,ANN_direct_f4_s2718,29,0.009043817838681288,0.008876577727884674,0.0008362005539830621,0.10957483359390821,0.10856418311595917,0.005053252389745242,0.0,0.29637560015544295
ANN_direct,4,2718,ANN_direct_f4_s2718,30,0.008243503928418185,0.008115328962351972,0.0006408748303310672,0.0933522188390563,0.09244006872177124,0.004560750586425305,0.0,0.2949646001216024
ANN_direct,4,2718,ANN_direct_f4_s2718,31,0.008277448614775293,0.008154013339662924,0.0006171763755618416,0.08289570812661845,0.08180259168148041,0.005465582225690239,0.0,0.29622540017589927
ANN_direct,4,2718,ANN_direct_f4_s2718,32,0.010502606870358228,0.010406808510500317,0.0004789917992895607,0.08490660765277983,0.08405312895774841,0.004267393475157087,0.0,0.2946633999235928
ANN_direct,4,2718,ANN_direct_f4_s2718,33,0.009833259583244637,0.009686766148661263,0.000732467172916875,0.07895110327821381,0.0782630667090416,0.0034401828458610526,0.0,0.32081570010632277
ANN_direct,4,2718,ANN_direct_f4_s2718,34,0.010098514129802746,0.00991044812326436,0.0009403300326919252,0.09530100733178891,0.0885033831000328,0.03398812115878054,0.0,0.2968735999893397
ANN_direct,4,2718,ANN_direct_f4_s2718,35,0.0134883081701748,0.013406524315845067,0.00040891927164867224,0.08045385436136254,0.07940544188022614,0.005242062405682047,0.0,0.29321100004017353
ANN_direct,4,2718,ANN_direct_f4_s2718,36,0.013436284952589916,0.013348587628570385,0.00043848662009765695,0.07706431298903481,0.07485164701938629,0.011063329848242558,0.0,0.2911253999918699
ANN_direct,4,2718,ANN_direct_f4_s2718,37,0.00949071287944034,0.009403448117761096,0.0004363238083962215,0.09417493950782259,0.09291946142911911,0.006277390393517394,0.0,0.28288650000467896
ANN_direct,4,2718,ANN_direct_f4_s2718,38,0.008964899847330787,0.008888356360936692,0.0003827174319704688,0.10085729898256691,0.09961345046758652,0.006219242574901974,0.0,0.29069650010205805
ANN_direct,4,2718,ANN_direct_f4_s2718,39,0.008606053728283485,0.008533289770033056,0.00036381979125214023,0.08952631067595829,0.08880427479743958,0.0036101793925935764,0.0,0.29479820001870394
ANN_direct,4,2718,ANN_direct_f4_s2718,40,0.008757592722496191,0.008671606667727852,0.0004299302738417008,0.09327189333565192,0.09180985391139984,0.007310197121260349,0.0,0.3028436000458896
ANN_direct,4,2718,ANN_direct_f4_s2718,41,0.03222536463455334,0.03212430998246418,0.0005052732604457748,0.09045901996993112,0.08935853838920593,0.0055024079036259865,0.0,0.30363019998185337
ANN_direct,5,42,ANN_direct_f5_s42,1,1.9563424512337224,1.877192462173601,0.3957499453006059,1.4604917430514497,1.3963046073913574,0.32093567830046127,0.0,0.3053270000964403
ANN_direct,5,42,ANN_direct_f5_s42,2,0.524175231711022,0.491199224954471,0.16488003378275481,0.3443033582269093,0.3153381943702698,0.14482581928319738,0.0,0.30116120004095137
ANN_direct,5,42,ANN_direct_f5_s42,3,0.24393898433261807,0.23272793381086862,0.05605525260874724,0.4798267893126388,0.4776562750339508,0.01085257139343991,0.0,0.30129939992912114
ANN_direct,5,42,ANN_direct_f5_s42,4,0.14733212995566872,0.14208729301268855,0.026224184714900817,0.32918374305152814,0.32078489661216736,0.04199423219680392,0.0,0.300675000064075
ANN_direct,5,42,ANN_direct_f5_s42,5,0.0954128965815972,0.09239941999355021,0.015067382940234969,0.22174488038984708,0.21770036220550537,0.02022259092170846,0.0,0.2952878000214696
ANN_direct,5,42,ANN_direct_f5_s42,6,0.08266572325932235,0.07923812837301132,0.017137974431555108,0.21028294892285546,0.20870660245418549,0.007881732343349868,0.0,0.29446050012484193
ANN_direct,5,42,ANN_direct_f5_s42,7,0.06715448276821241,0.06508708520171542,0.010336987832484906,0.19963336858232833,0.19590406119823456,0.018646536920468887,0.0,0.29034160007722676
ANN_direct,5,42,ANN_direct_f5_s42,8,0.0645756448539406,0.06326421150394405,0.006557166749982762,0.2008668988867066,0.1997329592704773,0.005669698081146569,0.0,0.3013852001167834
ANN_direct,5,42,ANN_direct_f5_s42,9,0.0532803797158146,0.04619357812043745,0.03543400797688576,0.16099768763003966,0.1563606560230255,0.023185158035070676,0.0,0.2917593000456691
ANN_direct,5,42,ANN_direct_f5_s42,10,0.041221707296759134,0.03980493872465255,0.007083842860532904,0.15609314611916925,0.1541520059108734,0.009705701041479107,0.0,0.2810819000005722
ANN_direct,5,42,ANN_direct_f5_s42,11,0.03678054310929894,0.036011094596081726,0.0038472425660860637,0.16108370213842385,0.1596880555152893,0.006978233115672664,0.0,0.2884851999115199
ANN_direct,5,42,ANN_direct_f5_s42,12,0.03986777582361071,0.03909844210526595,0.003846668591723741,0.13963770323442362,0.13874046504497528,0.0044861909472417045,0.0,0.2945428998209536
ANN_direct,5,42,ANN_direct_f5_s42,13,0.03083586333037097,0.030186059511227843,0.003249019095715631,0.161196154617025,0.1598295122385025,0.0068332118926124055,0.0,0.29057459998875856
ANN_direct,5,42,ANN_direct_f5_s42,14,0.02481127403053654,0.024331364169484004,0.0023995493052626836,0.15224951392009228,0.1515239030122757,0.003628054539082987,0.0,0.2939023000653833
ANN_direct,5,42,ANN_direct_f5_s42,15,0.022588354402414395,0.021997061344639707,0.002956465288873418,0.13552692936707508,0.13328686356544495,0.01120032900815063,0.0,0.29080859990790486
ANN_direct,5,42,ANN_direct_f5_s42,16,0.02140986342964242,0.020696672649743657,0.0035659538994938203,0.16156869255555006,0.16118907928466797,0.0018980663544105251,0.0,0.2954650998581201
ANN_direct,5,42,ANN_direct_f5_s42,17,0.023676260354624737,0.023071695419882115,0.0030228246737131086,0.13393331597690908,0.13326160609722137,0.0033585493984384677,0.0,0.29520139982923865
ANN_direct,5,42,ANN_direct_f5_s42,18,0.014573795514869701,0.01421438554340663,0.0017970498573153446,0.12196881582309739,0.12100332230329514,0.004827467599011241,0.0,0.2928840999957174
ANN_direct,5,42,ANN_direct_f5_s42,19,0.014979637325579253,0.014679570139075318,0.0015003359325196691,0.12470695162070196,0.12375626713037491,0.004753422451635216,0.0,0.2960681999102235
ANN_direct,5,42,ANN_direct_f5_s42,20,0.016165456016806475,0.01583314818708459,0.0016615391486094367,0.12399179816078472,0.1237722635269165,0.0010976731693410821,0.0,0.2927779001183808
ANN_direct,5,42,ANN_direct_f5_s42,21,0.014634315829982337,0.014322876847775964,0.0015571949110318635,0.15472655696503465,0.1543496996164322,0.0018842867430123181,0.0,0.29324720008298755
ANN_direct,5,42,ANN_direct_f5_s42,22,0.01436914853716451,0.014045888414936295,0.00161630061114106,0.14291455816952092,0.14195707440376282,0.004787418828790474,0.0,0.2944964000489563
ANN_direct,5,42,ANN_direct_f5_s42,23,0.015496606598941946,0.01523581716658858,0.001303947161766829,0.14137650691336331,0.14104507863521576,0.0016571413907377755,0.0,0.29680749983526766
ANN_direct,5,42,ANN_direct_f5_s42,24,0.01279841268883729,0.012455173641986525,0.0017161952342538312,0.1422073670847886,0.14119522273540497,0.005060721746918077,0.0,0.29396030004136264
ANN_direct,5,42,ANN_direct_f5_s42,25,0.014696562215747626,0.014363262933329679,0.0016664964120897375,0.16652249294402316,0.16500836610794067,0.007570634180412446,0.0,0.3004699999000877
ANN_direct,5,42,ANN_direct_f5_s42,26,0.01996907675195444,0.019652029618252225,0.001585235668511076,0.14491441022778054,0.14352735877037048,0.006935257287050264,0.0,0.3107449999079108
ANN_direct,5,42,ANN_direct_f5_s42,27,0.02035732985416514,0.020099669413563486,0.0012883022030082832,0.11794649238713634,0.11665916442871094,0.00643663979212699,0.0,0.29469499993138015
ANN_direct,5,42,ANN_direct_f5_s42,28,0.014372796605502234,0.014173044609682014,0.0009987599791011098,0.12489603772668847,0.1233593001961708,0.0076836876525883625,0.0,0.2894649999216199
ANN_direct,5,42,ANN_direct_f5_s42,29,0.008784380109242103,0.00859653796942439,0.0009392106990885701,0.11996832361290224,0.11812440305948257,0.009219602767098331,0.0,0.2903740000911057
ANN_direct,5,42,ANN_direct_f5_s42,30,0.00955071306628539,0.00936765151709551,0.0009153077459494005,0.09989718897168844,0.09954345226287842,0.0017686835440500971,0.0,0.29186069988645613
ANN_direct,5,42,ANN_direct_f5_s42,31,0.009946132544702524,0.009814121971430723,0.000660052866359011,0.1148107247835424,0.1141258031129837,0.0034246083527934967,0.0,0.2913267998956144
ANN_direct,5,42,ANN_direct_f5_s42,32,0.012567634908008357,0.01236271705662754,0.0010245892569040818,0.13367468016927925,0.13320593535900116,0.002343724051390404,0.0,0.2874588000122458
ANN_direct,5,42,ANN_direct_f5_s42,33,0.012907026101258387,0.012684917261746401,0.001110544197559928,0.11784315826770815,0.11759837716817856,0.0012239054976479306,0.0,0.29377989983186126
ANN_direct,5,42,ANN_direct_f5_s42,34,0.009533808961158586,0.009347093960968778,0.0009335750009490485,0.1244658185392884,0.12290750443935394,0.007791570499672299,0.0,0.2927049999125302
ANN_direct,5,42,ANN_direct_f5_s42,35,0.007563890233183578,0.0073809761718924465,0.0009145703064556551,0.11829655919823162,0.11789499968290329,0.002007797576641666,0.0,0.290143100079149
ANN_direct,5,42,ANN_direct_f5_s42,36,0.006972273438331307,0.0067945320552098565,0.0008887069156072575,0.12227975541143384,0.12167077511548996,0.0030449014797193684,0.0,0.29987180000171065
ANN_direct,5,42,ANN_direct_f5_s42,37,0.00885712268919876,0.008715162747345554,0.0007097997092660288,0.13276353985842848,0.13258327543735504,0.0009013221053672563,0.0,0.29272050014697015
ANN_direct,5,42,ANN_direct_f5_s42,38,0.010728871141179869,0.010605707100088088,0.0006158202054589067,0.13241070621889148,0.13181114196777344,0.0029978212555902086,0.0,0.2909059999510646
ANN_direct,5,42,ANN_direct_f5_s42,39,0.009782919219410359,0.009637979608669411,0.0007246980537047404,0.12136646695607488,0.12092816829681396,0.002191493296304578,0.0,0.28638689988292754
ANN_direct,5,42,ANN_direct_f5_s42,40,0.012003426492466654,0.011840576466056518,0.0008142501320506845,0.1466011834340548,0.14568467438220978,0.004582545259225075,0.0,0.29441730002872646
ANN_direct,5,42,ANN_direct_f5_s42,41,0.015422953202908348,0.015249700753580933,0.000866262246637072,0.1374469976600717,0.13726584613323212,0.0009057576341980036,0.0,0.2902561000082642
ANN_direct,5,42,ANN_direct_f5_s42,42,0.014498884688203964,0.014290421167970635,0.0010423176011666617,0.12142937334025258,0.12082500010728836,0.0030218661648210975,0.0,0.2921260001603514
ANN_direct,5,42,ANN_direct_f5_s42,43,0.012244697968852858,0.012003745864300678,0.0012047605227608886,0.10958633877116895,0.10792555660009384,0.008303910855375587,0.0,0.2928851000033319
ANN_direct,5,42,ANN_direct_f5_s42,44,0.009062119518975136,0.00890303145327683,0.0007954403284915349,0.13722781946731485,0.1353820115327835,0.009229039672656775,0.0,0.2915612000506371
ANN_direct,5,42,ANN_direct_f5_s42,45,0.018789762926551306,0.018587618600577116,0.0010107216298709486,0.14960328291027508,0.14844250679016113,0.005803880600569812,0.0,0.29173169983550906
ANN_direct,5,314,ANN_direct_f5_s314,1,1.8292114946339542,1.7887765200963865,0.20217487268783874,2.0351341721087524,2.031705141067505,0.017145155206238105,0.0,0.30862040002830327
ANN_direct,5,314,ANN_direct_f5_s314,2,0.5305748844409913,0.5008858783791462,0.14844503030922504,0.3263193300311808,0.3012153208255768,0.12552004602802014,0.0,0.30446789995767176
ANN_direct,5,314,ANN_direct_f5_s314,3,0.3745231157045912,0.3563571041255879,0.09083005789501625,0.369524225881493,0.36725476384162903,0.011347310199319775,0.0,0.3051668999250978
ANN_direct,5,314,ANN_direct_f5_s314,4,0.21740352343710456,0.206022932252381,0.056902955923617916,0.18254693615667547,0.1800050437450409,0.012709462058172954,0.0,0.3028301000595093
ANN_direct,5,314,ANN_direct_f5_s314,5,0.13683160655446855,0.1278699924587272,0.04480807047870667,0.21890729278558504,0.21813178062438965,0.0038775608059769522,0.0,0.2994496999308467
ANN_direct,5,314,ANN_direct_f5_s314,6,0.12010944363436611,0.11623900622362271,0.019352187053717006,0.18557070509417045,0.179788738489151,0.02890983302509728,0.0,0.2930843001231551
ANN_direct,5,314,ANN_direct_f5_s314,7,0.12460246639160073,0.12038181663956493,0.021103248760179133,0.20453942163998198,0.20165756344795227,0.014409290960148603,0.0,0.2962048000190407
ANN_direct,5,314,ANN_direct_f5_s314,8,0.07982700922181253,0.07432724672253244,0.02749881249640045,0.20123258905705182,0.19712771475315094,0.020524371519504415,0.0,0.3082004999741912
ANN_direct,5,314,ANN_direct_f5_s314,9,0.06420450345024226,0.06144590753441056,0.013792979579158501,0.21103277778061724,0.20909063518047333,0.0097107130007196,0.0,0.30294939992018044
ANN_direct,5,314,ANN_direct_f5_s314,10,0.05052807590680256,0.04918169355369173,0.006731911765554155,0.17484240219944505,0.17261895537376404,0.011117234128405058,0.0,0.29149420000612736
ANN_direct,5,314,ANN_direct_f5_s314,11,0.03747250524090621,0.036411148660893865,0.0053067829000617295,0.2491079851601882,0.2477205991744995,0.0069369299284433895,0.0,0.28913170006126165
ANN_direct,5,314,ANN_direct_f5_s314,12,0.03421364528772709,0.03273230484531572,0.00740670221205688,0.21075200720776224,0.2089628130197525,0.008945970940048644,0.0,0.2924265000037849
ANN_direct,5,314,ANN_direct_f5_s314,13,0.028408666012833608,0.02736872383199322,0.005199710904201959,0.2159023835597211,0.213404580950737,0.01248901304492051,0.0,0.2921329999808222
ANN_direct,5,314,ANN_direct_f5_s314,14,0.024792019278057853,0.023669899790547788,0.005610597437550339,0.25054767483805024,0.2502601444721222,0.0014376518296403001,0.0,0.29116080002859235
ANN_direct,5,314,ANN_direct_f5_s314,15,0.026848681933396554,0.02597242135379929,0.004381302897986301,0.1902309612684072,0.188208669424057,0.010111459221750933,0.0,0.29803669988177717
ANN_direct,5,314,ANN_direct_f5_s314,16,0.02632060609044021,0.02541660130858266,0.004520023909287757,0.17797545364473197,0.17690494656562805,0.005352535395519569,0.0,0.29502879991196096
ANN_direct,5,314,ANN_direct_f5_s314,17,0.024773982606729267,0.024249792666523717,0.0026209497010277727,0.19217690683683647,0.1910376399755478,0.00569633430644344,0.0,0.2927794000133872
ANN_direct,5,314,ANN_direct_f5_s314,18,0.026357405920709842,0.025634264786882948,0.003615705669134476,0.1660355605660336,0.16434073448181152,0.008474130421110367,0.0,0.30321020004339516
ANN_direct,5,314,ANN_direct_f5_s314,19,0.019381152554182417,0.018869342107791454,0.002559052231954828,0.18988686845742225,0.18929500877857208,0.00295929839425082,0.0,0.3286777997855097
ANN_direct,5,314,ANN_direct_f5_s314,20,0.017683288018039808,0.01723421183123719,0.0022453809340130903,0.1756721427540597,0.1748165488243103,0.004277969648747014,0.0,0.2948924000374973
ANN_direct,5,314,ANN_direct_f5_s314,21,0.017807351389350842,0.01746353358127332,0.0017190890403876193,0.18162378987747546,0.18003560602664948,0.007940919254129944,0.0,0.28780459985136986
ANN_direct,5,314,ANN_direct_f5_s314,22,0.019666610309715202,0.019296298560220748,0.001851558747472274,0.17010212705236302,0.16888205707073212,0.00610034990815458,0.0,0.2898486000485718
ANN_direct,5,314,ANN_direct_f5_s314,23,0.02076886176454489,0.02034049478243105,0.0021418349105691813,0.16922083461319404,0.16745062172412872,0.00885106444532659,0.0,0.2916930001229048
ANN_direct,5,314,ANN_direct_f5_s314,24,0.023602771158407698,0.022953447910064522,0.003246616241715895,0.17944102933449033,0.1773672103881836,0.010369094731533631,0.0,0.2893143000546843
ANN_direct,5,314,ANN_direct_f5_s314,25,0.017769087606135475,0.017201255386074383,0.0028391611003054412,0.21824707888239134,0.21582931280136108,0.012088830405151288,0.0,0.2969331999775022
ANN_direct,5,314,ANN_direct_f5_s314,26,0.023045575136438585,0.022730508038269665,0.0015753354908446136,0.17299946742233685,0.17014731466770172,0.014260763773175584,0.0,0.29553619981743395
ANN_direct,5,314,ANN_direct_f5_s314,27,0.01316514470136912,0.012953455749084242,0.001058444761424388,0.1630579910191358,0.16189730167388916,0.0058034467262331225,0.0,0.29424850014038384
ANN_direct,5,314,ANN_direct_f5_s314,28,0.015172104585884394,0.014842064963886514,0.001650198109989394,0.15266481443925645,0.15116703510284424,0.007488896682060976,0.0,0.2945414998102933
ANN_direct,5,314,ANN_direct_f5_s314,29,0.01670372604833035,0.01653580816734272,0.0008395894049381555,0.1314360525728311,0.12976239621639252,0.008368281782192998,0.0,0.2923807001207024
ANN_direct,5,314,ANN_direct_f5_s314,30,0.016349862644698173,0.016074456778975826,0.0013770293286117393,0.17932150781639628,0.17843642830848694,0.004425397539546739,0.0,0.2943903999403119
ANN_direct,5,314,ANN_direct_f5_s314,31,0.027084249906862184,0.026143377617700025,0.004704361445810787,0.143775513397185,0.14154917001724243,0.011131716899712835,0.0,0.29487340012565255
ANN_direct,5,314,ANN_direct_f5_s314,32,0.022714206171273385,0.01977834768331377,0.014679292439798083,0.17217563017414442,0.1720837503671646,0.0004593990348990434,0.0,0.3114642999134958
ANN_direct,5,314,ANN_direct_f5_s314,33,0.02684259989565584,0.020518165867542848,0.03162217014056496,0.16400161150320605,0.1625324785709381,0.007345664661339767,0.0,0.2962174001149833
ANN_direct,5,314,ANN_direct_f5_s314,34,0.02241621567127669,0.02196133434093402,0.00227440665171335,0.1438083223699899,0.14216633141040802,0.008209954797909296,0.0,0.29358850000426173
ANN_direct,5,314,ANN_direct_f5_s314,35,0.024179221300746474,0.02360628695168998,0.002864671745282451,0.19074757223494573,0.1879306137561798,0.014084792393829624,0.0,0.3003672999329865
ANN_direct,5,314,ANN_direct_f5_s314,36,0.04153277844535124,0.03219077817144959,0.04671000136950824,0.20612781761306734,0.2013687640428543,0.02379526785106512,0.0,0.2997664001304656
ANN_direct,5,314,ANN_direct_f5_s314,37,0.045905595699262225,0.044704449974233285,0.006005728625144719,0.16470149118827582,0.16105492413043976,0.01823283528918033,0.0,0.29766319994814694
ANN_direct,5,314,ANN_direct_f5_s314,38,0.04988435954355453,0.045483989282123126,0.022001851307157053,0.20316505572917287,0.19635720551013947,0.03403925109516706,0.0,0.2934768002014607
ANN_direct,5,314,ANN_direct_f5_s314,39,0.03514288238580809,0.033670386095764115,0.0073624814502198654,0.18645213512102918,0.18607133626937866,0.001903994258252602,0.0,0.29300679988227785
ANN_direct,5,314,ANN_direct_f5_s314,40,0.01971106712061432,0.019546175656917814,0.0008244573184825245,0.22413913518348483,0.22219538688659668,0.009718741484440751,0.0,0.28844979987479746
ANN_direct,5,314,ANN_direct_f5_s314,41,0.015623146420408893,0.015469596076097028,0.0007677517215593114,0.17481865551048212,0.17355823516845703,0.006302101710125407,0.0,0.28668560017831624
ANN_direct,5,314,ANN_direct_f5_s314,42,0.015267699095697274,0.015142952383030206,0.0006237335633353457,0.17609486268026087,0.17404158413410187,0.010266392730794925,0.0,0.2847728000488132
ANN_direct,5,314,ANN_direct_f5_s314,43,0.011911428895652191,0.011805445071028467,0.0005299191231186098,0.17578931851738883,0.1750149428844452,0.0038718781647182213,0.0,0.2882638000883162
ANN_direct,5,314,ANN_direct_f5_s314,44,0.009583764389658574,0.009483987771091051,0.000498883092837616,0.1938089025251839,0.19188137352466583,0.009637645002590367,0.0,0.2861387000884861
ANN_direct,5,2718,ANN_direct_f5_s2718,1,2.3106175850587114,2.2697222096224627,0.2044768771812453,1.6534496933566225,1.6308196783065796,0.11315007525021502,0.0,0.30394849996082485
ANN_direct,5,2718,ANN_direct_f5_s2718,2,1.2079493661131246,1.185221351062258,0.1136400752543328,0.7760407042591673,0.7684604525566101,0.03790125851278583,0.0,0.3012463999912143
ANN_direct,5,2718,ANN_direct_f5_s2718,3,0.6908796215609317,0.6745909714760879,0.08144325042421892,0.8530420116878541,0.8496533036231995,0.01694354032327306,0.0,0.30173949990421534
ANN_direct,5,2718,ANN_direct_f5_s2718,4,0.3158198865219493,0.30173186659036827,0.07044009965790547,0.23916142823220854,0.22710251808166504,0.06029455075271753,0.0,0.3037056000903249
ANN_direct,5,2718,ANN_direct_f5_s2718,5,0.21958261200806664,0.21408931652937704,0.02746647739344803,0.37349888138722104,0.37042737007141113,0.015357556579049402,0.0,0.30417439993470907
ANN_direct,5,2718,ANN_direct_f5_s2718,6,0.2117068777719682,0.20853814699997505,0.015843653859965712,0.1505216705307735,0.14435900747776031,0.030813315265065908,0.0,0.29171189991757274
ANN_direct,5,2718,ANN_direct_f5_s2718,7,0.09668797701645754,0.0926919116852029,0.019980326656273212,0.16337344376376087,0.16274720430374146,0.003131197300097056,0.0,0.29743029992096126
ANN_direct,5,2718,ANN_direct_f5_s2718,8,0.08471199795849049,0.08135581768389481,0.016780901372978423,0.16349589251826133,0.16200725734233856,0.00744317587961378,0.0,0.2956014999654144
ANN_direct,5,2718,ANN_direct_f5_s2718,9,0.07233351745676382,0.07108970595678936,0.006219057499872313,0.18489242549331739,0.1842152625322342,0.0033858148054160203,0.0,0.2975167001131922
ANN_direct,5,2718,ANN_direct_f5_s2718,10,0.04617749787456984,0.04518426928552799,0.004966142945209226,0.12764415549271316,0.12738098204135895,0.0013158672567710646,0.0,0.3074656999669969
ANN_direct,5,2718,ANN_direct_f5_s2718,11,0.03501071621565475,0.034286650111122675,0.0036203305226603748,0.16745693165590228,0.167100191116333,0.0017837026978463739,0.0,0.29824010003358126
ANN_direct,5,2718,ANN_direct_f5_s2718,12,0.03024036685355903,0.029709710249638494,0.002653283019602689,0.17992733918236103,0.1790703684091568,0.00428485386602123,0.0,0.29519500001333654
ANN_direct,5,2718,ANN_direct_f5_s2718,13,0.03398850763431229,0.03362176656082738,0.0018337053674245508,0.12450290252287156,0.12335380166769028,0.005745504275906433,0.0,0.2971669998951256
ANN_direct,5,2718,ANN_direct_f5_s2718,14,0.02098120652903418,0.020628030761145055,0.0017658788394456226,0.1546065363155912,0.15426455438137054,0.0017099096711033568,0.0,0.29632839979603887
ANN_direct,5,2718,ANN_direct_f5_s2718,15,0.021960121792186853,0.021605105420652155,0.0017750818576734667,0.1611211024895541,0.16085189580917358,0.0013460334019026014,0.0,0.2923012999817729
ANN_direct,5,2718,ANN_direct_f5_s2718,16,0.020670774497718234,0.020213997316507932,0.0022838859060515227,0.13620807378444033,0.13588550686836243,0.00161283458038949,0.0,0.2961090998724103
ANN_direct,5,2718,ANN_direct_f5_s2718,17,0.01733656607076553,0.01701256427622866,0.0016200089726843587,0.12239224188042783,0.12210406363010406,0.0014408912516188329,0.0,0.297188299940899
ANN_direct,5,2718,ANN_direct_f5_s2718,18,0.02151907263081465,0.021186891991722707,0.0016609031954597116,0.11578935889855402,0.11541899293661118,0.0018518298097142017,0.0,0.3048987998627126
ANN_direct,5,2718,ANN_direct_f5_s2718,19,0.017975376875927155,0.017730477746226825,0.0012244956485016566,0.13803824321377356,0.13792577385902405,0.0005623467737475027,0.0,0.29750700015574694
ANN_direct,5,2718,ANN_direct_f5_s2718,20,0.015920511328305745,0.01563683891436085,0.0014183620697244817,0.14826164284266072,0.1480826437473297,0.0008949954766549626,0.0,0.2940785000100732
ANN_direct,5,2718,ANN_direct_f5_s2718,21,0.015015836605025664,0.014727955388176875,0.0014394060842439459,0.11931923496411735,0.11906562745571136,0.0012680375420299267,0.0,0.2981036000419408
ANN_direct,5,2718,ANN_direct_f5_s2718,22,0.015151829780990991,0.01487367412482854,0.0013907782808122455,0.12773201474760862,0.12752334773540497,0.0010433350610182255,0.0,0.2932686998974532
ANN_direct,5,2718,ANN_direct_f5_s2718,23,0.015433340880827782,0.015174495046570277,0.0012942291712875309,0.1208848617438885,0.12069183588027954,0.0009651293180448198,0.0,0.2925744999665767
ANN_direct,5,2718,ANN_direct_f5_s2718,24,0.01599594049989739,0.015706769219832495,0.0014458564003244868,0.1262307795390643,0.12613217532634735,0.0004930210635847847,0.0,0.29442649986594915
ANN_direct,5,2718,ANN_direct_f5_s2718,25,0.012879600809077943,0.012694573306362145,0.0009251375135790066,0.13297294992625694,0.13282793760299683,0.0007250616163005753,0.0,0.28997309994883835
ANN_direct,5,2718,ANN_direct_f5_s2718,26,0.009917812133331448,0.009689653425690873,0.0011407935382028703,0.10375857665468513,0.10354393720626831,0.0010731972420840751,0.0,0.2889248998835683
ANN_direct,5,2718,ANN_direct_f5_s2718,27,0.010586719955083859,0.01035466908554857,0.0011602543476764424,0.1277624377473798,0.12754389643669128,0.001092706553442567,0.0,0.3009055000729859
ANN_direct,5,2718,ANN_direct_f5_s2718,28,0.013998666087487845,0.013843861600131882,0.0007740224367798124,0.10111837129022698,0.10083332657814026,0.0014252235604336094,0.0,0.29695230000652373
ANN_direct,5,2718,ANN_direct_f5_s2718,29,0.013682312971038064,0.013282126751922382,0.002000931095578407,0.14724547409516756,0.14703010022640228,0.001076869343826348,0.0,0.292652300093323
ANN_direct,5,2718,ANN_direct_f5_s2718,30,0.020418588093181374,0.020222089913052816,0.0009824909006427834,0.12743885399495064,0.12621143460273743,0.006137096961066119,0.0,0.2931422998663038
ANN_direct,5,2718,ANN_direct_f5_s2718,31,0.029927903236977454,0.029665576526895165,0.001311633550411434,0.11745205429439427,0.11655084788799286,0.004506032032007042,0.0,0.29584529995918274
ANN_direct,5,2718,ANN_direct_f5_s2718,32,0.022347881555819866,0.022017980479480077,0.0016495053816989191,0.11891261575050041,0.1187879741191864,0.0006232081565700416,0.0,0.29502020007930696
ANN_direct,5,2718,ANN_direct_f5_s2718,33,0.020626524172243796,0.02036922257199573,0.0012865080012403323,0.1532624937222183,0.15293113887310028,0.001656774245590223,0.0,0.3004842000082135
ANN_direct,5,2718,ANN_direct_f5_s2718,34,0.032432701684106426,0.03205601219572903,0.0018834474418869694,0.11867403132126272,0.11554298549890518,0.015655229111787676,0.0,0.29348320001736283
ANN_direct,5,2718,ANN_direct_f5_s2718,35,0.022143299959489205,0.021848584146937355,0.0014735790627592564,0.1072038033512563,0.1070878803730011,0.0005796148912760127,0.0,0.29378960002213717
ANN_direct,5,2718,ANN_direct_f5_s2718,36,0.021270859491852423,0.021109313068639796,0.0008077321160631167,0.0901007978904766,0.08896300196647644,0.005688979620000811,0.0,0.3040183000266552
ANN_direct,5,2718,ANN_direct_f5_s2718,37,0.01591353894656891,0.015701904291442286,0.001058173275633124,0.1340275123168408,0.133944571018219,0.0004147064931089778,0.0,0.2953689999412745
ANN_direct,5,2718,ANN_direct_f5_s2718,38,0.0144571580522525,0.014301998783291007,0.0007757963448074577,0.09181420317396541,0.09147410839796066,0.0017004738800237267,0.0,0.2965125001501292
ANN_direct,5,2718,ANN_direct_f5_s2718,39,0.016184789140500516,0.015997838888627786,0.0009347512593636463,0.10286997966318742,0.10241573303937912,0.002271233119041487,0.0,0.29463259992189705
ANN_direct,5,2718,ANN_direct_f5_s2718,40,0.012448291729062382,0.012141026085979926,0.0015363282154122833,0.10374837832401065,0.10365802049636841,0.0004517891382112567,0.0,0.3000556000042707
ANN_direct,5,2718,ANN_direct_f5_s2718,41,0.032500068492193925,0.021611907068290748,0.0544408071195159,0.16774273923108718,0.11750789731740952,0.2511742095683883,0.0,0.30808450002223253
ANN_direct,5,2718,ANN_direct_f5_s2718,42,0.05972634484226561,0.05609047529287636,0.01817934774694625,0.14967172248587604,0.1493259072303772,0.0017290762774942775,0.0,0.3014120999723673
ANN_direct,5,2718,ANN_direct_f5_s2718,43,0.0636301427657501,0.06151994377917921,0.010550994932854505,0.18004701503351034,0.17921163141727448,0.004176918081179371,0.0,0.29756640014238656
ANN_direct,5,2718,ANN_direct_f5_s2718,44,0.07201579470776694,0.07181596051668748,0.0009991709553972374,0.16847085877292842,0.16835904121398926,0.0005590877946957716,0.0,0.29879279993474483
ANN_direct,5,2718,ANN_direct_f5_s2718,45,0.04535946510555369,0.04512455527825902,0.0011745491364733563,0.14144504848804343,0.14135724306106567,0.0004390271348887347,0.0,0.31543740001507103
ANN_direct,5,2718,ANN_direct_f5_s2718,46,0.028904140342991658,0.02865686815736505,0.0012363609281330536,0.13433920007946507,0.1342536211013794,0.00042789489042830336,0.0,0.3045006999745965
ANN_direct,5,2718,ANN_direct_f5_s2718,47,0.026626844494918808,0.026477284297773924,0.0007478009857244074,0.11510472125500337,0.11505811661481857,0.00023302320092398351,0.0,0.29540589987300336
ANN_direct,5,2718,ANN_direct_f5_s2718,48,0.016581323309919044,0.01641828024973317,0.000815215300929392,0.0783057421577211,0.07796625792980194,0.0016974211395958166,0.0,0.2856840000022203
ANN_direct,5,2718,ANN_direct_f5_s2718,49,0.01451073978893909,0.014295008518577864,0.0010786563518061195,0.11346303416856116,0.11342992633581161,0.0001655391637476926,0.0,0.28959559998475015
ANN_direct,5,2718,ANN_direct_f5_s2718,50,0.012285760047527981,0.012214870388561394,0.0003544482948329339,0.11245536139377606,0.11234907060861588,0.0005314539258009347,0.0,0.2824237998574972
ANN_direct,5,2718,ANN_direct_f5_s2718,51,0.013385802302545295,0.013240041502285749,0.0007288040012977279,0.11947790579574344,0.11944237351417542,0.00017766140784014655,0.0,0.28462589997798204
ANN_direct,5,2718,ANN_direct_f5_s2718,52,0.009560377966317814,0.009454129525693133,0.0005312422031234061,0.12246678607437567,0.12239392101764679,0.00036432528364436855,0.0,0.2904882999137044
ANN_direct,5,2718,ANN_direct_f5_s2718,53,0.007936363144070233,0.007782623450718044,0.0007686984667609467,0.10126104420015303,0.10122736543416977,0.00016839382991625662,0.0,0.28519289987161756
ANN_direct,5,2718,ANN_direct_f5_s2718,54,0.011258981827663626,0.011160157645160021,0.0004941209125180211,0.09494277738840229,0.09488166123628616,0.0003055807605806477,0.0,0.2863615998066962
ANN_direct,5,2718,ANN_direct_f5_s2718,55,0.011504583851691052,0.011397416557883844,0.0005358364690360389,0.08187274323482518,0.08160869777202606,0.001320227313995614,0.0,0.2947751001920551
ANN_direct,5,2718,ANN_direct_f5_s2718,56,0.011271620765362667,0.01113851842819713,0.0006655116858276794,0.10398888119921701,0.10386339575052261,0.0006274272434719712,0.0,0.29155520000495017
ANN_direct,5,2718,ANN_direct_f5_s2718,57,0.008640660345616618,0.008570450069479799,0.0003510513806840876,0.10972482305951549,0.10957739502191544,0.000737140188000234,0.0,0.29131950018927455
ANN_direct,5,2718,ANN_direct_f5_s2718,58,0.013839959603816737,0.013684739011902517,0.000776102959571089,0.11150541114119168,0.11129898577928543,0.001032126809531269,0.0,0.29389030020684004
ANN_direct,5,2718,ANN_direct_f5_s2718,59,0.010806497326188678,0.010666850377068235,0.0006982347456022234,0.10467628864240422,0.10462024807929993,0.0002802028155214775,0.0,0.29504310013726354
ANN_direct,5,2718,ANN_direct_f5_s2718,60,0.009588254209273167,0.00951658898460058,0.00035832612336294585,0.11940111619707877,0.11929929256439209,0.0005091181634333822,0.0,0.29449830017983913
ANN_direct,5,2718,ANN_direct_f5_s2718,61,0.007893264917992568,0.007804503147781361,0.00044380885105603637,0.10704636305271895,0.1069662868976593,0.0004003807752982029,0.0,0.30017099995166063
ANN_direct,5,2718,ANN_direct_f5_s2718,62,0.008305330567935526,0.008198387649220725,0.0005347145935740119,0.12387071126365727,0.12379707396030426,0.00036818651676504065,0.0,0.29182859999127686
ANN_direct,5,2718,ANN_direct_f5_s2718,63,0.007926308649814175,0.007850882037018891,0.00037713306397641226,0.12057388295297883,0.12043902277946472,0.0006743008675705433,0.0,0.29427170008420944
SNN_direct,1,42,SNN_direct_f1_s42,1,0.7217760499517459,0.5893078949716356,0.6623407749005514,0.6389124589471431,0.5327019095420837,0.5310527470252967,0.27739012473159363,0.23645390011370182
SNN_direct,1,42,SNN_direct_f1_s42,2,0.4195461646829009,0.31277520656585694,0.5338547905852195,0.37715197778472276,0.2873164415359497,0.44917768124386526,0.28054321772522395,0.23547010007314384
SNN_direct,1,42,SNN_direct_f1_s42,3,0.29053122453859614,0.19958047601911758,0.454753742597393,0.24937778778722353,0.17099183797836304,0.39192974904430244,0.2842801332473755,0.24337479984387755
SNN_direct,1,42,SNN_direct_f1_s42,4,0.22879253106214376,0.1526897913051976,0.3805136987847306,0.19415974535721114,0.12473873049020767,0.3471050743350173,0.28735316958692336,0.24137250008061528
SNN_direct,1,42,SNN_direct_f1_s42,5,0.19682392283848663,0.12834478691220283,0.34239567963141887,0.16665375108148822,0.10457813739776611,0.3103780684186105,0.2902151727014118,0.228213099995628
SNN_direct,1,42,SNN_direct_f1_s42,6,0.17922030775141806,0.11756796360843712,0.30826172071490465,0.1518647093708827,0.09581638127565384,0.28024164047614436,0.2920484549469418,0.23265919997356832
SNN_direct,1,42,SNN_direct_f1_s42,7,0.16683317917605184,0.11259760206772221,0.2711778855416479,0.1387836907483707,0.0877753347158432,0.2550417801626375,0.2934681965245141,0.2330902002286166
SNN_direct,1,42,SNN_direct_f1_s42,8,0.1534426347235605,0.10346040696733527,0.24991113878112614,0.13088034970436327,0.08449108898639679,0.23194630358983237,0.29542045262124805,0.2266687999945134
SNN_direct,1,42,SNN_direct_f1_s42,9,0.14329256249988334,0.09696873409880533,0.23161914200538997,0.12389841797079809,0.08139291405677795,0.21252751957010071,0.2966986397902171,0.22304899990558624
SNN_direct,1,42,SNN_direct_f1_s42,10,0.13838619538841107,0.09399192705750466,0.22197134165453206,0.11789293555803945,0.07938635349273682,0.19253291032651315,0.2979033562872145,0.22151540010236204
SNN_direct,1,42,SNN_direct_f1_s42,11,0.13146124695946537,0.09210240435269144,0.19679421303386957,0.11257303270479416,0.07707700878381729,0.17748011960488427,0.2992516299088796,0.23108989978209138
SNN_direct,1,42,SNN_direct_f1_s42,12,0.12696765095338827,0.08918952883945572,0.1888906105696628,0.10901897350262352,0.0763031616806984,0.1635790591096256,0.3003596511152056,0.23368599987588823
SNN_direct,1,42,SNN_direct_f1_s42,13,0.11728326464545927,0.08304657141367594,0.17118346615891672,0.10381381443913482,0.0741521492600441,0.14830832589545356,0.3014383163717058,0.22502919984981418
SNN_direct,1,42,SNN_direct_f1_s42,14,0.11640516667853455,0.08379193447116348,0.16306616103685542,0.09997898655725973,0.0725240409374237,0.13727472809918015,0.3023645155959659,0.22126660007052124
SNN_direct,1,42,SNN_direct_f1_s42,15,0.11169427811044587,0.08093652154008547,0.1537887828518019,0.096095288559748,0.07098395377397537,0.12555667392886316,0.3037758734491136,0.2235475000925362
SNN_direct,1,42,SNN_direct_f1_s42,16,0.10244599004150443,0.07448162345422639,0.13982183293639025,0.09312726561513923,0.06969837099313736,0.11714447311000939,0.30444604754447935,0.220986699918285
SNN_direct,1,42,SNN_direct_f1_s42,17,0.1012305277510533,0.07308804065816932,0.14071243546441978,0.0922731837463156,0.07021878659725189,0.11027198574531857,0.30529807143741183,0.22027510008774698
SNN_direct,1,42,SNN_direct_f1_s42,18,0.10090621692739957,0.07240153993997309,0.1425233849371324,0.08975410049084888,0.06873215734958649,0.10510971570631195,0.3062686224778493,0.22562690009362996
SNN_direct,1,42,SNN_direct_f1_s42,19,0.09534760875856582,0.06959864390600058,0.12874482426282624,0.08861401691278473,0.06875023245811462,0.09931892227335047,0.30705527663230897,0.21948070009239018
SNN_direct,1,42,SNN_direct_f1_s42,20,0.08912677436475508,0.0662469249839584,0.11439924690398336,0.08526383242079541,0.06695838272571564,0.09152724847539888,0.30762530234124924,0.22306349989958107
SNN_direct,1,42,SNN_direct_f1_s42,21,0.0858088998776931,0.06252817403421634,0.11640362921738379,0.08321507703449078,0.06590355932712555,0.08655758853682617,0.3084103816085392,0.22028859984129667
SNN_direct,1,42,SNN_direct_f1_s42,22,0.08712874500356077,0.06267459607786602,0.12227074462847368,0.08380579610276863,0.06730543822050095,0.08250178941133841,0.30864249335394967,0.22208629990927875
SNN_direct,1,42,SNN_direct_f1_s42,23,0.08141309193462215,0.06121723043421904,0.10097930750201554,0.0816843116964936,0.06657207012176514,0.0755612078736423,0.3093071328269111,0.2240219002123922
SNN_direct,1,42,SNN_direct_f1_s42,24,0.08759063311269913,0.06324620699096058,0.1217221306086928,0.08160799652094318,0.06683716922998428,0.07385413645479445,0.30964930454889933,0.22032610001042485
SNN_direct,1,42,SNN_direct_f1_s42,25,0.08137386206310919,0.06096299391032921,0.10205434076389987,0.07977109557510909,0.06599146127700806,0.0688981714905051,0.31040475169817605,0.22151800012215972
SNN_direct,1,42,SNN_direct_f1_s42,26,0.07670039982038022,0.05794882545661595,0.09375787181882131,0.0786554749328295,0.06563793867826462,0.06508768127282437,0.3111591849062178,0.21764910011552274
SNN_direct,1,42,SNN_direct_f1_s42,27,0.07745013658938503,0.056361721145610014,0.10544207721887507,0.07862657841602544,0.06607774645090103,0.06274415982562202,0.3112096236811744,0.2186857999768108
SNN_direct,1,42,SNN_direct_f1_s42,28,0.07455052974146545,0.05726206635849344,0.08644231691486014,0.077377105016389,0.06556408107280731,0.059065119717908426,0.3115771532058716,0.2243061000481248
SNN_direct,1,42,SNN_direct_f1_s42,29,0.07047480879861315,0.05171139215429624,0.09381708322158445,0.07758083975467703,0.06596492230892181,0.0580795872287761,0.31236943668789335,0.22004920011386275
SNN_direct,1,42,SNN_direct_f1_s42,30,0.06997725818321412,0.051551270691884886,0.09212993745664624,0.07599187136559553,0.06514502316713333,0.05423424099231098,0.31231005125575595,0.21860840008594096
SNN_direct,1,42,SNN_direct_f1_s42,31,0.06639536229953648,0.048638239471862715,0.08878561413836883,0.07422726335047491,0.06348864734172821,0.053693080043733535,0.31295270456208124,0.22330920002423227
SNN_direct,1,42,SNN_direct_f1_s42,32,0.06735685765996265,0.04920830624178052,0.09074275709091056,0.07462155704200849,0.064195916056633,0.052128204926877426,0.313232770231035,0.21848909999243915
SNN_direct,1,42,SNN_direct_f1_s42,33,0.06446519641157139,0.04818319545851813,0.08141000476526633,0.07340456450733754,0.06358224898576736,0.04911157760785086,0.31351914803187053,0.21678770007565618
SNN_direct,1,42,SNN_direct_f1_s42,34,0.06333118203819828,0.04694151803851128,0.08194831999843499,0.07393091789393097,0.06437914073467255,0.04775888579629211,0.31389870180024043,0.2181011000648141
SNN_direct,1,42,SNN_direct_f1_s42,35,0.06152898554273831,0.044957611290737984,0.08285687126000166,0.07443226533606823,0.06531207263469696,0.04560096350685633,0.3139522161748674,0.21935419994406402
SNN_direct,1,42,SNN_direct_f1_s42,36,0.06539367046319117,0.048228025891714627,0.08582822285738263,0.07416966404300183,0.065140001475811,0.04514831283595412,0.31467392841974895,0.21865699999034405
SNN_direct,1,42,SNN_direct_f1_s42,37,0.0595043384628254,0.04314208685730894,0.08181125802758224,0.0728430226433883,0.06416812539100647,0.043374486261909116,0.3147669812043508,0.21610919991508126
SNN_direct,1,42,SNN_direct_f1_s42,38,0.05931536324959111,0.044755039834934805,0.0728016170732815,0.07252518478058557,0.06413409113883972,0.04195546820872925,0.31468777656555175,0.2175630999263376
SNN_direct,1,42,SNN_direct_f1_s42,39,0.06021382981136164,0.04354026888290213,0.0833678046422975,0.07020479185615501,0.06242876872420311,0.0388801156597595,0.3148397796683841,0.21834159991703928
SNN_direct,1,42,SNN_direct_f1_s42,40,0.05724874706747596,0.04340876992791891,0.06919988569778528,0.07061850280004098,0.06316723674535751,0.037256330273417335,0.3150380637910631,0.2161799999885261
SNN_direct,1,42,SNN_direct_f1_s42,41,0.054190842384910703,0.04151744531053636,0.06336698537187171,0.07043472513732735,0.0633462592959404,0.035442329206934776,0.3156014296743605,0.2121978998184204
SNN_direct,1,42,SNN_direct_f1_s42,42,0.055503815114030006,0.04222276506221129,0.06640525025909362,0.06843236344919404,0.061657171696424484,0.03387595876384777,0.31572910017437406,0.21449090004898608
SNN_direct,1,42,SNN_direct_f1_s42,43,0.05507770092213105,0.03918690233387881,0.0794539929412612,0.07043808292585926,0.06381639093160629,0.03310845997126489,0.3160576985941993,0.21931019984185696
SNN_direct,1,42,SNN_direct_f1_s42,44,0.05322266522857882,0.037835873756557704,0.07693395736010555,0.06980656637784059,0.06284749507904053,0.034795356494000305,0.31586969825956557,0.21873289998620749
SNN_direct,1,42,SNN_direct_f1_s42,45,0.05248165931575609,0.039080977553708686,0.06700340881023699,0.06844121157882208,0.061897438019514084,0.03271886779653994,0.3162689407666524,0.21845640009269118
SNN_direct,1,42,SNN_direct_f1_s42,46,0.050458351323615314,0.03588536087837484,0.07286495222620239,0.06920089102762163,0.06253398209810257,0.03333454464759527,0.3164090606901381,0.21626510005444288
SNN_direct,1,42,SNN_direct_f1_s42,47,0.04847798804772269,0.03668382354080677,0.058970822534579526,0.067313865078809,0.06104137748479843,0.03136243797005285,0.31658633020189075,0.21575789991766214
SNN_direct,1,42,SNN_direct_f1_s42,48,0.04883721150409074,0.03731064722459349,0.05763282139748622,0.0678924530945759,0.062030162662267685,0.02931145216154103,0.31676937143007916,0.2262265000026673
SNN_direct,1,42,SNN_direct_f1_s42,49,0.044800110432110095,0.033118883209923906,0.05840613611093096,0.0655509370578833,0.059647347778081894,0.02951794639900704,0.31674738261434765,0.2202586999628693
SNN_direct,1,42,SNN_direct_f1_s42,50,0.04632448637010613,0.03505777114381393,0.05633357613146105,0.0676102300951398,0.06196025758981705,0.028249862526613795,0.31724147730403474,0.2162277998868376
SNN_direct,1,42,SNN_direct_f1_s42,51,0.04533123138878005,0.03431536142921282,0.05507934979783614,0.06796492464878492,0.06248816102743149,0.027383818106767155,0.3173526697688632,0.21780649991706014
SNN_direct,1,42,SNN_direct_f1_s42,52,0.05002397108693689,0.036740656874866946,0.06641657106034968,0.06851951095300968,0.0629660114645958,0.0277674974420694,0.3172589017285241,0.2155351999681443
SNN_direct,1,42,SNN_direct_f1_s42,53,0.042913397361607035,0.03138857004750106,0.057624136570529866,0.06680808370076685,0.06136936694383621,0.02719358378465322,0.31727535592185124,0.21802449994720519
SNN_direct,1,42,SNN_direct_f1_s42,54,0.04789182297548598,0.03585806413450175,0.060168794204921154,0.06666316362207383,0.06135762110352516,0.026527712592743394,0.31791544490390355,0.21929490007460117
SNN_direct,1,42,SNN_direct_f1_s42,55,0.04297745467581158,0.03190725924602399,0.055350977148937906,0.0658641765787008,0.060526229441165924,0.02668973568767437,0.3176671928829617,0.21513339993543923
SNN_direct,1,42,SNN_direct_f1_s42,56,0.042410735098033905,0.03193256995744175,0.0523908257029608,0.06669915518523238,0.06165212020277977,0.025235174912263025,0.31778423521253796,0.21668200008571148
SNN_direct,1,42,SNN_direct_f1_s42,57,0.040439244655686754,0.030633033682695692,0.049031054864955334,0.06660492442472478,0.06192028895020485,0.02342317737259966,0.3178925977812873,0.21820269990712404
SNN_direct,1,42,SNN_direct_f1_s42,58,0.03933858182823486,0.029029712463832565,0.051544346822011464,0.06538165968348493,0.060650017112493515,0.023658212854957058,0.3182415028413137,0.21396249998360872
SNN_direct,1,42,SNN_direct_f1_s42,59,0.04095154009989554,0.03067977946355111,0.051358803181722146,0.0643455443901519,0.0598270557820797,0.022592443040361034,0.3181236982345581,0.21212880010716617
SNN_direct,1,42,SNN_direct_f1_s42,60,0.039393128796923256,0.0300943960254598,0.04649366385731725,0.0666773184503623,0.06238659471273422,0.021453618688140403,0.31853079266018336,0.2145568998530507
SNN_direct,1,42,SNN_direct_f1_s42,61,0.03711615192970892,0.027163831506752306,0.04976160211478311,0.06643138876809693,0.06211289390921593,0.021592474294404973,0.3187296542856428,0.21238779998384416
SNN_direct,1,42,SNN_direct_f1_s42,62,0.03633520542586548,0.027472252119332553,0.044314766532664585,0.06539441218812199,0.06126070395112038,0.020668541185008042,0.31851799223158095,0.21690190001390874
SNN_direct,1,42,SNN_direct_f1_s42,63,0.0390714782040522,0.026605342100891802,0.06233068051580196,0.06469627991216431,0.06016972288489342,0.022632785136354482,0.3190849920113881,0.218586599919945
SNN_direct,1,42,SNN_direct_f1_s42,64,0.03656476337188366,0.0278189096134156,0.043729268792340334,0.06430696593224712,0.060104601085186005,0.021011824235305586,0.3187301264868842,0.21560039999894798
SNN_direct,1,42,SNN_direct_f1_s42,65,0.035747361522441956,0.026911634023094343,0.04417863749673804,0.0669007878513779,0.06294266879558563,0.01979059527896133,0.3187976121902466,0.21748400013893843
SNN_direct,1,42,SNN_direct_f1_s42,66,0.03400990979797959,0.0248919864754296,0.04558961661274995,0.06531650624357997,0.06136344000697136,0.019765331183043033,0.3186465839544932,0.21455289982259274
SNN_direct,1,42,SNN_direct_f1_s42,67,0.033705297255905126,0.025732225050321883,0.039865361027916234,0.06388630304171491,0.060164857655763626,0.018607226929756467,0.31910268068313596,0.21292930003255606
SNN_direct,1,42,SNN_direct_f1_s42,68,0.0343893759267674,0.02465175327637957,0.048688113251939134,0.06723027500914913,0.06349402666091919,0.01868124174114971,0.319143240319358,0.2138250998686999
SNN_direct,1,42,SNN_direct_f1_s42,69,0.03247972231505286,0.024088034473566545,0.04195843920743157,0.06354719559342174,0.05979042500257492,0.01878385295423409,0.3190051151646508,0.21237739990465343
SNN_direct,1,42,SNN_direct_f1_s42,70,0.034010877434645814,0.0262593316535155,0.0387577289056516,0.06779766950065798,0.06445097923278809,0.016733451339349475,0.31935387783580355,0.21551700006239116
SNN_direct,1,42,SNN_direct_f1_s42,71,0.03335403204447004,0.024148838964497876,0.04602596539986079,0.06701737011762153,0.06353318691253662,0.01742091602542455,0.31901853018336823,0.2161139000672847
SNN_direct,1,42,SNN_direct_f1_s42,72,0.03184345535473554,0.024105900062972474,0.03868777645881532,0.06410910231396563,0.060703545808792114,0.017027782525867587,0.31957110034094915,0.21480570011772215
SNN_direct,1,42,SNN_direct_f1_s42,73,0.031707817565591837,0.02252238024957478,0.045927186580085294,0.06736573624846234,0.0637969896197319,0.017843733143652184,0.31935755809148153,0.21640819986350834
SNN_direct,1,42,SNN_direct_f1_s42,74,0.03418865721901852,0.02609212235030201,0.04048267434358255,0.06494670147461308,0.061415739357471466,0.017654810585708083,0.31946984065903555,0.2169223998207599
SNN_direct,1,42,SNN_direct_f1_s42,75,0.02952331627861378,0.02207231434683005,0.037255009658918634,0.062461853941435226,0.05910877138376236,0.01676541278836433,0.3196150289641486,0.21091130003333092
SNN_direct,1,42,SNN_direct_f1_s42,76,0.029519009889199834,0.022059024991984998,0.03729992448607418,0.06333709617897616,0.060045015066862106,0.01646040556057029,0.31969611247380575,0.21393970004282892
SNN_direct,1,42,SNN_direct_f1_s42,77,0.029515268996575007,0.02149775334013005,0.04008757828222477,0.061669954629002044,0.05836592987179756,0.016520123786022422,0.3197526805930667,0.21630099997855723
SNN_direct,1,42,SNN_direct_f1_s42,78,0.029419692198052575,0.020932459880390927,0.04243616158830824,0.06451038159999772,0.06131427362561226,0.01598053987192736,0.3197315474351247,0.21588940010406077
SNN_direct,1,42,SNN_direct_f1_s42,79,0.028943071547480673,0.021271395766072804,0.03835837890703934,0.06483538521314203,0.061598025262355804,0.01618679975393113,0.3198093447420332,0.21059899986721575
SNN_direct,1,42,SNN_direct_f1_s42,80,0.02934875337360494,0.021857181794217063,0.037457857896939395,0.06315915293322359,0.060033004730939865,0.015630741011418623,0.3197599305046929,0.21221869997680187
SNN_direct,1,42,SNN_direct_f1_s42,81,0.02883712191930486,0.02086900231273224,0.039840598032863064,0.06535489137509581,0.062252476811409,0.015512072818434103,0.3199905554453532,0.21459580003283918
SNN_direct,1,42,SNN_direct_f1_s42,82,0.028559508893766516,0.02072322856531375,0.039181401642263816,0.06442021112842086,0.06132378429174423,0.01548213418338316,0.31995070510440404,0.2184916001278907
SNN_direct,1,42,SNN_direct_f1_s42,83,0.029708121790723366,0.021989166397704846,0.03859477696509263,0.06308661553025992,0.05995979160070419,0.015634119647778635,0.32005705502298143,0.21308030001819134
SNN_direct,1,42,SNN_direct_f1_s42,84,0.027763305462033695,0.02021423634659085,0.0377453455772142,0.06480950642175679,0.06178206205368042,0.015137221840381802,0.3201597611109416,0.21240950003266335
SNN_direct,1,42,SNN_direct_f1_s42,85,0.028229260302886514,0.0196035795715741,0.043128403656562085,0.0645108366348174,0.061360228806734085,0.015753039140416553,0.3200852910677592,0.21529170009307563
SNN_direct,1,42,SNN_direct_f1_s42,86,0.02683339256772286,0.020210042513079115,0.0331167502732187,0.06355339992158383,0.06055157631635666,0.01500911802613587,0.32036689718564354,0.22501980001106858
SNN_direct,1,42,SNN_direct_f1_s42,87,0.026134207163325637,0.019219927303493024,0.034571399299163086,0.06272908198754006,0.05988900363445282,0.01420039176543619,0.3204461269908481,0.21868199994787574
SNN_direct,1,42,SNN_direct_f1_s42,88,0.025878108659273,0.019350931780516275,0.03263588439378362,0.06385620216834709,0.061078641563653946,0.013887803023465713,0.3201291302839915,0.21145049994811416
SNN_direct,1,42,SNN_direct_f1_s42,89,0.025966557569901263,0.019356085763623316,0.033052359031389734,0.06481154321853952,0.062091268599033356,0.013601373097530841,0.32061664594544304,0.2176734998356551
SNN_direct,1,42,SNN_direct_f1_s42,90,0.02468332491438801,0.017342687092928424,0.03670318910729789,0.06296509759734178,0.06005905568599701,0.014530209556723891,0.32055871155526905,0.21364769991487265
SNN_direct,1,42,SNN_direct_f1_s42,91,0.024036027674489816,0.0181004281492076,0.02967799762641108,0.06252467637126932,0.059784360229969025,0.013701580706501461,0.32047987911436293,0.21318860002793372
SNN_direct,1,42,SNN_direct_f1_s42,92,0.024294229285386052,0.01790024392410285,0.03196992680641601,0.06496179751180528,0.06232680380344391,0.013174968541806893,0.32064223024580213,0.22112839994952083
SNN_direct,1,314,SNN_direct_f1_s314,1,0.3990703945028428,0.28879568974177044,0.5513735238053616,0.2906649467451179,0.20392480492591858,0.4337007090959965,0.28854963978131615,0.22055800002999604
SNN_direct,1,314,SNN_direct_f1_s314,2,0.2544679147307811,0.16418265356785722,0.4514263058146193,0.19752200079576993,0.1262562870979309,0.35632856848919503,0.28706238269805906,0.21285360003821552
SNN_direct,1,314,SNN_direct_f1_s314,3,0.21198668507851284,0.13676594810353385,0.3761036848748951,0.16579952699837283,0.1062493547797203,0.29775086109326265,0.2860466652446323,0.21830800012685359
SNN_direct,1,314,SNN_direct_f1_s314,4,0.18535038739248327,0.1172799144561092,0.3403523646818704,0.14753228928209094,0.09681883454322815,0.2535672736943139,0.28544647097587583,0.21416400000452995
SNN_direct,1,314,SNN_direct_f1_s314,5,0.17447953063631466,0.11338102262881067,0.30549254003751997,0.13625075004739554,0.092149518430233,0.22050615808581267,0.28567124207814537,0.21174689987674356
SNN_direct,1,314,SNN_direct_f1_s314,6,0.14972667655187014,0.09906220841738912,0.253322340672405,0.12870145235802527,0.08981049805879593,0.19445477149614662,0.2858583238389757,0.21590339997783303
SNN_direct,1,314,SNN_direct_f1_s314,7,0.1416099558341926,0.09626019336283206,0.22674881235680278,0.12029697016090435,0.08616767078638077,0.17064649687261785,0.286411800649431,0.21544639999046922
SNN_direct,1,314,SNN_direct_f1_s314,8,0.13438212153212448,0.09078987350480425,0.21796124013660093,0.11471409330533301,0.08434765040874481,0.151832214482941,0.28731140825483537,0.2171410999726504
SNN_direct,1,314,SNN_direct_f1_s314,9,0.12344844184733189,0.08359868530597951,0.19924878270676188,0.11047118961021908,0.08278520405292511,0.13842992778646984,0.2881557908323076,0.21229189983569086
SNN_direct,1,314,SNN_direct_f1_s314,10,0.12143521118287336,0.08118993900716305,0.20122636087855159,0.10699372795071001,0.08145663887262344,0.1276854453904328,0.28919523358345034,0.21520689991302788
SNN_direct,1,314,SNN_direct_f1_s314,11,0.12106553463184769,0.08260494888656669,0.192302928726405,0.10481518488354123,0.08048133552074432,0.12166924681398451,0.2897817234198252,0.21325630019418895
SNN_direct,1,314,SNN_direct_f1_s314,12,0.10987136132804969,0.07713362946071559,0.16368865933667057,0.10113724238532262,0.07909905165433884,0.11019095365491892,0.2907374805874295,0.21090609999373555
SNN_direct,1,314,SNN_direct_f1_s314,13,0.10791822093965962,0.07367390472855832,0.1712215810555063,0.09849147610435977,0.07757412642240524,0.1045867484097726,0.2915694706969791,0.21479399991221726
SNN_direct,1,314,SNN_direct_f1_s314,14,0.10628756562466522,0.07283201739192009,0.16727774116372565,0.09727713011460512,0.07745347172021866,0.09911829197193232,0.2921601845158471,0.21369730005972087
SNN_direct,1,314,SNN_direct_f1_s314,15,0.09718419444209372,0.06909342657567727,0.1404538393320824,0.0934987873978611,0.07509288936853409,0.09202949014663511,0.29300474921862285,0.21243289997801185
SNN_direct,1,314,SNN_direct_f1_s314,16,0.09627138530168002,0.06765171230977608,0.14309836495951964,0.09133775066305823,0.07414360344409943,0.08597073609479398,0.2938273376888699,0.21609209990128875
SNN_direct,1,314,SNN_direct_f1_s314,17,0.0956739533753183,0.06549457642767165,0.15089688473823315,0.08822797690898274,0.07131568342447281,0.08456146742254961,0.2945573316680061,0.2125051999464631
SNN_direct,1,314,SNN_direct_f1_s314,18,0.09358450085619305,0.06632964095721643,0.1362742994948831,0.08919100119323235,0.07347394526004791,0.07858527966592217,0.2950200703408983,0.2106019000057131
SNN_direct,1,314,SNN_direct_f1_s314,19,0.08638014429183732,0.06403950223078331,0.11170321030527013,0.08443108133873047,0.06955861300230026,0.07436234168215101,0.29578856163554723,0.21199480001814663
SNN_direct,1,314,SNN_direct_f1_s314,20,0.09060443185635095,0.06292183897975419,0.13841296438298378,0.08448629046230348,0.070236437022686,0.07124926719808737,0.2959401958518558,0.21504449984058738
SNN_direct,1,314,SNN_direct_f1_s314,21,0.08921311573924876,0.06542799579393532,0.11892559972656706,0.08141127724925816,0.06795608997344971,0.06727593637904228,0.29695219066407946,0.21352510014548898
SNN_direct,1,314,SNN_direct_f1_s314,22,0.08613006698802822,0.05843256385996938,0.13848751564029418,0.0821795947072778,0.06886129826307297,0.06659148222102415,0.2970544245507982,0.21222020010463893
SNN_direct,1,314,SNN_direct_f1_s314,23,0.08271068326007662,0.057522359397262336,0.12594161931407138,0.08007342009332229,0.06690265238285065,0.06585383855235818,0.29735265241728887,0.20982280001044273
SNN_direct,1,314,SNN_direct_f1_s314,24,0.07849666134091011,0.05679287353737487,0.10851893901767619,0.08043305113177596,0.06795745342969894,0.062377988510385056,0.2975949618551466,0.21710700006224215
SNN_direct,1,314,SNN_direct_f1_s314,25,0.07598827937157927,0.05454344694088731,0.10722416215345983,0.07894545361942197,0.06734845042228699,0.057985015985674904,0.29783390031920537,0.2173581998795271
SNN_direct,1,314,SNN_direct_f1_s314,26,0.07615357673365439,0.052665595430880785,0.11743990651386797,0.07690537016232414,0.06581006199121475,0.05547654085554692,0.2983630451891157,0.21594939986243844
SNN_direct,1,314,SNN_direct_f1_s314,27,0.07337233056771021,0.05432169298744864,0.0952531879013079,0.07692158352763528,0.06647182255983353,0.05224880483900878,0.2987034923500485,0.21822910010814667
SNN_direct,1,314,SNN_direct_f1_s314,28,0.07801956870146695,0.05090958981050386,0.1355498944548155,0.07643585266574428,0.06534938514232635,0.05543233761708963,0.29894084069463944,0.21277519990690053
SNN_direct,1,314,SNN_direct_f1_s314,29,0.07094386702527837,0.05070292295681106,0.1012047203423366,0.07459895134047602,0.06378256529569626,0.054081930223898816,0.298881604274114,0.21633379999548197
SNN_direct,1,314,SNN_direct_f1_s314,30,0.0750963483297545,0.05310211398949226,0.10997117170131115,0.07709867382018806,0.06640882045030594,0.05344926684941064,0.2990475316842397,0.21913020010106266
SNN_direct,1,314,SNN_direct_f1_s314,31,0.07400582196177644,0.05027576102875173,0.11865030466512347,0.0756740553106103,0.06507766991853714,0.0529819269603658,0.29927655392222935,0.2259420999325812
SNN_direct,1,314,SNN_direct_f1_s314,32,0.07022971137698378,0.04908371952672799,0.10572995925127888,0.07622347718731405,0.06522998958826065,0.05496743799526698,0.29901680880122716,0.21765220002271235
SNN_direct,1,314,SNN_direct_f1_s314,33,0.06646579499876193,0.04678079396900203,0.0984250051487995,0.07552950685124299,0.06502992659807205,0.05249790126585468,0.2993605719672309,0.21873959992080927
SNN_direct,1,314,SNN_direct_f1_s314,34,0.06630028886752223,0.04712839225927989,0.09585948304121164,0.07323684797255248,0.0628945529460907,0.05171147513230885,0.2993321869108412,0.22264489997178316
SNN_direct,1,314,SNN_direct_f1_s314,35,0.06476663950590468,0.04609644506126642,0.09335097222319136,0.07586197661916287,0.06601285189390182,0.04924562362630524,0.2996908677948846,0.21239360002800822
SNN_direct,1,314,SNN_direct_f1_s314,36,0.06257819497726817,0.04622704103175137,0.08175576972758403,0.07346974200474801,0.06450316309928894,0.044832894527295324,0.29992412593629625,0.21848549996502697
SNN_direct,1,314,SNN_direct_f1_s314,37,0.06321809955250006,0.046720848491208423,0.08248625530645816,0.07346428491252059,0.06483002007007599,0.043171324212223035,0.30024131933848064,0.21968040009960532
SNN_direct,1,314,SNN_direct_f1_s314,38,0.06412281734130781,0.04340610404809316,0.10358356646607327,0.07359399509926637,0.06488478928804398,0.043546029056111976,0.3003928886519538,0.21264920011162758
SNN_direct,1,314,SNN_direct_f1_s314,39,0.06069447303305505,0.043559254540337454,0.085676092463588,0.07114055841851463,0.06265050172805786,0.04245028345228385,0.3002961244848039,0.21625549998134375
SNN_direct,1,314,SNN_direct_f1_s314,40,0.059682306403020774,0.04195889668125245,0.08861704860884172,0.07343442601703015,0.06522402912378311,0.041051984466235175,0.300449980629815,0.21487869997508824
SNN_direct,1,314,SNN_direct_f1_s314,41,0.06094328663513695,0.04316780131517185,0.08887742659982541,0.07366853508015375,0.06537026911973953,0.04149132980207109,0.30047940346929763,0.21244089980609715
SNN_direct,1,314,SNN_direct_f1_s314,42,0.057655079891986365,0.04039027997189098,0.08632399960047694,0.07211177684790296,0.06392627954483032,0.040927486515363154,0.3003514051437378,0.21268539992161095
SNN_direct,1,314,SNN_direct_f1_s314,43,0.05279144740222218,0.038880202676066095,0.06955622363078044,0.07255441124829524,0.06505286693572998,0.03750772156282633,0.30050887664159137,0.22441460005939007
SNN_direct,1,314,SNN_direct_f1_s314,44,0.057566091050514134,0.03800276268480553,0.09781664182854301,0.07210105529248662,0.06413111090660095,0.03984972192942835,0.3005928556124369,0.2128572000656277
SNN_direct,1,314,SNN_direct_f1_s314,45,0.05471702013824406,0.03880065762851801,0.07958181254863025,0.07248236841266116,0.06501598656177521,0.037331909254429765,0.3007319410641988,0.21024929988197982
SNN_direct,1,314,SNN_direct_f1_s314,46,0.05368519229483359,0.03842943878326979,0.07627876755781898,0.07192348213603784,0.06495398283004761,0.03484749652995116,0.3008317814932929,0.21254410012625158
SNN_direct,1,314,SNN_direct_f1_s314,47,0.05504590310555161,0.03820629383747776,0.08419804634036927,0.07272881427380137,0.06540753692388535,0.036606386749580146,0.3009353425767687,0.21928440011106431
SNN_direct,1,314,SNN_direct_f1_s314,48,0.04956920696029435,0.036340844351798296,0.06614181304248028,0.06959679021147541,0.06271747499704361,0.034396576072159006,0.3011163201597002,0.2116018000524491
SNN_direct,1,314,SNN_direct_f1_s314,49,0.05029929574695317,0.03576499933583869,0.07267148205557239,0.0700653222298309,0.06339385360479355,0.033357343125186796,0.30123299426502653,0.21554779983125627
SNN_direct,1,314,SNN_direct_f1_s314,50,0.050750454789801246,0.03585084080696106,0.07449806991420087,0.07188154942969316,0.06504432111978531,0.034186141549539244,0.3011025759908888,0.213349100202322
SNN_direct,1,314,SNN_direct_f1_s314,51,0.0492219059571985,0.03552023485923807,0.06850835548980219,0.07342337411062755,0.06705596297979355,0.031837055654169964,0.3013652933968438,0.21215310017578304
SNN_direct,1,314,SNN_direct_f1_s314,52,0.04921138952047758,0.03498716737764577,0.07112111071415901,0.07082844677026895,0.06448442488908768,0.031720109405906326,0.3013990031348334,0.21887529990635812
SNN_direct,1,314,SNN_direct_f1_s314,53,0.047284571962790976,0.03368981360043916,0.06797379181175911,0.07144114413164118,0.06508077681064606,0.03180183660497561,0.3014186792903476,0.21469310019165277
SNN_direct,1,314,SNN_direct_f1_s314,54,0.047384282881646485,0.033883419550127455,0.06750431665759514,0.07174334009198292,0.06574688106775284,0.02998229512115041,0.301437646150589,0.2157811000943184
SNN_direct,1,314,SNN_direct_f1_s314,55,0.04396572465643463,0.03218264784146514,0.05891538407484737,0.0724483356518726,0.06652109324932098,0.02963621201275811,0.3014862954616547,0.21515739988535643
SNN_direct,1,314,SNN_direct_f1_s314,56,0.044705828508519424,0.03144913795404136,0.06628345277239034,0.07117696840421955,0.06519447267055511,0.029912478668322185,0.30140511790911356,0.21361680002883077
SNN_direct,1,314,SNN_direct_f1_s314,57,0.04196194034062334,0.03132190058628718,0.053200198771680814,0.07069592083716182,0.0651489645242691,0.027734781564463577,0.30193972322675916,0.21223119995556772
SNN_direct,1,314,SNN_direct_f1_s314,58,0.045223609648923926,0.03202877909772926,0.06597415275597339,0.07121967510260406,0.06559266149997711,0.02813506801313477,0.3017991211679247,0.21711200010031462
SNN_direct,1,314,SNN_direct_f1_s314,59,0.043398361028039074,0.03113519185119205,0.06131584588423516,0.06844225637239187,0.06279242038726807,0.028249179925619063,0.301964412132899,0.20999219990335405
SNN_direct,1,314,SNN_direct_f1_s314,60,0.04409721458925414,0.029881604828147425,0.07107804880553356,0.07291938054337271,0.06701692193746567,0.029512293029535196,0.3018993331326379,0.21404669992625713
SNN_direct,1,314,SNN_direct_f1_s314,61,0.041312606801008143,0.028828498038152853,0.06242054381427645,0.0693471816559906,0.06358856707811356,0.02879307288938526,0.3017147375477685,0.21250279992818832
SNN_direct,1,314,SNN_direct_f1_s314,62,0.04433928627417043,0.029633154223362605,0.07353066025403908,0.07522964329467115,0.06957225501537323,0.028286941396489573,0.3020677864551544,0.21806140011176467
SNN_direct,1,314,SNN_direct_f1_s314,63,0.04166110249128215,0.029124448262155055,0.06268327114563547,0.07046529406560709,0.06468068063259125,0.028923067165079173,0.301621898677614,0.2140801001805812
SNN_direct,1,314,SNN_direct_f1_s314,64,0.04164521564739577,0.0299139391268707,0.05865638260262532,0.07293547084540342,0.06757499277591705,0.02680239034743183,0.30212102863523693,0.21234570001251996
SNN_direct,1,314,SNN_direct_f1_s314,65,0.038624793712333426,0.027761061717238692,0.05431865997547367,0.06924051930048072,0.06406331807374954,0.025886006133655895,0.3019785629378425,0.21367079997435212
SNN_direct,1,314,SNN_direct_f1_s314,66,0.04086916993962015,0.027079967150671614,0.06894601394474263,0.07153488336296715,0.06629810482263565,0.026183892701657465,0.3024717734919654,0.21686429996043444
SNN_direct,1,314,SNN_direct_f1_s314,67,0.038126274115177744,0.02619629525062111,0.059649894322783246,0.07228473021954007,0.06707324087619781,0.026057446716711247,0.3021228167745802,0.21833930001594126
SNN_direct,1,314,SNN_direct_f1_s314,68,0.03868704909447227,0.02601751429028809,0.06334767402092092,0.06923495611868766,0.06391511857509613,0.026599187717957617,0.30212732752164206,0.21672490006312728
SNN_direct,1,314,SNN_direct_f1_s314,69,0.038534233943477755,0.026057113924374185,0.06238560009551783,0.07036132146797387,0.06504911184310913,0.026561048124323715,0.30210196839438547,0.21774799982085824
SNN_direct,1,314,SNN_direct_f1_s314,70,0.03541627805294398,0.02545195486293071,0.04982161595006634,0.07692494708800984,0.07194387912750244,0.02490533980253701,0.30199393762482535,0.21472469996660948
SNN_direct,1,314,SNN_direct_f1_s314,71,0.036935645338471275,0.02708782447088096,0.049239104337951596,0.07340373793584613,0.06859780848026276,0.024029647277916906,0.30259038474824695,0.21759229991585016
SNN_direct,1,314,SNN_direct_f1_s314,72,0.035151517269218814,0.02462831341351072,0.05261601927854045,0.07111180526218369,0.06631822139024734,0.023967919359681764,0.30228441821204294,0.21331429993733764
SNN_direct,1,314,SNN_direct_f1_s314,73,0.03512729956050485,0.02423214499010808,0.05447577285198387,0.07173474653798893,0.06705062836408615,0.023420590869513903,0.3025124278333452,0.21565079991705716
SNN_direct,1,314,SNN_direct_f1_s314,74,0.0362259569885758,0.025815813465871744,0.05205071761352032,0.07105138609761273,0.06646206229925156,0.022946618991805858,0.3025615917311774,0.21688850014470518
SNN_direct,1,2718,SNN_direct_f1_s2718,1,0.657523766918138,0.5446347807844479,0.5644449306684491,0.552088472963865,0.46262019872665405,0.44734137118605444,0.2802837232748667,0.21624640002846718
SNN_direct,1,2718,SNN_direct_f1_s2718,2,0.3707580733966872,0.27954142292340595,0.456083252366406,0.3062681110625698,0.23185282945632935,0.3720764080312022,0.2829534689585368,0.21580520016141236
SNN_direct,1,2718,SNN_direct_f1_s2718,3,0.26805339765949293,0.18908762079146174,0.3948288843401556,0.20829962988787354,0.144818976521492,0.31740326683190756,0.2856462415721681,0.21295340009965003
SNN_direct,1,2718,SNN_direct_f1_s2718,4,0.2194225072439577,0.14867593116230435,0.35373288040826667,0.17056580590403342,0.11568420380353928,0.27440801050247066,0.28702446156077915,0.2157179000787437
SNN_direct,1,2718,SNN_direct_f1_s2718,5,0.18929102182610555,0.13078234042558406,0.29254340700260734,0.1487844464981296,0.10113154351711273,0.2382645149050843,0.2873904287815094,0.2122998998966068
SNN_direct,1,2718,SNN_direct_f1_s2718,6,0.1723926889786196,0.12139193635019992,0.25500376314209827,0.13533227012396973,0.09365182369947433,0.208402232122477,0.28775441977712846,0.21502789994701743
SNN_direct,1,2718,SNN_direct_f1_s2718,7,0.16152309437195403,0.1109958451655176,0.2526362460321821,0.12532336531584137,0.08834747970104218,0.1848794280739959,0.2875461392932468,0.21465019998140633
SNN_direct,1,2718,SNN_direct_f1_s2718,8,0.14907164365234157,0.10308145864142312,0.22995092505459214,0.11707209126646645,0.08369392901659012,0.16689081124938165,0.28748428059948816,0.2163328998722136
SNN_direct,1,2718,SNN_direct_f1_s2718,9,0.14475241090017357,0.10005190786388185,0.2235025151814587,0.11200433021254629,0.08151757717132568,0.152433765206103,0.2881896297136943,0.2157274999190122
SNN_direct,1,2718,SNN_direct_f1_s2718,10,0.1335116801003618,0.09315736353811291,0.2017715828112445,0.108503556108549,0.08074357360601425,0.1387999125126738,0.28819548421435887,0.21040350012481213
SNN_direct,1,2718,SNN_direct_f1_s2718,11,0.12466939095023953,0.08690286889258358,0.18883261028827972,0.10270861772663682,0.07770757377147675,0.1250052197758004,0.28882980744043985,0.21576240006834269
SNN_direct,1,2718,SNN_direct_f1_s2718,12,0.11875935732433175,0.08545609166224798,0.16651632831041885,0.0990880742511274,0.07609043270349503,0.11498820773816183,0.2892586800787184,0.21798090008087456
SNN_direct,1,2718,SNN_direct_f1_s2718,13,0.11573644570539793,0.0823794480620159,0.16678498821691012,0.09643013576863804,0.07509277015924454,0.10668682804696748,0.28977708054913415,0.20851350016891956
SNN_direct,1,2718,SNN_direct_f1_s2718,14,0.1146102951595143,0.08487294676403205,0.14868674197741139,0.09377263491387215,0.07410848885774612,0.09832073028063013,0.2898048977057139,0.21750170015729964
SNN_direct,1,2718,SNN_direct_f1_s2718,15,0.1053418795711065,0.07666759815894895,0.14337140706078766,0.09139590124590932,0.07329525798559189,0.09050321630158716,0.290705230500963,0.21052960003726184
SNN_direct,1,2718,SNN_direct_f1_s2718,16,0.1085279686692384,0.07992966452406512,0.1429915207258664,0.08983352802101975,0.07288777828216553,0.08472874869427113,0.29113471806049346,0.2124990001320839
SNN_direct,1,2718,SNN_direct_f1_s2718,17,0.09640704429531848,0.07024902730352349,0.1307900849589749,0.08550214431936218,0.06997937709093094,0.07761383614215617,0.2915210035112169,0.21473030000925064
SNN_direct,1,2718,SNN_direct_f1_s2718,18,0.09968032057517985,0.07301963937158386,0.13330340601798,0.08379059379461956,0.06902172416448593,0.07384434815066811,0.2917977150943544,0.21036899997852743
SNN_direct,1,2718,SNN_direct_f1_s2718,19,0.09160855052455133,0.06644001269920005,0.12584268912675634,0.08254063185762811,0.06874845921993256,0.06896086318847779,0.2922015084160699,0.21337669994682074
SNN_direct,1,2718,SNN_direct_f1_s2718,20,0.09152042742068599,0.06616277551899354,0.1267882595084623,0.08059200196222306,0.06740866601467133,0.0659166797377587,0.29260189202096726,0.21272039995528758
SNN_direct,1,2718,SNN_direct_f1_s2718,21,0.08919410607163118,0.06334647598365943,0.12923815043985867,0.08009851457783226,0.06752520054578781,0.06286657016022229,0.2931595378451877,0.2108956000301987
SNN_direct,1,2718,SNN_direct_f1_s2718,22,0.08428111126129118,0.061997457986904515,0.1114182663719333,0.0796199887729833,0.06774841994047165,0.059357844162558286,0.2933477613661024,0.2136656001675874
SNN_direct,1,2718,SNN_direct_f1_s2718,23,0.08305004491532318,0.05911500826478004,0.1196751832527157,0.07740994240926155,0.06622482091188431,0.05592560748688621,0.29317222767406037,0.210761200170964
SNN_direct,1,2718,SNN_direct_f1_s2718,24,0.08078173805733554,0.05841807334994276,0.11181832353696392,0.07677218656064333,0.06587086617946625,0.054506601905885424,0.293626868724823,0.2151886997744441
SNN_direct,1,2718,SNN_direct_f1_s2718,25,0.07701550251776344,0.057844169613801774,0.09585666451980836,0.07646379938082207,0.06616223603487015,0.05150781672975959,0.2935997486114502,0.2129867000039667
SNN_direct,1,2718,SNN_direct_f1_s2718,26,0.07467993762736012,0.05458449273266726,0.10047722447346431,0.07524669493972164,0.06564111262559891,0.048027911570613674,0.2938144067923228,0.21136579988524318
SNN_direct,1,2718,SNN_direct_f1_s2718,27,0.07510420426857088,0.054160749234466087,0.10471727517052393,0.07330392409028991,0.06388042867183685,0.04711747709226525,0.29408346480793424,0.21537539991550148
SNN_direct,1,2718,SNN_direct_f1_s2718,28,0.07634736422084368,0.05420664439184798,0.1107035991449785,0.07340128967288963,0.0640610009431839,0.04670144364852865,0.29414132171207,0.21364259999245405
SNN_direct,1,2718,SNN_direct_f1_s2718,29,0.06981611505871764,0.050568725375665556,0.09623694841526044,0.07299991194828996,0.06387760490179062,0.04561153523249674,0.2945577661196391,0.21090720011852682
SNN_direct,1,2718,SNN_direct_f1_s2718,30,0.0676041293409441,0.04955477535517679,0.09024676992883655,0.07243817263517842,0.06368081271648407,0.043786799593471766,0.2941357062922584,0.21155390003696084
SNN_direct,1,2718,SNN_direct_f1_s2718,31,0.0682033448778278,0.048865260483904015,0.09669042196961883,0.07175173100791987,0.06348533928394318,0.04133195861988351,0.29434809022479586,0.20939640002325177
SNN_direct,1,2718,SNN_direct_f1_s2718,32,0.06495237594701132,0.04832830693986681,0.08312034503572255,0.07165622511929383,0.0636705830693245,0.03992821024984666,0.2946463449133767,0.21237959992140532
SNN_direct,1,2718,SNN_direct_f1_s2718,33,0.06603969982667621,0.048206134637196855,0.08916782594739675,0.07182586478352303,0.06412678211927414,0.038495413321244454,0.29519031511412724,0.20618239999748766
SNN_direct,1,2718,SNN_direct_f1_s2718,34,0.06125421060649757,0.04560274424859219,0.07825733178952689,0.06923299363854912,0.06190125271677971,0.0366587046088471,0.2951303008529875,0.21517159999348223
SNN_direct,1,2718,SNN_direct_f1_s2718,35,0.0648071210410539,0.04709116169768903,0.08857979671682444,0.07112457818894233,0.06382784247398376,0.03648367857479278,0.29506729907459683,0.2155244001187384
SNN_direct,1,2718,SNN_direct_f1_s2718,36,0.060445781329956864,0.04516343880030844,0.07641171264824212,0.06904288082820222,0.062277331948280334,0.03382774439960939,0.2952443321545919,0.20746489986777306
SNN_direct,1,2718,SNN_direct_f1_s2718,37,0.06077162404956213,0.044490106103734835,0.08140758972913642,0.06930088633063577,0.0625627189874649,0.03369083671585433,0.29511084887716504,0.2097402000799775
SNN_direct,1,2718,SNN_direct_f1_s2718,38,0.0624539895839276,0.044751431006524296,0.0885127928870165,0.06786115104128024,0.06102132052183151,0.034199152597243605,0.29567292597558764,0.21323150000534952
SNN_direct,1,2718,SNN_direct_f1_s2718,39,0.05841325558450915,0.04407669872873359,0.07168278427887771,0.06962460275452201,0.06328993290662766,0.03167334923947178,0.2956206566757626,0.2108858001884073
SNN_direct,1,2718,SNN_direct_f1_s2718,40,0.0548996048374033,0.04166237817973727,0.06618613328833022,0.06865381088223152,0.06257297098636627,0.030404199479326224,0.2957407799031999,0.21310109994374216
SNN_direct,1,2718,SNN_direct_f1_s2718,41,0.05530194579625691,0.039771427772939204,0.0776525901165885,0.06883899016806282,0.06270214170217514,0.03068424232943837,0.29584018654293487,0.21937950002029538
SNN_direct,1,2718,SNN_direct_f1_s2718,42,0.055595368877558636,0.040587879810482265,0.07503744533538187,0.06743945781452686,0.06159792095422745,0.02920768430149705,0.29562039573987325,0.20723679987713695
SNN_direct,1,2718,SNN_direct_f1_s2718,43,0.05376703188898609,0.038857976461036337,0.07454527713974878,0.0676355557309716,0.06203928589820862,0.027981349163814926,0.29555695123142667,0.21263920003548265
SNN_direct,1,2718,SNN_direct_f1_s2718,44,0.051134327024866,0.038506258636092146,0.06314034194386924,0.06680395170983153,0.06135551631450653,0.027242176976625017,0.29556811253229776,0.21538379997946322
SNN_direct,1,2718,SNN_direct_f1_s2718,45,0.051469714851080685,0.0371096118612008,0.0718005149493994,0.06716086444484122,0.06177159771323204,0.026946333658045905,0.29613518052630955,0.2129009000491351
SNN_direct,1,2718,SNN_direct_f1_s2718,46,0.05243385481557738,0.03634484230230252,0.08044506256637436,0.06772819037089339,0.06204555928707123,0.02841315541911081,0.2958400421672397,0.2086791000328958
SNN_direct,1,2718,SNN_direct_f1_s2718,47,0.0502987756534838,0.036810845255644785,0.06743965198919508,0.06823963561147521,0.06282970309257507,0.027049662594500687,0.29628898170259266,0.21832770016044378
SNN_direct,1,2718,SNN_direct_f1_s2718,48,0.049840295054399505,0.035450596527920826,0.07194849263239335,0.06588993102514455,0.06048783287405968,0.027010490755424357,0.2959814800156487,0.20646569994278252
SNN_direct,1,2718,SNN_direct_f1_s2718,49,0.05122375514084296,0.03454889302762846,0.0833743105660725,0.06621777410787963,0.06083129346370697,0.02693240322086328,0.2960627880361345,0.21587810013443232
SNN_direct,1,2718,SNN_direct_f1_s2718,50,0.04822987289888644,0.03510742251657777,0.06561225191154325,0.06793044959658444,0.06275781989097595,0.025863148528042414,0.29607024788856506,0.21166049991734326
SNN_direct,1,2718,SNN_direct_f1_s2718,51,0.04825106871831087,0.03420944706950751,0.07020810824401685,0.06741897865095194,0.062260422855615616,0.02579277897668158,0.2966241975625356,0.21201510005630553
SNN_direct,1,2718,SNN_direct_f1_s2718,52,0.047956635675771735,0.03338529113680124,0.07285672269485247,0.0662266628929984,0.0612783245742321,0.024741691593831477,0.29642968939410314,0.21487949998117983
SNN_direct,1,2718,SNN_direct_f1_s2718,53,0.048149655215021646,0.033989205620148115,0.07080224797436765,0.06721794589642419,0.062400344759225845,0.02408800568599167,0.29647119442621866,0.205737299984321
SNN_direct,1,2718,SNN_direct_f1_s2718,54,0.043667991310892544,0.032238899254136616,0.057145460283779634,0.06785066350482874,0.06315780431032181,0.023464295972534674,0.2967958476808336,0.21522059990093112
SNN_direct,1,2718,SNN_direct_f1_s2718,55,0.04419165458838499,0.0315777581754244,0.06306948206480292,0.068816235433358,0.06411217898130417,0.023520282260269202,0.29649393889639114,0.21360760019160807
SNN_direct,1,2718,SNN_direct_f1_s2718,56,0.0432168092527353,0.030846775074799857,0.06185017088967722,0.06509912084764148,0.060463208705186844,0.02317956071227319,0.29688998063405353,0.2096597000490874
SNN_direct,1,2718,SNN_direct_f1_s2718,57,0.042776332849527844,0.031164063345123498,0.05806134752202177,0.067780982194134,0.06343992054462433,0.02170530824754837,0.29681990345319115,0.20768689992837608
SNN_direct,1,2718,SNN_direct_f1_s2718,58,0.04061842222812401,0.029410058164244725,0.05604182031939644,0.069272098532933,0.06518293172121048,0.02044583405861254,0.2966981649398804,0.21057020011357963
SNN_direct,1,2718,SNN_direct_f1_s2718,59,0.04085013562744599,0.031395596710758075,0.04727269458343952,0.0674800100944961,0.06358126550912857,0.01949372292683762,0.29681620597839353,0.2211677001323551
SNN_direct,1,2718,SNN_direct_f1_s2718,60,0.041984442037276096,0.030390197938929,0.057971220491735455,0.06569601963694147,0.06173612177371979,0.019799489316108383,0.2970092323091295,0.21570580010302365
SNN_direct,1,2718,SNN_direct_f1_s2718,61,0.04116279031915818,0.029667724058445956,0.05747533130356107,0.06674886693034866,0.0626886636018753,0.020301016642366797,0.29709671007262334,0.22009849990718067
SNN_direct,1,2718,SNN_direct_f1_s2718,62,0.03881034795150366,0.028560499779673086,0.05124924085915288,0.0671393334020471,0.06317568570375443,0.019818238491463372,0.2971360471513536,0.20889870007522404
SNN_direct,1,2718,SNN_direct_f1_s2718,63,0.03841577931286321,0.027869002122638955,0.05273388595112128,0.06493745497131946,0.06114296242594719,0.01897246272686138,0.2974881754981147,0.211640200112015
SNN_direct,1,2718,SNN_direct_f1_s2718,64,0.03821025666080092,0.027087524998933077,0.05561365830933918,0.06903228740082913,0.06515783816576004,0.019372246175345453,0.29732688665390017,0.21065240004099905
SNN_direct,1,2718,SNN_direct_f1_s2718,65,0.03787665277918976,0.02681973692961037,0.055284579247896974,0.06767424669356456,0.0639042928814888,0.018849769060378836,0.29709048867225646,0.20882249996066093
SNN_direct,1,2718,SNN_direct_f1_s2718,66,0.037229266873200384,0.02635308066383004,0.054380931046851703,0.06803571947093225,0.06432059407234192,0.018575626992951642,0.2973373466067844,0.21123909996822476
SNN_direct,1,2718,SNN_direct_f1_s2718,67,0.0336519010526699,0.025084656104445456,0.04283622474112217,0.06836119771647634,0.06491699814796448,0.017220997842559316,0.297614002890057,0.21366739994846284
SNN_direct,1,2718,SNN_direct_f1_s2718,68,0.0387601724039142,0.0282581713102344,0.05251000546839898,0.06703889257944591,0.0636252909898758,0.017068007947850575,0.2972381618287828,0.20864760014228523
SNN_direct,1,2718,SNN_direct_f1_s2718,69,0.035512739872599855,0.02490858396049589,0.053020779560519836,0.07078406386263995,0.06727804988622665,0.017530069882066478,0.2978136433495416,0.21162910014390945
SNN_direct,1,2718,SNN_direct_f1_s2718,70,0.0371418003907997,0.025044841329670615,0.060484795305645385,0.07009256012993248,0.06634009629487991,0.018762319175262845,0.2974568353758918,0.21637980011291802
SNN_direct,1,2718,SNN_direct_f1_s2718,71,0.03342845919235044,0.024444525730278756,0.04491966731035838,0.0680249262014627,0.06444627046585083,0.01789327867805934,0.29759261740578546,0.21666370006278157
SNN_direct,1,2718,SNN_direct_f1_s2718,72,0.0333956737499858,0.0246537152522554,0.04370979248865203,0.06868503286931199,0.06542528420686722,0.01629874331222389,0.2980126917362213,0.21391159994527698
SNN_direct,1,2718,SNN_direct_f1_s2718,73,0.03127934264401017,0.02314780499889619,0.0406576882255699,0.0676164758852616,0.06448134034872055,0.015675677682705204,0.2978207588195801,0.21174179995432496
SNN_direct,1,2718,SNN_direct_f1_s2718,74,0.033899050266285286,0.023939146406741607,0.049799519297718434,0.06929949033468841,0.06598001718521118,0.016597365747386156,0.2982001264890035,0.2131662000901997
SNN_direct,1,2718,SNN_direct_f1_s2718,75,0.030647722597513073,0.02247030502314576,0.040887087871836585,0.06873266589631634,0.06557631492614746,0.015781754850844397,0.2981558687157101,0.21721230004914105
SNN_direct,1,2718,SNN_direct_f1_s2718,76,0.03267647417193663,0.022991861501294706,0.048423063353209575,0.07239949545372064,0.0692957192659378,0.015518880938914185,0.2981312096118927,0.2147820999380201
SNN_direct,1,2718,SNN_direct_f1_s2718,77,0.031097446039464374,0.022883460065349935,0.0410699298705722,0.07010928180270101,0.06710769236087799,0.015007947209115085,0.2979829947153727,0.21459920005872846
SNN_direct,1,2718,SNN_direct_f1_s2718,78,0.03200865932345247,0.02185513943226801,0.05076759945592227,0.07070543432971908,0.0675976425409317,0.015538958943936925,0.29802859425544737,0.21347210020758212
SNN_direct,2,42,SNN_direct_f2_s42,1,0.6963952745747972,0.5685944697923131,0.639004023912421,0.4519481168977869,0.3299964964389801,0.6097581022940342,0.277582386136055,0.21648179995827377
SNN_direct,2,42,SNN_direct_f2_s42,2,0.4186117366041442,0.3148608254061805,0.5187545559898186,0.268089903012949,0.17073744535446167,0.48676228829243645,0.28052908016575706,0.2129379000980407
SNN_direct,2,42,SNN_direct_f2_s42,3,0.3027082193946261,0.21600245179401503,0.4335288380030557,0.18977714521048955,0.10899540781974792,0.4039086869537081,0.2840805060333676,0.21258289995603263
SNN_direct,2,42,SNN_direct_f2_s42,4,0.24080653618574147,0.1658186321457227,0.37493952020009386,0.14574940771379935,0.0791434794664383,0.3330296412368053,0.2872494869761997,0.207949300063774
SNN_direct,2,42,SNN_direct_f2_s42,5,0.2097166682222952,0.14484339563382997,0.3243663629423263,0.12117962612624064,0.06512129306793213,0.28029166529154254,0.28995801872677274,0.20765860006213188
SNN_direct,2,42,SNN_direct_f2_s42,6,0.19390853271381284,0.1349677671574884,0.2947038277816221,0.10570717713274297,0.05708612501621246,0.24310526058265247,0.2918960928916931,0.21231149998493493
SNN_direct,2,42,SNN_direct_f2_s42,7,0.1718347200542691,0.11987792501846949,0.25978397517899826,0.09404300558000053,0.05220119282603264,0.2092090637698395,0.2933970169888602,0.21267070015892386
SNN_direct,2,42,SNN_direct_f2_s42,8,0.16105727384172927,0.11456162712226312,0.2324782335973307,0.08701446987993125,0.05034836009144783,0.18333054894241707,0.2945858856042226,0.21465069986879826
SNN_direct,2,42,SNN_direct_f2_s42,9,0.15050290111711695,0.11053589685923523,0.19983502128940844,0.08294121751831202,0.050144024193286896,0.16398596662512555,0.2960375494427151,0.2132288001012057
SNN_direct,2,42,SNN_direct_f2_s42,10,0.14523619146197564,0.10546685427220331,0.19884668594886162,0.0771830184546844,0.04795118421316147,0.14615917120761465,0.29718493885464137,0.21083470014855266
SNN_direct,2,42,SNN_direct_f2_s42,11,0.13294621219268649,0.09901252157158322,0.16966845310551634,0.07468821574318803,0.048547204583883286,0.1307050557965237,0.2984293712510003,0.21661530015990138
SNN_direct,2,42,SNN_direct_f2_s42,12,0.12656287526804633,0.09529911989553107,0.1563187768625763,0.07178389726593247,0.048371754586696625,0.11706071339617921,0.2991023520628611,0.21339859999716282
SNN_direct,2,42,SNN_direct_f2_s42,13,0.12629467851203494,0.09441135981016689,0.15941659350934023,0.06925621305809081,0.048347726464271545,0.10454243296909632,0.300005128648546,0.2127035001758486
SNN_direct,2,42,SNN_direct_f2_s42,14,0.1144467918176731,0.08876766773561637,0.1283956204102837,0.06737427670239184,0.04867826774716377,0.09348004477614033,0.3007339126533932,0.2183554999064654
SNN_direct,2,42,SNN_direct_f2_s42,15,0.11537653172056389,0.08825819253300628,0.13559169593778808,0.06429804085958866,0.047577060759067535,0.08360490050260563,0.30165436797671846,0.20726940012536943
SNN_direct,2,42,SNN_direct_f2_s42,16,0.10865355052713495,0.08332403941700856,0.12664755555063198,0.06258769239416147,0.04747692495584488,0.07555383719158293,0.3022428446345859,0.20773849985562265
SNN_direct,2,42,SNN_direct_f2_s42,17,0.10416464906231639,0.08006893570224444,0.12047856680035983,0.061737472410225924,0.04801848530769348,0.0685949355126622,0.3029205600420634,0.21450509992428124
SNN_direct,2,42,SNN_direct_f2_s42,18,0.09982591092790163,0.07724146607021491,0.1129222242884336,0.05969560406902957,0.04719085991382599,0.06252372077601792,0.3036347985267639,0.20723589998669922
SNN_direct,2,42,SNN_direct_f2_s42,19,0.09762590471529281,0.07632876860184802,0.10648568056722389,0.05809228972092552,0.046637967228889465,0.05727161246018027,0.3039783782429165,0.2091685999184847
SNN_direct,2,42,SNN_direct_f2_s42,20,0.09863818469395866,0.07286524760226408,0.12886468545847282,0.0578259654597924,0.04733874276280403,0.05243611348494184,0.3043713046444787,0.21278739999979734
SNN_direct,2,42,SNN_direct_f2_s42,21,0.0906117595898344,0.07189450431615114,0.09358627636841628,0.05655393327328628,0.046847231686115265,0.04853350793585509,0.3048235873381297,0.2141988999210298
SNN_direct,2,42,SNN_direct_f2_s42,22,0.08658708310222545,0.06898750028469497,0.08799791408765242,0.055600802393559856,0.04671769216656685,0.04441555113496505,0.30531126260757446,0.2157616000622511
SNN_direct,2,42,SNN_direct_f2_s42,23,0.08458091989277994,0.066569067330824,0.09005926280977966,0.05412839800306836,0.04588087648153305,0.04123760760767655,0.30560352272457547,0.2044824999757111
SNN_direct,2,42,SNN_direct_f2_s42,24,0.08436230690423081,0.06476314175460074,0.09799582574815034,0.056141097294430266,0.04846133291721344,0.03839882188608412,0.30623398158285353,0.21192859997972846
SNN_direct,2,42,SNN_direct_f2_s42,25,0.08260677659637258,0.06518423131977519,0.08711272638298699,0.052814741447573796,0.0456056222319603,0.0360455960780675,0.3068492737081316,0.21029930002987385
SNN_direct,2,42,SNN_direct_f2_s42,26,0.07704849745247254,0.0619433312676847,0.07552583092393916,0.05247910978568355,0.045723237097263336,0.03377936344210105,0.30753853784667123,0.2114052998367697
SNN_direct,2,42,SNN_direct_f2_s42,27,0.07759515346990106,0.06185584632265899,0.07869653573621038,0.05102048261416198,0.04472751542925835,0.03146483592451813,0.30751945111486645,0.21176479989662766
SNN_direct,2,42,SNN_direct_f2_s42,28,0.07854430348422017,0.06350108644821578,0.07521608518002193,0.05135088344028442,0.04543139412999153,0.02959744655146445,0.3077469097243415,0.21209809998981655
SNN_direct,2,42,SNN_direct_f2_s42,29,0.07233639624883714,0.058917148131877185,0.06709624058479978,0.05060412568640573,0.04501429200172424,0.02794916842340743,0.3083579944239722,0.207124600186944
SNN_direct,2,42,SNN_direct_f2_s42,30,0.07092118556806781,0.05651434309159716,0.07203421238235329,0.04916800567054383,0.043883539736270905,0.026422329671364632,0.30802849001354643,0.20982969994656742
SNN_direct,2,42,SNN_direct_f2_s42,31,0.07001501656127967,0.05486969304167562,0.07572661759802031,0.05121896714010164,0.04615215212106705,0.025334075095172992,0.30874259604348075,0.21184430015273392
SNN_direct,2,42,SNN_direct_f2_s42,32,0.0671847038782942,0.05327754628120197,0.0695357879854612,0.04877302923860649,0.04402204230427742,0.023754934671645363,0.3090015649795532,0.2116310999263078
SNN_direct,2,42,SNN_direct_f2_s42,33,0.06869295115566888,0.05304822745836443,0.07822361848652229,0.047675669052925126,0.043117791414260864,0.0227893881933213,0.3089480208026038,0.20708149997517467
SNN_direct,2,42,SNN_direct_f2_s42,34,0.062204622468260785,0.050654928986397056,0.05774846740931868,0.048009382593650486,0.04368053749203682,0.02164422550806834,0.30925348334842256,0.21300680004060268
SNN_direct,2,42,SNN_direct_f2_s42,35,0.0626577783824298,0.048707115381128256,0.06975331500650762,0.04767072954847706,0.04349057748913765,0.02090076029669704,0.3092530263794793,0.21053369995206594
SNN_direct,2,42,SNN_direct_f2_s42,36,0.0625249269518992,0.050970261161112126,0.05777332895393544,0.046429467588961826,0.04245984926819801,0.01984809160381907,0.3094519688023461,0.21389609994366765
SNN_direct,2,42,SNN_direct_f2_s42,37,0.062442250500012494,0.0496530429356628,0.06394603782174849,0.04826430739282847,0.04446040466427803,0.019019513642752204,0.3098586248026954,0.2060424000956118
SNN_direct,2,42,SNN_direct_f2_s42,38,0.059212297325573066,0.046066904254257676,0.06572696535657692,0.04800256566532577,0.04430762305855751,0.0184747130338413,0.3094987240102556,0.214068999979645
SNN_direct,2,42,SNN_direct_f2_s42,39,0.05483084580257221,0.04512432797604965,0.04853258913261284,0.04635968251237294,0.04286926984786987,0.01745206332251535,0.309520873758528,0.2166981000918895
SNN_direct,2,42,SNN_direct_f2_s42,40,0.055900939668173034,0.04563662571211656,0.051321569780282336,0.04704046805928104,0.04367784783244133,0.016813101134198545,0.30957678225305346,0.21286699990741909
SNN_direct,2,42,SNN_direct_f2_s42,41,0.05311394988390542,0.042978357368459306,0.05067796257723058,0.04587574234697968,0.042650897055864334,0.016124226455576717,0.3095927490128411,0.2085953000932932
SNN_direct,2,42,SNN_direct_f2_s42,42,0.05439007817422726,0.04321081911524137,0.055896295294929496,0.04680796753818685,0.04369678720831871,0.01555590164934068,0.3099410898155636,0.2105382001027465
SNN_direct,2,42,SNN_direct_f2_s42,43,0.052519139301923555,0.04246602687570784,0.05026556213107857,0.04614134958814888,0.043132536113262177,0.015044067374433525,0.31005478103955586,0.2116074999794364
SNN_direct,2,42,SNN_direct_f2_s42,44,0.04902052322965454,0.04051317752649387,0.04253672851580335,0.04456841552158548,0.04170585051178932,0.014312825048980802,0.3099286072784,0.21084610000252724
SNN_direct,2,42,SNN_direct_f2_s42,45,0.04902696066956934,0.04082469241693616,0.04101134126316587,0.04551545071875407,0.04276350885629654,0.013759709312287658,0.3101674709055159,0.2159012001939118
SNN_direct,2,42,SNN_direct_f2_s42,46,0.04770650525330966,0.039473808758581676,0.04116348247363988,0.04553468096327716,0.04288196191191673,0.013263595256802138,0.310560589366489,0.22050370019860566
SNN_direct,2,42,SNN_direct_f2_s42,47,0.04574313378652743,0.037834398396727115,0.03954367694900159,0.046514350353753335,0.043982673436403275,0.012658384586750301,0.31042613784472145,0.21314210002310574
SNN_direct,2,42,SNN_direct_f2_s42,48,0.04633592217699119,0.037862466741353275,0.04236727717818955,0.044831086912554094,0.04237990453839302,0.012255911870805382,0.3108509586917029,0.21554210013709962
SNN_direct,2,42,SNN_direct_f2_s42,49,0.04614797027891935,0.036882120588173466,0.04632924845372937,0.04503456741155553,0.04263491928577423,0.011998240628906483,0.31062630414962766,0.23447980009950697
SNN_direct,2,42,SNN_direct_f2_s42,50,0.043941229733625214,0.03614197379599015,0.038996279688175366,0.04346899827841945,0.041181374341249466,0.0114381196858499,0.31064604454570344,0.21491759992204607
SNN_direct,2,42,SNN_direct_f2_s42,51,0.043825351973279636,0.0355207539577451,0.04152299007767268,0.04528933925607605,0.04307921603322029,0.011050616114278785,0.31087110704845855,0.2127724001184106
SNN_direct,2,42,SNN_direct_f2_s42,52,0.046970529779739194,0.03713580786974894,0.04917360954995127,0.04476728568764392,0.04257150739431381,0.010978891466650528,0.31090306838353476,0.215153600089252
SNN_direct,2,42,SNN_direct_f2_s42,53,0.0427931188523353,0.034666702058166264,0.04063208397084516,0.04510054206422167,0.04294389486312866,0.010783236005465036,0.3107309407658047,0.21343709994107485
SNN_direct,2,42,SNN_direct_f2_s42,54,0.04169070124032246,0.03368014904359976,0.04005276098361352,0.04609595384997896,0.04403013736009598,0.01032908244941489,0.3107319434483846,0.21255469997413456
SNN_direct,2,42,SNN_direct_f2_s42,55,0.042781490055119664,0.03259631767868996,0.05092586188214856,0.04483980563767957,0.0427820086479187,0.010288984948804357,0.3104040265083313,0.2145102999638766
SNN_direct,2,42,SNN_direct_f2_s42,56,0.040431428974340586,0.03226321858560873,0.040841051943659244,0.044342795569528734,0.04237847402691841,0.009821607713051631,0.31064433654149376,0.21515169995836914
SNN_direct,2,42,SNN_direct_f2_s42,57,0.038978018083141865,0.032149045252137715,0.03414486415502079,0.044042341982478674,0.04215994477272034,0.009411986048791685,0.31073155999183655,0.2213080998044461
SNN_direct,2,42,SNN_direct_f2_s42,58,0.04195650003955059,0.03269720495575004,0.04629647541900277,0.04382806336244351,0.04202454537153244,0.009017589954555373,0.3109027650621202,0.21752550010569394
SNN_direct,2,42,SNN_direct_f2_s42,59,0.03890423198129858,0.031207228891758455,0.0384850154477006,0.04464927165466288,0.04280717298388481,0.00921049335389032,0.31034015615781146,0.2159752999432385
SNN_direct,2,42,SNN_direct_f2_s42,60,0.03680776094282814,0.02961619859043923,0.03595781176194456,0.0433901467546784,0.04163219407200813,0.00878976341335135,0.3105198336972131,0.21345799998380244
SNN_direct,2,42,SNN_direct_f2_s42,61,0.03520785762665334,0.029505542018968198,0.02851157803842572,0.045989350585637426,0.04431859776377678,0.008353764109303238,0.3106235921382904,0.21331979986280203
SNN_direct,2,42,SNN_direct_f2_s42,62,0.03634821426954258,0.028595746722486284,0.03876233773528152,0.044821777373421266,0.04318803548812866,0.008168709426463009,0.310922587580151,0.2099721000995487
SNN_direct,2,42,SNN_direct_f2_s42,63,0.03632518828145167,0.029609752694765727,0.03357717793342973,0.04673360199500578,0.04513398930430412,0.007998063453508295,0.3107409656047821,0.21105180005542934
SNN_direct,2,42,SNN_direct_f2_s42,64,0.03529304717648555,0.029555031274341875,0.02869007951071837,0.043895038963378256,0.04236515238881111,0.007649432872835716,0.3107533421781328,0.21139020007103682
SNN_direct,2,42,SNN_direct_f2_s42,65,0.03660164946120695,0.028942695115175512,0.03829477173015723,0.045030067139301515,0.04348497837781906,0.007725443807412261,0.3108805749151442,0.21221090015023947
SNN_direct,2,42,SNN_direct_f2_s42,66,0.034512054563832516,0.02783713117759261,0.033374616931199565,0.04565240288900838,0.04413638636469841,0.0075800826215498595,0.3107986092567444,0.2184588999953121
SNN_direct,2,42,SNN_direct_f2_s42,67,0.03142026003210281,0.02615229364277588,0.026339831946634654,0.04408531204471145,0.04264485090970993,0.007202305675007597,0.31096763147248163,0.21583130001090467
SNN_direct,2,42,SNN_direct_f2_s42,68,0.033507639750848944,0.02670722475482358,0.03400207498012683,0.04547214654845745,0.04405054822564125,0.0071079916140809945,0.3112889303101434,0.22270150016993284
SNN_direct,2,42,SNN_direct_f2_s42,69,0.03322157023718739,0.025650023736266625,0.03785773250460379,0.04505976022333536,0.04364144057035446,0.007091598264904511,0.31111713581615025,0.2207484000828117
SNN_direct,2,42,SNN_direct_f2_s42,70,0.03252844520002427,0.026511597234962714,0.0300842398253078,0.04429136672009254,0.04291053116321564,0.00690417778438452,0.31098604732089574,0.21601039986126125
SNN_direct,2,42,SNN_direct_f2_s42,71,0.03162681034719114,0.025388528023742966,0.03119141161724088,0.04805690691282141,0.04666714742779732,0.00694879742512046,0.31113925642437407,0.21443770010955632
SNN_direct,2,42,SNN_direct_f2_s42,72,0.02875712102062882,0.024314264797916017,0.022214281113564053,0.04388043120160037,0.042578864842653275,0.006507831794735478,0.3111531582143572,0.2140305999200791
SNN_direct,2,42,SNN_direct_f2_s42,73,0.030561732901096747,0.02437530007834236,0.030932164113771934,0.044506003342167276,0.04320524260401726,0.006503803690750102,0.31083285941017996,0.21613359986804426
SNN_direct,2,42,SNN_direct_f2_s42,74,0.02878567294010119,0.02410295145948314,0.023413607403090234,0.04637877667336483,0.04512658715248108,0.006260947604418758,0.31122109095255535,0.2166954001877457
SNN_direct,2,42,SNN_direct_f2_s42,75,0.02757519831332316,0.022788679320365192,0.02393259496478984,0.045485150080436694,0.044269539415836334,0.006078053323001785,0.3111307197146945,0.2160096000880003
SNN_direct,2,314,SNN_direct_f2_s314,1,0.4181187970705544,0.30755565414826075,0.5528157146114685,0.19568342135949707,0.10878194868564606,0.43450736336925494,0.2897325853506724,0.21321740001440048
SNN_direct,2,314,SNN_direct_f2_s314,2,0.2770499241049469,0.1852562806258599,0.458968217395435,0.13420810309502315,0.06420459598302841,0.35001753555997367,0.2889601250489553,0.21842229994945228
SNN_direct,2,314,SNN_direct_f2_s314,3,0.2319322681919192,0.15543432293666734,0.3824897262762592,0.1118566558983341,0.054795920848846436,0.28530367524743827,0.2881830288304223,0.2120276999194175
SNN_direct,2,314,SNN_direct_f2_s314,4,0.20201059815845496,0.1381039465467135,0.31953325805870714,0.09844463144692611,0.05095406249165535,0.23745284477635376,0.28766442967785727,0.21441729995422065
SNN_direct,2,314,SNN_direct_f2_s314,5,0.17922937597035365,0.12481053601950406,0.27209419975424787,0.08773789300061996,0.04796050488948822,0.19888694055565873,0.2877109408378601,0.21486079995520413
SNN_direct,2,314,SNN_direct_f2_s314,6,0.17314056708218878,0.12185802132719092,0.2564127287749893,0.08181779253173549,0.047863736748695374,0.1697702789152006,0.2875857141282823,0.20787449995987117
SNN_direct,2,314,SNN_direct_f2_s314,7,0.1536890603064162,0.11162566488815678,0.2103169770912969,0.07522778530704713,0.0460696667432785,0.14579059281884313,0.2880550040139092,0.2137874998152256
SNN_direct,2,314,SNN_direct_f2_s314,8,0.14596197512428175,0.10387080086188184,0.21045587131199944,0.07252522299476202,0.04715539515018463,0.12684913922288696,0.2884474039077759,0.2135483999736607
SNN_direct,2,314,SNN_direct_f2_s314,9,0.1374533801236207,0.10091119468626049,0.18271092718680104,0.0673273930384678,0.04496484994888306,0.11181271544792368,0.2890497949388292,0.21165470010600984
SNN_direct,2,314,SNN_direct_f2_s314,10,0.12705439006582495,0.09576911237090827,0.1564263884745833,0.06532164008573353,0.045623019337654114,0.0984931037403971,0.28961760732862685,0.21287330007180572
SNN_direct,2,314,SNN_direct_f2_s314,11,0.12276133155574734,0.09092897489253017,0.1591617833160859,0.06260902792332496,0.044989991933107376,0.08809517995108786,0.2902532186773088,0.2146692001260817
SNN_direct,2,314,SNN_direct_f2_s314,12,0.12304127973329254,0.09018911718287402,0.1642608127520927,0.060240756129881126,0.04442252218723297,0.07909116971324075,0.29100794394810997,0.2183855001349002
SNN_direct,2,314,SNN_direct_f2_s314,13,0.11350103064139036,0.08613507824225558,0.13682976199567393,0.05856980921278866,0.044220078736543655,0.07174865238122502,0.2912810252772437,0.21581840002909303
SNN_direct,2,314,SNN_direct_f2_s314,14,0.1067126316759086,0.0804566190060642,0.1312800633492219,0.058238431453329964,0.045122552663087845,0.06557939395121058,0.2918786552217272,0.2105831999797374
SNN_direct,2,314,SNN_direct_f2_s314,15,0.10769181184477626,0.08154141739424732,0.13075197225264482,0.05607047690664353,0.04404466599225998,0.06012905457191778,0.2921467655234867,0.21348030003719032
SNN_direct,2,314,SNN_direct_f2_s314,16,0.10260809559794072,0.07753033529346189,0.12538880152239423,0.054407051555554635,0.04335269704461098,0.05527177255471828,0.29233647651142547,0.21700130007229745
SNN_direct,2,314,SNN_direct_f2_s314,17,0.09557414890520663,0.07354241104589568,0.11015868929655472,0.05382193937206512,0.04364798963069916,0.05086974870682981,0.2932209187083774,0.2138223999645561
SNN_direct,2,314,SNN_direct_f2_s314,18,0.10054986975615027,0.07187828370887372,0.14335793023638269,0.051853061752428986,0.042310453951358795,0.047713039005350955,0.2939218739668528,0.21395540004596114
SNN_direct,2,314,SNN_direct_f2_s314,19,0.08914273915081306,0.06962609383174115,0.09758322659535962,0.05182201397798534,0.04289533570408821,0.044633391369485624,0.2938396996921963,0.21266889991238713
SNN_direct,2,314,SNN_direct_f2_s314,20,0.09123332895539504,0.067936521789266,0.11648403583064516,0.051534239265060275,0.04316059127449989,0.0418682399528019,0.29426404900021025,0.21375290001742542
SNN_direct,2,314,SNN_direct_f2_s314,21,0.08559800345534871,0.06570811841843857,0.09944942518455072,0.04974329154628018,0.041900768876075745,0.039212613351022205,0.29465364548895095,0.2172644000966102
SNN_direct,2,314,SNN_direct_f2_s314,22,0.08619819046858936,0.06421146270715528,0.1099336388071705,0.04973841953302189,0.04231516271829605,0.037116284073629185,0.2951737562815348,0.21378730004653335
SNN_direct,2,314,SNN_direct_f2_s314,23,0.08110452150408022,0.06398921496131355,0.0855765327138335,0.04961843427212077,0.042601149529218674,0.03508642371451049,0.295421388414171,0.21980829979293048
SNN_direct,2,314,SNN_direct_f2_s314,24,0.0802837860685083,0.06132731652922101,0.09478234769643651,0.0486807663146547,0.04205650836229324,0.033121289761807275,0.2958773414293925,0.21644479990936816
SNN_direct,2,314,SNN_direct_f2_s314,25,0.07998088204843944,0.06201196218219896,0.08984459933120238,0.04970364420258867,0.043403323739767075,0.03150160231410801,0.2961246073246002,0.21054270002059639
SNN_direct,2,314,SNN_direct_f2_s314,26,0.07427060248280896,0.05645597270275984,0.08907314890024567,0.048047972590598106,0.04210404306650162,0.029719647620482452,0.296486755212148,0.2093001001048833
SNN_direct,2,314,SNN_direct_f2_s314,27,0.08355124580849453,0.061114581927864085,0.11218331940315214,0.04599595667580553,0.04026954621076584,0.028632052325198436,0.2968968987464905,0.21540819993242621
SNN_direct,2,314,SNN_direct_f2_s314,28,0.0704926834267532,0.05623668359799518,0.07127999914379023,0.04810447579035945,0.042635802179574966,0.027343368053922443,0.2966809623771244,0.2138457999099046
SNN_direct,2,314,SNN_direct_f2_s314,29,0.0708700323030591,0.053666996190117465,0.0860151805647082,0.04692984357578739,0.041680414229631424,0.026247146730779807,0.29716540575027467,0.217549400171265
SNN_direct,2,314,SNN_direct_f2_s314,30,0.06692788590832616,0.05285619597675072,0.07035844965787724,0.04656044599468345,0.0416049063205719,0.024777698370557773,0.29708441098531085,0.21564770000986755
SNN_direct,2,314,SNN_direct_f2_s314,31,0.06302867462957923,0.04984391224053171,0.0659238119452376,0.04411627170219783,0.03942468762397766,0.02345792039110085,0.2976397977934943,0.22109659994021058
SNN_direct,2,314,SNN_direct_f2_s314,32,0.06724671951342256,0.048975753494434886,0.09135483009493836,0.04479879792820686,0.04021753370761871,0.02290632110294072,0.29757106237941316,0.21281850012019277
SNN_direct,2,314,SNN_direct_f2_s314,33,0.06823883997588787,0.052412675683283144,0.07913082146302357,0.043953332773837374,0.039557795971632004,0.02197768401102684,0.297512823343277,0.21491599990986288
SNN_direct,2,314,SNN_direct_f2_s314,34,0.06240880125549241,0.048414903020279274,0.06996949117606568,0.0439778236483089,0.039766520261764526,0.021056516932721876,0.2978747758600447,0.21356059983372688
SNN_direct,2,314,SNN_direct_f2_s314,35,0.06049101337189584,0.04792212121602562,0.06284446077935107,0.043907514328968784,0.03989875689148903,0.02004378718739879,0.2980577137735155,0.2129603000357747
SNN_direct,2,314,SNN_direct_f2_s314,36,0.059827116809610885,0.0459374125322534,0.0694485213867874,0.04468472011053478,0.04085399955511093,0.019153602777119232,0.29866812626520794,0.21674439986236393
SNN_direct,2,314,SNN_direct_f2_s314,37,0.06351949756249947,0.04744467546956407,0.08037411046467702,0.045491051096615595,0.041761383414268494,0.01864833841173552,0.29875810212559173,0.213171900017187
SNN_direct,2,314,SNN_direct_f2_s314,38,0.05317204015843166,0.04285792673213614,0.05157056713147755,0.04354797241726082,0.04003765061497688,0.01755160901141968,0.29894092149204676,0.21279409993439913
SNN_direct,2,314,SNN_direct_f2_s314,39,0.058615466846485186,0.04274626067943043,0.0793460308352738,0.04234859613467406,0.03889961168169975,0.017244922264871544,0.29924231833881804,0.21830409998074174
SNN_direct,2,314,SNN_direct_f2_s314,40,0.054828119982342195,0.04139865130806963,0.06714734337136276,0.04359066817455533,0.04025999829173088,0.016653349414122227,0.29880759517351785,0.21311250003054738
SNN_direct,2,314,SNN_direct_f2_s314,41,0.053613233070676815,0.040950162610453034,0.06331535230111889,0.04400989578927006,0.040755901485681534,0.016269971517942634,0.29915039738019306,0.21399650000967085
SNN_direct,2,314,SNN_direct_f2_s314,42,0.05627179050839014,0.040411609100798766,0.07930090703795688,0.043047662916704546,0.03986502066254616,0.01591321127079193,0.29889349275165134,0.21507799997925758
SNN_direct,2,314,SNN_direct_f2_s314,43,0.056237778203953,0.040521701911671294,0.07858038146140849,0.043063553975010584,0.039927780628204346,0.01567886673403119,0.29916540251837836,0.2178946000058204
SNN_direct,2,314,SNN_direct_f2_s314,44,0.04895950028933152,0.03800614169643571,0.054766792964479026,0.043051245773955006,0.04010581970214844,0.014727130359032854,0.29935734934277003,0.21249379985965788
SNN_direct,2,314,SNN_direct_f2_s314,45,0.048988154706851014,0.03764758422039449,0.05670285243228264,0.04298261214355183,0.040146153420209885,0.014182293616709703,0.2998468392425113,0.21721729985438287
SNN_direct,2,314,SNN_direct_f2_s314,46,0.04884264658663086,0.0372716185843779,0.05785514001126475,0.0424648359394193,0.039713986217975616,0.013754248607218408,0.30003344681527877,0.21478139981627464
SNN_direct,2,314,SNN_direct_f2_s314,47,0.048512511151178404,0.035778193382753266,0.06367158884212566,0.043019348925401296,0.040347449481487274,0.01335949721957012,0.3000434954961141,0.21826429991051555
SNN_direct,2,314,SNN_direct_f2_s314,48,0.04601368277151769,0.03547349343490269,0.052700946683075,0.04382957415683078,0.04128190875053406,0.012738327031483605,0.3007754365603129,0.2102951998822391
SNN_direct,2,314,SNN_direct_f2_s314,49,0.04392789324192953,0.03475397195563548,0.04586960643147025,0.042279508953720756,0.03983180969953537,0.012238496270926916,0.30047556360562644,0.22447029990144074
SNN_direct,2,314,SNN_direct_f2_s314,50,0.04864842363742116,0.03510057682999306,0.0677392340371405,0.041264467902625064,0.03886372223496437,0.012003728338303453,0.300936171081331,0.21446700021624565
SNN_direct,2,314,SNN_direct_f2_s314,51,0.04308868808293705,0.03348598128909038,0.04801353396923338,0.04279797760113699,0.04049210622906685,0.011529356860350701,0.30116887622409394,0.21239400003105402
SNN_direct,2,314,SNN_direct_f2_s314,52,0.04393208285320801,0.033814051586927636,0.05059015633140183,0.0436956304581338,0.04143615812063217,0.011297361687508136,0.30167708463139004,0.21575460000894964
SNN_direct,2,314,SNN_direct_f2_s314,53,0.04441885324892837,0.03288915373591913,0.05764849756504618,0.043963665602635,0.04175606742501259,0.01103799088811209,0.3013341493076748,0.21440490009263158
SNN_direct,2,314,SNN_direct_f2_s314,54,0.040337330634766515,0.03174961815174255,0.04293856241511981,0.04165998185494235,0.0395699068903923,0.010450374822750241,0.30169112947252064,0.21535920002497733
SNN_direct,2,314,SNN_direct_f2_s314,55,0.04084635774543644,0.03113717212755647,0.04854592808939986,0.04165902912594765,0.03966865316033363,0.00995187982807006,0.3024517430199517,0.21180739998817444
SNN_direct,2,314,SNN_direct_f2_s314,56,0.039013993237161336,0.03062281489579214,0.04195589170684601,0.04283100050691743,0.04087145999073982,0.009797702580888069,0.3024330410692427,0.21648849989287555
SNN_direct,2,314,SNN_direct_f2_s314,57,0.039099373278292035,0.030695661995559932,0.042018556413660514,0.04379979715352356,0.04190969467163086,0.009450512409463535,0.3030227522055308,0.21306589990854263
SNN_direct,2,314,SNN_direct_f2_s314,58,0.040263905592836616,0.029541851243832046,0.05361027174502286,0.04263699823172628,0.04075733572244644,0.009398312546399204,0.302626105149587,0.2118012998253107
SNN_direct,2,314,SNN_direct_f2_s314,59,0.03707116945154178,0.028504116238198346,0.04283526606671714,0.0444330051874247,0.04261232912540436,0.009103380310101694,0.30298834641774497,0.2088978998363018
SNN_direct,2,314,SNN_direct_f2_s314,60,0.03628162019226503,0.027160507606135476,0.04560556293064778,0.0427230852561543,0.040943436324596405,0.008898244657789493,0.30296033091015284,0.2158641000278294
SNN_direct,2,314,SNN_direct_f2_s314,61,0.03372204530644699,0.0265122705941192,0.03604887356163896,0.041768810283795366,0.040064480155706406,0.008521650640444783,0.30370162460539074,0.20951239997521043
SNN_direct,2,314,SNN_direct_f2_s314,62,0.035912986468257246,0.026980607615162928,0.04466189426547158,0.0425901776050443,0.04093194752931595,0.008291150378641737,0.30354275902112327,0.21434720000252128
SNN_direct,2,314,SNN_direct_f2_s314,63,0.03477190837697739,0.02664996321157863,0.04060972582699383,0.04255604263171758,0.04094184562563896,0.008070985030393121,0.30421886907683476,0.21173570002429187
SNN_direct,2,314,SNN_direct_f2_s314,64,0.03336900839860684,0.025670605670246812,0.038492013641800174,0.04303989912733969,0.04149878770112991,0.007705557131048866,0.30444771647453306,0.21380700008012354
SNN_direct,2,314,SNN_direct_f2_s314,65,0.03440758880547673,0.025872498476463886,0.04267545164506419,0.043115986064135,0.04158030077815056,0.007678426429922195,0.30420182413525054,0.21594889997504652
SNN_direct,2,2718,SNN_direct_f2_s2718,1,0.6291735462711366,0.5207307709587945,0.5422138765617105,0.32787649891286524,0.23128511011600494,0.48295694398430156,0.28111235002676643,0.21336270007304847
SNN_direct,2,2718,SNN_direct_f2_s2718,2,0.36179324811197594,0.27678603422310616,0.4250360694443492,0.20320989340731183,0.12483002990484238,0.39189931751234724,0.2841292444202635,0.21316970000043511
SNN_direct,2,2718,SNN_direct_f2_s2718,3,0.2720390401292093,0.19751524569259749,0.372618972183059,0.15542117447504458,0.0907217338681221,0.3234972030346124,0.28686891231271955,0.21800850005820394
SNN_direct,2,2718,SNN_direct_f2_s2718,4,0.23260520627775413,0.1687439656505982,0.31930620313577984,0.13271625439138532,0.07792630046606064,0.2739497696266234,0.2885347237189611,0.2140681000892073
SNN_direct,2,2718,SNN_direct_f2_s2718,5,0.20483521749908473,0.15015632919967176,0.273394441497065,0.11729432436702011,0.07127991318702698,0.23007205589996568,0.28919041918383703,0.21014829981140792
SNN_direct,2,2718,SNN_direct_f2_s2718,6,0.18493627704154897,0.13785869977954363,0.23538788631002663,0.10583845626445687,0.0666704773902893,0.19583989437083776,0.29015798767407736,0.21097279991954565
SNN_direct,2,2718,SNN_direct_f2_s2718,7,0.17473478097345857,0.13143317442801264,0.2165080327272297,0.09590146494221014,0.061932146549224854,0.16984659196492638,0.29063984983497193,0.2161818000022322
SNN_direct,2,2718,SNN_direct_f2_s2718,8,0.15995535731326818,0.11947934325370524,0.20238007029781477,0.08954157546490618,0.05982387438416481,0.14858850540370686,0.2908640285332998,0.2159480000846088
SNN_direct,2,2718,SNN_direct_f2_s2718,9,0.152638029219589,0.11605557149483098,0.1829122886237901,0.08458972376495974,0.058475688099861145,0.13057017832549297,0.2914038293891483,0.2195689999498427
SNN_direct,2,2718,SNN_direct_f2_s2718,10,0.14734110742438772,0.11434128437605169,0.1649991152416802,0.0785035391292482,0.05535252019762993,0.11575509465809138,0.29204428527090287,0.21857729996554554
SNN_direct,2,2718,SNN_direct_f2_s2718,11,0.1342959041974811,0.10391291071557336,0.15191496740953864,0.07554915789116479,0.054834846407175064,0.10357155741994861,0.2927870386176639,0.2147818999364972
SNN_direct,2,2718,SNN_direct_f2_s2718,12,0.13048426507039493,0.10299396245843834,0.13745151305978295,0.07159482753548607,0.05313729867339134,0.09228764431047363,0.2930757966306474,0.2147861998528242
SNN_direct,2,2718,SNN_direct_f2_s2718,13,0.1293879500674532,0.10034144719441732,0.1452325143651796,0.06860186312207074,0.05189310014247894,0.08354381489795897,0.2943103310134676,0.2174736000597477
SNN_direct,2,2718,SNN_direct_f2_s2718,14,0.1179383588924701,0.09219938580774599,0.12869486542362052,0.06646042953169196,0.051240917295217514,0.07609756118237224,0.2942935347557068,0.20989560009911656
SNN_direct,2,2718,SNN_direct_f2_s2718,15,0.11285784673519769,0.0895396888256073,0.11659078954795196,0.06380653490540836,0.049917008727788925,0.06944763088809712,0.29531762732399836,0.21511269989423454
SNN_direct,2,2718,SNN_direct_f2_s2718,16,0.11266853397364385,0.08902192124062114,0.11823306366511357,0.06226407188629298,0.04948192834854126,0.06391071768875861,0.29587859047783743,0.2128552000503987
SNN_direct,2,2718,SNN_direct_f2_s2718,17,0.10489333732732296,0.08490916106642948,0.09992088130446734,0.05945019392812121,0.04771434888243675,0.05867922522842228,0.29681615630785624,0.21238290006294847
SNN_direct,2,2718,SNN_direct_f2_s2718,18,0.10070605142081943,0.08094423072826532,0.09880910346277048,0.0583208434186501,0.04753886163234711,0.05390990893151494,0.29728235403696696,0.2112338999286294
SNN_direct,2,2718,SNN_direct_f2_s2718,19,0.09752203480476276,0.07938479193382793,0.09068621435467426,0.056514039477509145,0.0465647354722023,0.049746520026534236,0.29767457246780393,0.21318929991684854
SNN_direct,2,2718,SNN_direct_f2_s2718,20,0.10132410022415801,0.08096186257381406,0.10181118825171973,0.05576824245289109,0.046530742198228836,0.046187501273311254,0.29794166882832845,0.2115446999669075
SNN_direct,2,2718,SNN_direct_f2_s2718,21,0.09469749779679049,0.07786117206431098,0.08418162866239756,0.055043482751111095,0.0465068444609642,0.04268319145073446,0.2986306289831797,0.21208119997754693
SNN_direct,2,2718,SNN_direct_f2_s2718,22,0.09066375128311031,0.07248865541898541,0.09087547932062452,0.053831038436143654,0.04574025049805641,0.04045393969043621,0.2989819559786055,0.21525570005178452
SNN_direct,2,2718,SNN_direct_f2_s2718,23,0.08920599213391528,0.06862982001362575,0.10288086060144762,0.0518901819977675,0.044190529733896255,0.03849826131935624,0.2993604514333937,0.20969689986668527
SNN_direct,2,2718,SNN_direct_f2_s2718,24,0.08776836291977308,0.06869266618871027,0.09537848365531401,0.051665257368553076,0.04438435286283493,0.036404522528590735,0.29924354155858357,0.21338540012948215
SNN_direct,2,2718,SNN_direct_f2_s2718,25,0.08366665999423276,0.06538996057998803,0.09138349707122351,0.050992307325227644,0.04405205696821213,0.034701251785077575,0.29941282735930547,0.21775300009176135
SNN_direct,2,2718,SNN_direct_f2_s2718,26,0.07965180581530298,0.06537016294896603,0.07140821433168483,0.04990614491632009,0.043400831520557404,0.03252656697881343,0.2998622662491269,0.2107423001434654
SNN_direct,2,2718,SNN_direct_f2_s2718,27,0.07854723891206761,0.062049784076710544,0.08248727417678531,0.04954260587903126,0.043286435306072235,0.031280852864795136,0.3001225537723965,0.21009199996478856
SNN_direct,2,2718,SNN_direct_f2_s2718,28,0.07831889392994333,0.06112536908023887,0.08596762424852226,0.04856066100574655,0.04260365292429924,0.029785040407236545,0.30024662084049647,0.21466099983081222
SNN_direct,2,2718,SNN_direct_f2_s2718,29,0.07272928029592707,0.05903567452915013,0.06846802883388466,0.049051005319961635,0.04342837259173393,0.0281131636411385,0.3005741914113363,0.21389030013233423
SNN_direct,2,2718,SNN_direct_f2_s2718,30,0.07082432973063237,0.05786285087880161,0.0648073942591538,0.04785243513999776,0.04255955293774605,0.02646441101125857,0.30110544164975483,0.2141952000092715
SNN_direct,2,2718,SNN_direct_f2_s2718,31,0.07221612748844052,0.05851134654755394,0.06852390470443294,0.04757650737205532,0.04248020425438881,0.025481515588332556,0.3010867794354757,0.21057160012423992
SNN_direct,2,2718,SNN_direct_f2_s2718,32,0.07219272005215818,0.05661605598611964,0.07788332033019274,0.04746284993617274,0.042610328644514084,0.024262606458293288,0.301380064090093,0.2133335000835359
SNN_direct,2,2718,SNN_direct_f2_s2718,33,0.06827469493497211,0.054986098393176995,0.06644298270897561,0.04680075561642389,0.04210425168275833,0.023482519668327793,0.30229424436887103,0.21520740003325045
SNN_direct,2,2718,SNN_direct_f2_s2718,34,0.06703365653016118,0.05540047879848215,0.05816588865839514,0.04611407107735088,0.04164310172200203,0.022354846776744246,0.3018657280339135,0.21364090009592474
SNN_direct,2,2718,SNN_direct_f2_s2718,35,0.07060231588095318,0.05398537622143825,0.0830846982975747,0.0460642489823132,0.041720565408468246,0.02171841786922477,0.3022190511226654,0.2120146001689136
SNN_direct,2,2718,SNN_direct_f2_s2718,36,0.06196459282767468,0.05059658531616959,0.056840037557525404,0.045738769567647726,0.04160354286432266,0.02067613351662532,0.30253343615267014,0.21700849989429116
SNN_direct,2,2718,SNN_direct_f2_s2718,37,0.06069051888775967,0.04945212371336917,0.056191975871952494,0.04566446916865033,0.04173801466822624,0.019632272502120417,0.30301837590005665,0.20805969997309148
SNN_direct,2,2718,SNN_direct_f2_s2718,38,0.06033935548078711,0.047428519402941065,0.06455418038923018,0.04481675648426274,0.041027702391147614,0.018945270465575627,0.3029326213730706,0.21166189992800355
SNN_direct,2,2718,SNN_direct_f2_s2718,39,0.059655820749839716,0.04692071941163805,0.06367550669100831,0.04451391003334766,0.04083368927240372,0.018401103804719713,0.30317926671769885,0.21847159997560084
SNN_direct,2,2718,SNN_direct_f2_s2718,40,0.05623230023808975,0.045837419821570316,0.051974402082597126,0.045037314586865614,0.04148133844137192,0.017779880727468493,0.30350510478019715,0.22364660003222525
SNN_direct,2,2718,SNN_direct_f2_s2718,41,0.05843871948621061,0.045106458343151544,0.06666130571529531,0.04440269726151366,0.04090351611375809,0.017495905738777875,0.30359332892629837,0.22084850003011525
SNN_direct,2,2718,SNN_direct_f2_s2718,42,0.054169225661449244,0.04484728461441894,0.04660970523515152,0.04380558501712322,0.04050935059785843,0.016481172096323948,0.30370554460419547,0.2164241001009941
SNN_direct,2,2718,SNN_direct_f2_s2718,43,0.056429928262321356,0.04366379728437298,0.06383065488974195,0.04371514550889052,0.040469083935022354,0.0162303078693408,0.3039559245109558,0.2110804000403732
SNN_direct,2,2718,SNN_direct_f2_s2718,44,0.057526235177686375,0.04461221413479911,0.06457010521443632,0.043996590427986974,0.04077262431383133,0.01611983057077822,0.30387852523061964,0.21906370017677546
SNN_direct,2,2718,SNN_direct_f2_s2718,45,0.05275729503713319,0.04238766302458114,0.051848160062760246,0.044147091149660006,0.041046980768442154,0.015500551906089247,0.30403728617562187,0.21493040001951158
SNN_direct,2,2718,SNN_direct_f2_s2718,46,0.05262534870761375,0.04148815299591257,0.05568597855850591,0.04384526286174619,0.04082820564508438,0.015085286083309061,0.30412542025248207,0.21789450012147427
SNN_direct,2,2718,SNN_direct_f2_s2718,47,0.052930136804808015,0.04025089418929484,0.06339621307756584,0.0443572035012181,0.04131334647536278,0.015219285129276602,0.30488517946667143,0.21972210006788373
SNN_direct,2,2718,SNN_direct_f2_s2718,48,0.049794893901328414,0.04016537604232629,0.04814758929501063,0.043554749727401434,0.040651835501194,0.014514571131037185,0.30434673296080694,0.20880789984948933
SNN_direct,2,2718,SNN_direct_f2_s2718,49,0.049813561422186986,0.040392751360519064,0.047104050308339564,0.04410656718393706,0.04133906960487366,0.013837487895317002,0.3048712664180332,0.21563900006003678
SNN_direct,2,2718,SNN_direct_f2_s2718,50,0.04631797943798671,0.03695662614579002,0.046806766460983466,0.043342425892987646,0.0406758114695549,0.013333072117163723,0.30482983721627127,0.2173882001079619
SNN_direct,2,2718,SNN_direct_f2_s2718,51,0.04720361418639159,0.03712434220748643,0.050396359894525795,0.04252298441260128,0.039895638823509216,0.0131367279454603,0.30507955617374843,0.2087640999816358
SNN_direct,2,2718,SNN_direct_f2_s2718,52,0.046043445935381726,0.03556065360187656,0.05241396166752575,0.04359490375895545,0.04105687513947487,0.012690143097402915,0.30528642998801336,0.217529300134629
SNN_direct,2,2718,SNN_direct_f2_s2718,53,0.04285284355450908,0.03482816189837953,0.04012340828064776,0.043037036410510925,0.040588539093732834,0.012242486583890464,0.30547291967603896,0.21697910013608634
SNN_direct,2,2718,SNN_direct_f2_s2718,54,0.04242104726625034,0.03424265733920038,0.04089194963524977,0.042669574172600644,0.04025670140981674,0.012064363813919524,0.30581038263108995,0.2197773999068886
SNN_direct,2,2718,SNN_direct_f2_s2718,55,0.0453273823703606,0.033548800440298183,0.05889290965031208,0.043231463737759455,0.04079248011112213,0.012194918133186631,0.30573660996225144,0.21621609991416335
SNN_direct,2,2718,SNN_direct_f2_s2718,56,0.04115398927604705,0.03328780405637291,0.03933092609837069,0.04273048536403181,0.04037318751215935,0.011786489259362301,0.3061021652486589,0.2207591999322176
SNN_direct,2,2718,SNN_direct_f2_s2718,57,0.04250174687323865,0.033391212071809506,0.04555267400714573,0.043487633790699295,0.04115702956914902,0.011653021107751396,0.3059675395488739,0.21331529994495213
SNN_direct,2,2718,SNN_direct_f2_s2718,58,0.04126723562938887,0.030962539045140146,0.051523482921243605,0.04273277909386575,0.040450505912303925,0.01141136590780913,0.30609286891089543,0.21691789990291
SNN_direct,2,2718,SNN_direct_f2_s2718,59,0.040406132666654736,0.03058479350681106,0.049106695799218385,0.042292824347961826,0.040001846849918365,0.011454887490217287,0.3065907378991445,0.2169941000174731
SNN_direct,2,2718,SNN_direct_f2_s2718,60,0.04216737672408755,0.03236831296235323,0.048995318808671626,0.04205535107806219,0.039746154099702835,0.011545984891796802,0.306518335474862,0.21567369997501373
SNN_direct,2,2718,SNN_direct_f2_s2718,61,0.03876304975138897,0.03157365597888,0.0359469688625449,0.04149018377368045,0.03929593414068222,0.010971248164991175,0.3064821249908871,0.21724690007977188
SNN_direct,2,2718,SNN_direct_f2_s2718,62,0.0384397841255345,0.030532370895768206,0.039537066148831464,0.043048021880479286,0.040863193571567535,0.010924141544558742,0.3067977812555101,0.2124584000557661
SNN_direct,2,2718,SNN_direct_f2_s2718,63,0.03840416866711788,0.02963242617746194,0.04385871244827967,0.04253012709717893,0.040388841181993484,0.010706429575927228,0.30718648698594836,0.21100470004603267
SNN_direct,2,2718,SNN_direct_f2_s2718,64,0.037472366941637206,0.03002887177798483,0.03721747581826186,0.04181163003805837,0.039744116365909576,0.010337568360743985,0.3071975469589233,0.21401520003564656
SNN_direct,2,2718,SNN_direct_f2_s2718,65,0.036137824838922736,0.028313196791956822,0.03912314023482955,0.04255226843841755,0.04052262380719185,0.01014822315612849,0.30741456151008606,0.2216113000176847
SNN_direct,2,2718,SNN_direct_f2_s2718,66,0.03704462866435526,0.027022207455916537,0.050112106042193655,0.042060655014612855,0.04003465548157692,0.010129997665179694,0.30733308328522574,0.20815109997056425
SNN_direct,2,2718,SNN_direct_f2_s2718,67,0.03376183843375575,0.027455612561768955,0.031531129359933935,0.041004826458384804,0.03910049423575401,0.009521661113153957,0.3075101130538517,0.21869270014576614
SNN_direct,2,2718,SNN_direct_f2_s2718,68,0.03489332435170864,0.027003333541668124,0.03944995405020259,0.04165205502918842,0.03978336602449417,0.009343445023471262,0.3075728628370497,0.2187107999343425
SNN_direct,2,2718,SNN_direct_f2_s2718,69,0.03316556286184761,0.025753213165120945,0.037061748483633285,0.04182849699085133,0.03993077203631401,0.009488624772686605,0.3076797929075029,0.21855949983000755
SNN_direct,2,2718,SNN_direct_f2_s2718,70,0.03238512416475007,0.02512073598595129,0.03632194089399392,0.04104607740264831,0.03919679671525955,0.009246403436943796,0.30786121355162727,0.2106163001153618
SNN_direct,2,2718,SNN_direct_f2_s2718,71,0.034605612337072655,0.025763997559746107,0.04420807388663273,0.04169196621633468,0.03985387831926346,0.00919043948535614,0.30800359116660225,0.21287249983288348
SNN_direct,2,2718,SNN_direct_f2_s2718,72,0.03288040487292476,0.02574764177099698,0.035663815509638916,0.0414757940026788,0.03959923982620239,0.009382770882382017,0.30818792051739163,0.21359569998458028
SNN_direct,2,2718,SNN_direct_f2_s2718,73,0.02961179220428448,0.02315830218916138,0.03226745007561548,0.04193174174192007,0.040123987942934036,0.009038768994930177,0.30807223320007326,0.21477950015105307
SNN_direct,2,2718,SNN_direct_f2_s2718,74,0.03110193127011311,0.02462770109478798,0.03237115087662565,0.041264524965560934,0.03947450593113899,0.00895009517210972,0.3083629912800259,0.2123638999182731
SNN_direct,2,2718,SNN_direct_f2_s2718,75,0.03017015477241407,0.02250556440040883,0.038322951860026225,0.04027567522095644,0.038487087935209274,0.008942936428735814,0.3084259377585517,0.2134422999806702
SNN_direct,2,2718,SNN_direct_f2_s2718,76,0.0300437347418286,0.02281172775870396,0.0361600349156232,0.04096379352078748,0.03920067846775055,0.008815575265184663,0.3084627389907837,0.21296919998712838
SNN_direct,2,2718,SNN_direct_f2_s2718,77,0.028263628458841443,0.022653207930529284,0.028052102641560786,0.0410312621592842,0.03931441530585289,0.008584234267156557,0.3087408999602,0.21739410003647208
SNN_direct,2,2718,SNN_direct_f2_s2718,78,0.02712748541853593,0.021520998085745507,0.02803243666395215,0.0411986498390167,0.039556488394737244,0.00821080722139728,0.3087263153658973,0.2197474001441151
SNN_direct,2,2718,SNN_direct_f2_s2718,79,0.027559799468524944,0.020882931713842683,0.03338433877341131,0.041284633500985844,0.03962147980928421,0.008315768458508175,0.30888261530134414,0.214988199993968
SNN_direct,2,2718,SNN_direct_f2_s2718,80,0.027817338975993935,0.021029682447099022,0.03393828264447453,0.041757523886454526,0.04010358452796936,0.008269696792425828,0.3087581435839335,0.2065794998779893
SNN_direct,2,2718,SNN_direct_f2_s2718,81,0.02738759986877896,0.020876091646237507,0.03255754111270727,0.04190526965836249,0.04022636637091637,0.008394516437230617,0.3088393310705821,0.20698020001873374
SNN_direct,2,2718,SNN_direct_f2_s2718,82,0.025596705461590524,0.019320656307455567,0.031380245770674844,0.041441155977321294,0.03980490565299988,0.008181251621607079,0.309090264638265,0.2148355001118034
SNN_direct,2,2718,SNN_direct_f2_s2718,83,0.027902910254570607,0.020534412956072223,0.03684248649249192,0.04098526411813372,0.039345674216747284,0.008197949506932176,0.30887582898139954,0.210803700145334
SNN_direct,2,2718,SNN_direct_f2_s2718,84,0.027622390391213465,0.021517067537125616,0.030526614270439238,0.04167876115310776,0.04003584012389183,0.008214605146079652,0.309112940231959,0.2103065000846982
SNN_direct,2,2718,SNN_direct_f2_s2718,85,0.026086990432645157,0.019472991843293937,0.03306999294675608,0.041146519577775716,0.03955433517694473,0.00796092200415493,0.3093465632862515,0.20573679986409843
SNN_direct,2,2718,SNN_direct_f2_s2718,86,0.023735201364854422,0.018113018802574113,0.028110912811401566,0.04150858742521278,0.03992602974176407,0.007912788417243579,0.30916795399453906,0.2114353000652045
SNN_direct,2,2718,SNN_direct_f2_s2718,87,0.024716232051248236,0.018880713363695477,0.029177593437763806,0.040886465759446176,0.03931304067373276,0.007867125428567087,0.3093239810731676,0.21015840000472963
SNN_direct,2,2718,SNN_direct_f2_s2718,88,0.0238210910690991,0.018259490048512815,0.027808005102931455,0.0417555422863155,0.04017474874854088,0.00790396768887309,0.30962527526749506,0.20918989996425807
SNN_direct,2,2718,SNN_direct_f2_s2718,89,0.0242421248989214,0.01859194932815929,0.02825087785381055,0.041031891550469164,0.03953063115477562,0.007506301978467737,0.30954575538635254,0.21121159987524152
SNN_direct,2,2718,SNN_direct_f2_s2718,90,0.023051845401248015,0.017270305054262282,0.02890770173492865,0.041380364061666376,0.03989670053124428,0.007418317652110496,0.30982620318730675,0.2073342001531273
SNN_direct,3,42,SNN_direct_f3_s42,1,0.6965481842262742,0.5682465371986231,0.6415082351382563,1.013035161971296,0.9009528756141663,0.5604114317856494,0.2776321064059933,0.24012440000660717
SNN_direct,3,42,SNN_direct_f3_s42,2,0.41434890242503,0.3112663351930678,0.5154128361598108,0.7037249490393782,0.6119935512542725,0.458656988925529,0.2789032661045591,0.2178944000042975
SNN_direct,3,42,SNN_direct_f3_s42,3,0.294992828780919,0.20662411519636711,0.44184356792275964,0.526834546322905,0.44934380054473877,0.38745372889083135,0.28259561986972886,0.22122410009615123
SNN_direct,3,42,SNN_direct_f3_s42,4,0.23172170553832525,0.15510454323763648,0.38308581150344373,0.4391954944109392,0.3727968633174896,0.33199315546724784,0.28474555133531493,0.22891010018065572
SNN_direct,3,42,SNN_direct_f3_s42,5,0.2026035876228444,0.13545705339250466,0.33573267115169875,0.3968477193284897,0.33901140093803406,0.2891815919522782,0.28793456964194775,0.22066330001689494
SNN_direct,3,42,SNN_direct_f3_s42,6,0.1805786225763212,0.1205095760912324,0.30034523242544403,0.37062464548778606,0.32005929946899414,0.25282673009395973,0.29014635023971397,0.22575560002587736
SNN_direct,3,42,SNN_direct_f3_s42,7,0.16947695056387704,0.11582422143934916,0.2682636456226395,0.3567961582878851,0.31200477480888367,0.22395691739500695,0.29218071699142456,0.2251442999113351
SNN_direct,3,42,SNN_direct_f3_s42,8,0.15593967565804187,0.10921009915182367,0.23364788253109095,0.3360786930000726,0.2962876856327057,0.19895503683683446,0.29209391462306183,0.22099659987725317
SNN_direct,3,42,SNN_direct_f3_s42,9,0.15070244032237567,0.1080427672713995,0.2132983652548809,0.3283437269183356,0.2928090989589691,0.17767313979683244,0.2942377372334401,0.22386649996042252
SNN_direct,3,42,SNN_direct_f3_s42,10,0.1403586992029827,0.09907187967716406,0.20643409762909312,0.3196167730811819,0.2878144681453705,0.15901152467905724,0.2954109696050485,0.2265035999007523
SNN_direct,3,42,SNN_direct_f3_s42,11,0.13473679973834687,0.09884074202273041,0.1794802885780822,0.3120735204681379,0.2833123803138733,0.14380570077132318,0.2962344028055668,0.2205792001914233
SNN_direct,3,42,SNN_direct_f3_s42,12,0.13164115958942627,0.09249896889862914,0.1957109534539855,0.3084487344408935,0.2822285294532776,0.13110102493807954,0.2978603783994913,0.2196053999941796
SNN_direct,3,42,SNN_direct_f3_s42,13,0.1261366803032287,0.08840332301527572,0.18866678643976478,0.3006020507893566,0.27645471692085266,0.12073666934251973,0.29806355759501457,0.2281031000893563
SNN_direct,3,42,SNN_direct_f3_s42,14,0.12130739799344344,0.08811124936134244,0.16598074316050498,0.29946414360483675,0.27721458673477173,0.1112477843503251,0.2989474820593993,0.23528979998081923
SNN_direct,3,42,SNN_direct_f3_s42,15,0.11785027094754423,0.08948609795576583,0.141820864958892,0.29160472450801317,0.27111873030662537,0.10242997100693906,0.29973917702833813,0.22638530004769564
SNN_direct,3,42,SNN_direct_f3_s42,16,0.10796516783428167,0.08132730915288751,0.13318929340697086,0.28788535720780023,0.26891711354255676,0.09484121832621736,0.30062011753519374,0.22306210012175143
SNN_direct,3,42,SNN_direct_f3_s42,17,0.10740665140845625,0.07930162890503804,0.14052511251709102,0.281519264781133,0.2638913094997406,0.08813977640696198,0.30086425816019374,0.22696160012856126
SNN_direct,3,42,SNN_direct_f3_s42,18,0.11276093617648902,0.08588392910314724,0.1343850353667089,0.27730727637795816,0.26084664463996887,0.08230315868994632,0.3025093587736289,0.2301978999748826
SNN_direct,3,42,SNN_direct_f3_s42,19,0.09996805349628433,0.0748737853136845,0.12547134091299916,0.2761269829974,0.2606993317604065,0.07713825618496763,0.30230333221455413,0.2258091999683529
SNN_direct,3,42,SNN_direct_f3_s42,20,0.09768581417775186,0.07457830873318017,0.11553752722285848,0.2731139779386093,0.2586384415626526,0.07237768187978358,0.303026394918561,0.22147829993627965
SNN_direct,3,42,SNN_direct_f3_s42,21,0.09594037323728588,0.07349838803444679,0.11220992601419545,0.26792183918814005,0.25428324937820435,0.06819294904967851,0.3041798248887062,0.22452030004933476
SNN_direct,3,42,SNN_direct_f3_s42,22,0.09110580694240643,0.06980902609454158,0.10648390423932423,0.2624318192254916,0.24950021505355835,0.06465802085966621,0.304370387767752,0.22796350019052625
SNN_direct,3,42,SNN_direct_f3_s42,23,0.09243581336538498,0.06983968336135149,0.11298065002016751,0.2589397684658684,0.24681195616722107,0.06063906149323678,0.3047348354011774,0.231279700063169
SNN_direct,3,42,SNN_direct_f3_s42,24,0.08657671313232397,0.06552243165303177,0.10527140739646101,0.26462883462690096,0.2530944049358368,0.05767214845532094,0.30536458268761635,0.23172090016305447
SNN_direct,3,42,SNN_direct_f3_s42,25,0.08536043153727368,0.06457172190615286,0.10394354815560408,0.2595855868318405,0.2485063523054123,0.05539617263214112,0.3045949973165989,0.2323788998182863
SNN_direct,3,42,SNN_direct_f3_s42,26,0.08244113744161356,0.06426669765884678,0.09087219891383384,0.25364164174475806,0.24308490753173828,0.052783671065098924,0.30531087269385654,0.22710989997722208
SNN_direct,3,42,SNN_direct_f3_s42,27,0.08122740644665966,0.06241246376885101,0.09407471338904315,0.25447901506003273,0.24443143606185913,0.05023789499086802,0.30778781448801357,0.22438439982943237
SNN_direct,3,42,SNN_direct_f3_s42,28,0.08119327949907619,0.06101336305922208,0.10089958219927057,0.2552681274380558,0.2456001490354538,0.04833989201301018,0.30660400353372097,0.22209920012392104
SNN_direct,3,42,SNN_direct_f3_s42,29,0.07955879644488213,0.060932278574910015,0.09313258934986061,0.25290140197202327,0.24360936880111694,0.046460165854531735,0.30614203711350757,0.22196129988878965
SNN_direct,3,42,SNN_direct_f3_s42,30,0.07832148444569147,0.059094623517012224,0.09613430464339622,0.24983140753883776,0.24087002873420715,0.04480689402315296,0.3069977493335803,0.21837610006332397
SNN_direct,3,42,SNN_direct_f3_s42,31,0.07943257786004736,0.06136016440965856,0.09036206725194391,0.2454872073992829,0.236894428730011,0.04296389334635962,0.3073130963991086,0.22172849997878075
SNN_direct,3,42,SNN_direct_f3_s42,32,0.0769998997849315,0.06009985143706823,0.08450024173931642,0.24415345947264033,0.23588350415229797,0.04134977660171173,0.307610135525465,0.22804609988816082
SNN_direct,3,42,SNN_direct_f3_s42,33,0.07221839619948443,0.055119431199273095,0.08549482500105661,0.24775318388774428,0.23984065651893616,0.03956263684404064,0.3074457428107659,0.22282479982823133
SNN_direct,3,42,SNN_direct_f3_s42,34,0.07101030307786209,0.0549646323294534,0.08022835374204339,0.24459870526312305,0.23693595826625824,0.03831373498432408,0.3080786131322384,0.22211650013923645
SNN_direct,3,42,SNN_direct_f3_s42,35,0.06990628660367286,0.05406959552783519,0.07918345537918835,0.24392929808198585,0.23654989898204803,0.03689699549968911,0.3088911945621173,0.22360789985395968
SNN_direct,3,42,SNN_direct_f3_s42,36,0.0708101985472448,0.05667089442431461,0.07069652061465091,0.2424369920084089,0.23535777628421783,0.0353960786209553,0.30822442037363845,0.21898859995417297
SNN_direct,3,42,SNN_direct_f3_s42,37,0.0683973108961496,0.052351976958258696,0.08022666968945458,0.24075231962799207,0.23391298949718475,0.03419665065403653,0.30819227173924446,0.22093360009603202
SNN_direct,3,42,SNN_direct_f3_s42,38,0.06428954809259745,0.05058496587056046,0.06852291111018495,0.2388789805965703,0.23234456777572632,0.03267206410421996,0.30875027117629844,0.2277687001042068
SNN_direct,3,42,SNN_direct_f3_s42,39,0.06567713123560207,0.052184264515138544,0.06746433360231763,0.23710320359421017,0.23076358437538147,0.03169809609414341,0.3089687768369913,0.22683499986305833
SNN_direct,3,42,SNN_direct_f3_s42,40,0.06519753618271579,0.050910663234390086,0.07143436474162851,0.2359452115148218,0.22983227670192719,0.03056467406447309,0.30859781863788766,0.21845129993744195
SNN_direct,3,42,SNN_direct_f3_s42,41,0.06593337360684044,0.04892271804662111,0.08505327780109666,0.2368161572860378,0.2308410406112671,0.029875583373853622,0.3084495719522238,0.22479160013608634
SNN_direct,3,42,SNN_direct_f3_s42,42,0.06201693444353989,0.04882527127241095,0.06595831585564466,0.23841752795238963,0.23249928653240204,0.029591207099937886,0.3087890613824129,0.21839329996146262
SNN_direct,3,42,SNN_direct_f3_s42,43,0.06164380232731553,0.048311986679133646,0.06665907824090939,0.23780000324513317,0.23215100169181824,0.028245007766574712,0.3084889054298401,0.22161440015770495
SNN_direct,3,42,SNN_direct_f3_s42,44,0.08144781489899176,0.06777534372910547,0.06836235584943146,0.23239957308406947,0.22687013447284698,0.02764719305611245,0.3082553433875243,0.21872060000896454
SNN_direct,3,42,SNN_direct_f3_s42,45,0.058453205718059585,0.04580300436282414,0.06325100677617722,0.23289642364231125,0.22761346399784088,0.026414798222351876,0.3092008475214243,0.21887229988351464
SNN_direct,3,42,SNN_direct_f3_s42,46,0.05871975657118158,0.04488958321356525,0.06915086678808165,0.2381968227290891,0.23294077813625336,0.026280222964178736,0.30781534935037297,0.22325539984740317
SNN_direct,3,42,SNN_direct_f3_s42,47,0.05524619483008739,0.04265937594270023,0.06293409443693584,0.22681851948246085,0.2217087596654892,0.025548799084858242,0.3082893869529168,0.2215767998714
SNN_direct,3,42,SNN_direct_f3_s42,48,0.053979478370047816,0.0422592657844992,0.05860106292774305,0.2298915725549882,0.2249973565340042,0.024471080104920002,0.30915812278787297,0.22746600001119077
SNN_direct,3,42,SNN_direct_f3_s42,49,0.05777894370348884,0.0446121866213313,0.0658337854107877,0.2269873298490903,0.22219865024089813,0.023943398040960944,0.30888644605875015,0.2179988999851048
SNN_direct,3,42,SNN_direct_f3_s42,50,0.05479164303135791,0.043058758766467996,0.058664421324449566,0.23276277505143972,0.22802194952964783,0.023704127608959524,0.3083445895463228,0.2261606000829488
SNN_direct,3,42,SNN_direct_f3_s42,51,0.05469804010951992,0.041443585825618356,0.06627227141950782,0.23328428542630236,0.2286621630191803,0.02311061203561038,0.30868611484766006,0.22477509989403188
SNN_direct,3,42,SNN_direct_f3_s42,52,0.0521929945365503,0.03933608392738582,0.06428455304582238,0.23326940231134313,0.22865541279315948,0.023069947590918204,0.30879855652650195,0.21549910004250705
SNN_direct,3,42,SNN_direct_f3_s42,53,0.04800593913016026,0.03886452247873725,0.04570708325711508,0.23147151507615146,0.22711053490638733,0.0218049008488207,0.3091436084359884,0.22103380016051233
SNN_direct,3,42,SNN_direct_f3_s42,54,0.0522051141121642,0.04085291143079909,0.05676101340682559,0.2329506941104627,0.2286783754825592,0.02136159313951748,0.3087931318829457,0.22342079994268715
SNN_direct,3,42,SNN_direct_f3_s42,55,0.049564506072748114,0.039445775029889774,0.05059365521429169,0.22894073505675766,0.22480931878089905,0.02065708137929305,0.30849609337747097,0.22374330018647015
SNN_direct,3,42,SNN_direct_f3_s42,56,0.04909352313691134,0.03883360655648479,0.05129958290213277,0.23065449303891744,0.2265685349702835,0.020429790343169663,0.30850572511553764,0.2216830998659134
SNN_direct,3,42,SNN_direct_f3_s42,57,0.04592505962585853,0.03676511432180026,0.04579972652029136,0.23073205760348098,0.2267743945121765,0.01978831545652239,0.30961181533833343,0.2249712001066655
SNN_direct,3,42,SNN_direct_f3_s42,58,0.04387537489084447,0.03578466747421771,0.040453537083133755,0.23068810436149412,0.22685083746910095,0.01918633446196583,0.31025037976602715,0.22082570008933544
SNN_direct,3,42,SNN_direct_f3_s42,59,0.0470575391971935,0.03716277672598759,0.049473812356029524,0.23026151958213087,0.22650805115699768,0.018767342125666005,0.3085445159425338,0.22338619991205633
SNN_direct,3,42,SNN_direct_f3_s42,60,0.04583257976891808,0.037159667893623315,0.04336455937647384,0.22413313845364352,0.22046616673469543,0.018334858594740502,0.3088557937492927,0.22112479992210865
SNN_direct,3,42,SNN_direct_f3_s42,61,0.04486170189986847,0.03536300238920376,0.04749349755332357,0.22180909437244925,0.21819408237934113,0.018075059965540617,0.3083418781558673,0.22539949999190867
SNN_direct,3,42,SNN_direct_f3_s42,62,0.044200825084194144,0.03447191604451897,0.048644545198375855,0.2292452710979353,0.22570161521434784,0.017718279417937348,0.3098929828653733,0.22373649990186095
SNN_direct,3,42,SNN_direct_f3_s42,63,0.041726771868789723,0.03367802750047607,0.04024372184156825,0.22770321293301665,0.22420582175254822,0.017486955902342238,0.3092453336964051,0.2211175998672843
SNN_direct,3,42,SNN_direct_f3_s42,64,0.04035578157109076,0.03140673745171322,0.04474522059688768,0.22580704082221265,0.22241902351379395,0.016940086542093488,0.3086344376206398,0.22210519993677735
SNN_direct,3,42,SNN_direct_f3_s42,65,0.04038163014355466,0.03141124868125189,0.04485190731151386,0.23199467745846805,0.22862441837787628,0.01685129540295885,0.3090011930714051,0.22280899994075298
SNN_direct,3,42,SNN_direct_f3_s42,66,0.040211337331578285,0.03097347106813686,0.046189331317207157,0.2272855734841352,0.22394385933876038,0.016708570726874063,0.3090040410558383,0.21802009991370142
SNN_direct,3,42,SNN_direct_f3_s42,67,0.041440892883381555,0.032374805896931015,0.0453304349322527,0.22972540778196351,0.2264365404844284,0.016444336487675515,0.3085766602307558,0.21812160010449588
SNN_direct,3,42,SNN_direct_f3_s42,68,0.03819058442162016,0.029998562841986615,0.04096010789816772,0.22963629172364786,0.22642594575881958,0.016051729824141388,0.30785698629915714,0.2181716999039054
SNN_direct,3,42,SNN_direct_f3_s42,69,0.03799001418636963,0.030013586991117336,0.039882135976261474,0.22727667077236374,0.2241315245628357,0.015725731047640232,0.3087588169922431,0.218669299967587
SNN_direct,3,42,SNN_direct_f3_s42,70,0.036470543325115554,0.02911122339234377,0.03679659966385891,0.22908687932478117,0.2259940356016159,0.015464218615826275,0.30819675015906495,0.2271932999137789
SNN_direct,3,42,SNN_direct_f3_s42,71,0.037958763135089856,0.02919035252246734,0.043842053063112583,0.22759324341798978,0.22451913356781006,0.015370549250898572,0.30933919300635654,0.21677740011364222
SNN_direct,3,42,SNN_direct_f3_s42,72,0.03739126588417934,0.02844775861497813,0.044717536346006066,0.2269613030684472,0.22390887141227722,0.015262158280849872,0.308283827578028,0.2227630999404937
SNN_direct,3,42,SNN_direct_f3_s42,73,0.037634691954778275,0.02921073098938602,0.042119804826961295,0.22786337597637382,0.22486653923988342,0.014984183682452041,0.30856553713480633,0.2276041000150144
SNN_direct,3,42,SNN_direct_f3_s42,74,0.03630898321212517,0.028273008574615233,0.04017987318754968,0.22301736654860552,0.2200729250907898,0.014722207289078542,0.30765543691813946,0.22141119977459311
SNN_direct,3,42,SNN_direct_f3_s42,75,0.03573699887270647,0.027788491308456287,0.0397425378212509,0.23160654952342338,0.22868894040584564,0.014588045587888756,0.3083435061077277,0.2170977999921888
SNN_direct,3,42,SNN_direct_f3_s42,76,0.03541619570665724,0.028047725582534138,0.03684235062061549,0.23045997911169114,0.2275879681110382,0.01436005500326469,0.3083487960199515,0.2233832001220435
SNN_direct,3,314,SNN_direct_f3_s314,1,0.3944277876654942,0.2809073580428958,0.567602148112992,0.6556505436792314,0.5640736222267151,0.45788460726258146,0.2888231072574854,0.222069300012663
SNN_direct,3,314,SNN_direct_f3_s314,2,0.23819779409408567,0.1517405811076363,0.43228606493224686,0.5004107526628851,0.4264514446258545,0.36979654018515307,0.28674397834887105,0.21861989982426167
SNN_direct,3,314,SNN_direct_f3_s314,3,0.2006467668392834,0.12318037337778757,0.38733196730747893,0.4381352915956914,0.37670931220054626,0.3071298969757257,0.2872040445605914,0.21966990013606846
SNN_direct,3,314,SNN_direct_f3_s314,4,0.17563833939358017,0.11345096627095093,0.31093686561314615,0.41295929935274633,0.3615569770336151,0.2570116115956561,0.28587592268983525,0.22644610004499555
SNN_direct,3,314,SNN_direct_f3_s314,5,0.20446228811449174,0.14619432028848678,0.29133983913002487,0.39309755086851944,0.3493194878101349,0.21889031529192277,0.28615546226501465,0.2226195998955518
SNN_direct,3,314,SNN_direct_f3_s314,6,0.15363032863001103,0.10283184239718442,0.253992431164133,0.37307937475635944,0.33553004264831543,0.18774666054022013,0.2872383625557025,0.22670769994147122
SNN_direct,3,314,SNN_direct_f3_s314,7,0.13902423961122676,0.09570249146781862,0.21660874071704053,0.36049056499774723,0.3278212547302246,0.16334655133761325,0.2879534245779117,0.2169506000354886
SNN_direct,3,314,SNN_direct_f3_s314,8,0.13076886068831714,0.08987154359541212,0.20448658546452503,0.35114242160329656,0.3224473297595978,0.14347545921849378,0.2878953715165456,0.22309790016151965
SNN_direct,3,314,SNN_direct_f3_s314,9,0.12677240131839784,0.09000675997231156,0.1838282067304314,0.34145952955263215,0.31596601009368896,0.12746759729471596,0.28965915118654567,0.22534759994596243
SNN_direct,3,314,SNN_direct_f3_s314,10,0.1204661161313532,0.083940682845423,0.18262716642965096,0.3358099829314171,0.3131045699119568,0.11352706509730164,0.2895423707862695,0.22404300002381206
SNN_direct,3,314,SNN_direct_f3_s314,11,0.11549023579569662,0.08146498758772698,0.17012624103984822,0.3270376605492483,0.3064696788787842,0.10283990835232085,0.2909351922571659,0.22095680003985763
SNN_direct,3,314,SNN_direct_f3_s314,12,0.11427021439343814,0.0777307562821079,0.1826972905566511,0.32107456791103356,0.3022477924823761,0.09413387714328723,0.2910205063720544,0.2258443001192063
SNN_direct,3,314,SNN_direct_f3_s314,13,0.1128961694005387,0.07847464729760152,0.17210761051468584,0.3124762997727068,0.2951188087463379,0.08678745513184453,0.29105970698098343,0.22370380000211298
SNN_direct,3,314,SNN_direct_f3_s314,14,0.10653055402613687,0.0756453856981049,0.15442584164015982,0.307073747939518,0.2910402715206146,0.08016738209451707,0.2927015523115794,0.22695939987897873
SNN_direct,3,314,SNN_direct_f3_s314,15,0.1028006690355829,0.07484134465145569,0.13979662192063613,0.3088891799950023,0.29406872391700745,0.07410228038997442,0.29366807639598846,0.22961929999291897
SNN_direct,3,314,SNN_direct_f3_s314,16,0.09980979930326128,0.07186540847760625,0.13972195412827523,0.29950228125999134,0.2856763005256653,0.06912990367163042,0.2933424214522044,0.2254989999346435
SNN_direct,3,314,SNN_direct_f3_s314,17,0.0977120134813574,0.06935109723902617,0.14180458121165615,0.29258903256061036,0.27955204248428345,0.06518495038163456,0.29474283879001933,0.22501399996690452
SNN_direct,3,314,SNN_direct_f3_s314,18,0.09381666879779775,0.06933942124790822,0.12238623774944762,0.292579625681359,0.28039392828941345,0.060928486959727586,0.2953766528517008,0.22310409997589886
SNN_direct,3,314,SNN_direct_f3_s314,19,0.09050113263081487,0.06556607935150775,0.12467526639653559,0.2889413906063931,0.2775123119354248,0.05714539335484165,0.29606486049791175,0.2308422999922186
SNN_direct,3,314,SNN_direct_f3_s314,20,0.0913158670810349,0.06719489765237086,0.12060484714332015,0.2854800685650066,0.27463552355766296,0.05422272503671804,0.2962070020536582,0.22883439995348454
SNN_direct,3,314,SNN_direct_f3_s314,21,0.08711659754389778,0.06448721407408205,0.1131469173490786,0.284387454997672,0.2741937041282654,0.050968754347033046,0.2972254777948062,0.22929749987088144
SNN_direct,3,314,SNN_direct_f3_s314,22,0.08831485018553768,0.06576683011371642,0.11274010035910627,0.28188736162936234,0.2722390592098236,0.048241512097693603,0.29729736410081387,0.22545430017635226
SNN_direct,3,314,SNN_direct_f3_s314,23,0.08466054133506444,0.06066562398336828,0.11997458675848083,0.28012984888188824,0.270893931388855,0.046179587465166205,0.29755995112160843,0.22385150007903576
SNN_direct,3,314,SNN_direct_f3_s314,24,0.08454176328989166,0.06148985619074665,0.1152595354957251,0.27820952920348574,0.2694554924964905,0.04377018353497644,0.29804823112984496,0.22199820005334914
SNN_direct,3,314,SNN_direct_f3_s314,25,0.083288986930067,0.06022928211799202,0.11529852406037498,0.27432508656596943,0.2658703029155731,0.04227391825198143,0.29864298303922016,0.22243090020492673
SNN_direct,3,314,SNN_direct_f3_s314,26,0.08323109111719036,0.05992242419354928,0.11654333461820543,0.2697416778245601,0.26159366965293884,0.04074004085810632,0.2988321930170059,0.22523849993012846
SNN_direct,3,314,SNN_direct_f3_s314,27,0.07983747947570087,0.056876481869646035,0.11480498803027417,0.2751674575853431,0.2673868238925934,0.03890316846374856,0.29932780005037785,0.22404170013032854
SNN_direct,3,314,SNN_direct_f3_s314,28,0.08068003986249243,0.05738606661907397,0.11646986621709225,0.26769016632633047,0.26003578305244446,0.038271916369430184,0.29978366506596404,0.21844419999979436
SNN_direct,3,314,SNN_direct_f3_s314,29,0.07874253177828942,0.057687759874776624,0.10527385951756392,0.26426786367061006,0.25697067379951477,0.036485949355476305,0.2997603341937065,0.21990919997915626
SNN_direct,3,314,SNN_direct_f3_s314,30,0.07418847232156801,0.0557380135578569,0.09225229381855549,0.27090571848691714,0.26403284072875977,0.03436438879078699,0.3000181758155425,0.22563260002061725
SNN_direct,3,314,SNN_direct_f3_s314,31,0.07209446003583264,0.05409817418937261,0.0899814292323002,0.2659245839421403,0.2593543827533722,0.032851005943840564,0.30065321177244186,0.21790779987350106
SNN_direct,3,314,SNN_direct_f3_s314,32,0.07289377820255881,0.053927117682178505,0.09483330260190147,0.2703445482217859,0.26398035883903503,0.031820946913754346,0.3009657102326552,0.2254157999996096
SNN_direct,3,314,SNN_direct_f3_s314,33,0.07334034117238697,0.056774708389032945,0.08282816391677011,0.2737147060184851,0.26762324571609497,0.030457301511950554,0.3023286933700244,0.22276640008203685
SNN_direct,3,314,SNN_direct_f3_s314,34,0.06778825426783586,0.05275333212921396,0.07517461069310953,0.2670666890932282,0.2612658441066742,0.02900422493277012,0.3029535586635272,0.22897209995426238
SNN_direct,3,314,SNN_direct_f3_s314,35,0.07040791488338805,0.051794836384942755,0.09306539249222646,0.27057235831673015,0.26486173272132874,0.028553127977007164,0.30222100267807644,0.22160649998113513
SNN_direct,3,314,SNN_direct_f3_s314,36,0.07118648203741207,0.05236346845534475,0.09411506791033657,0.27115266101646424,0.26563993096351624,0.02756365026474005,0.3025735132396221,0.22067820001393557
SNN_direct,3,314,SNN_direct_f3_s314,37,0.06855994799799665,0.04938618752445715,0.09586880236769751,0.267213717556314,0.2617213726043701,0.027461724759719433,0.30271863999466103,0.22483840002678335
SNN_direct,3,314,SNN_direct_f3_s314,38,0.06682349932630892,0.04923376368969912,0.08794867818304904,0.2696606465281535,0.26416778564453125,0.027464304418111242,0.30320244655013084,0.22256270004436374
SNN_direct,3,314,SNN_direct_f3_s314,39,0.0669597585233195,0.04967300649150275,0.0864337601590837,0.2672512987689862,0.2621075212955475,0.025718887367193535,0.3040558534363906,0.2246033998671919
SNN_direct,3,314,SNN_direct_f3_s314,40,0.06486640495538672,0.047019128231719755,0.08923638361833486,0.2678279803117368,0.26276788115501404,0.025300495783613885,0.30410956653455895,0.2201113998889923
SNN_direct,3,314,SNN_direct_f3_s314,41,0.06514939371750246,0.04772366409694465,0.08712864810278899,0.267982638019676,0.2630579471588135,0.024623454304312432,0.3047987228880326,0.2231314000673592
SNN_direct,3,314,SNN_direct_f3_s314,42,0.06382554217192138,0.04778766610252205,0.08018938034699659,0.26825047316375983,0.2634839713573456,0.023832509032071354,0.3040546315411727,0.22807190008461475
SNN_direct,3,314,SNN_direct_f3_s314,43,0.0612095106343175,0.046599616519718744,0.07304947057299381,0.26939234929253003,0.2648053467273712,0.022935012825794004,0.30455620648960274,0.22591619985178113
SNN_direct,3,314,SNN_direct_f3_s314,44,0.06262006819355102,0.04495029764075298,0.08834885276399018,0.2663566163675596,0.2618230879306793,0.022667642184401388,0.3051955848932266,0.22615360002964735
SNN_direct,3,2718,SNN_direct_f3_s2718,1,0.6492501413582675,0.5380913396365941,0.5557940086083675,0.847994805984902,0.7514153122901917,0.4828974684735514,0.2801112197339535,0.2291585998609662
SNN_direct,3,2718,SNN_direct_f3_s2718,2,0.3966307429756153,0.3053255641522507,0.45652589411682293,0.5665261369812413,0.488376647233963,0.3907474487363917,0.283079292314748,0.22860449994914234
SNN_direct,3,2718,SNN_direct_f3_s2718,3,0.2561675195568485,0.17836878871700415,0.38899365419922177,0.41811196944061313,0.35257062315940857,0.32770673140602286,0.28505778157462675,0.22036639996804297
SNN_direct,3,2718,SNN_direct_f3_s2718,4,0.21068603575141184,0.1453916448323677,0.32647195459522055,0.3687077232473676,0.3130188584327698,0.27844432407298925,0.28742675731579465,0.22492800001055002
SNN_direct,3,2718,SNN_direct_f3_s2718,5,0.18482323263729902,0.12794188436237164,0.2844067413746368,0.3387004181634893,0.29083630442619324,0.23932056868648005,0.28933254536241293,0.22572039999067783
SNN_direct,3,2718,SNN_direct_f3_s2718,6,0.17470693655435957,0.1237293027418976,0.25488816906230993,0.32392872232311176,0.2822549343109131,0.2083689400609934,0.2885338018337886,0.22117920010350645
SNN_direct,3,2718,SNN_direct_f3_s2718,7,0.17000195352699643,0.12324788824965556,0.23377032638670436,0.3155436174074809,0.2786528468132019,0.18445385297139485,0.2900667308519284,0.22486560000106692
SNN_direct,3,2718,SNN_direct_f3_s2718,8,0.1545062501465527,0.11223133983245741,0.2113745515704765,0.30704978296404367,0.27426454424858093,0.16392619357731358,0.29076131122807664,0.22777210013009608
SNN_direct,3,2718,SNN_direct_f3_s2718,9,0.14738932408900204,0.10840852636223038,0.19490398863385827,0.3015331957215127,0.27208420634269714,0.14724494689407774,0.2907610399027665,0.23104800004512072
SNN_direct,3,2718,SNN_direct_f3_s2718,10,0.13757759932892935,0.09804638281154136,0.19765608258693987,0.29671882705282676,0.2701057493686676,0.13306538842079588,0.2915851517270009,0.22447349992580712
SNN_direct,3,2718,SNN_direct_f3_s2718,11,0.1285178965917686,0.09392891580743405,0.17294490392167272,0.29364585659952847,0.2693515419960022,0.12147157301763133,0.2923038750886917,0.23150560003705323
SNN_direct,3,2718,SNN_direct_f3_s2718,12,0.13149206235554953,0.09852679118436451,0.1648263558559251,0.28947543727925173,0.26724451780319214,0.1111545973802981,0.2923863399773836,0.22697849990800023
SNN_direct,3,2718,SNN_direct_f3_s2718,13,0.1271935231279587,0.09160310179383184,0.17795210667063432,0.28705828035098013,0.2664493918418884,0.10304444254545858,0.29256198400010663,0.23060719994828105
SNN_direct,3,2718,SNN_direct_f3_s2718,14,0.11938119469000885,0.09039324410453749,0.1449397529273567,0.2863101290777888,0.2672875225543976,0.09511303261695604,0.2930552838370204,0.223429000005126
SNN_direct,3,2718,SNN_direct_f3_s2718,15,0.10921456999935684,0.08148077157481264,0.13866899212272102,0.28232662671157777,0.2647152245044708,0.08805701103553458,0.29481078994770843,0.22416499978862703
SNN_direct,3,2718,SNN_direct_f3_s2718,16,0.11619667126915913,0.09050235809991136,0.12847156584623887,0.28260021782017447,0.26619774103164673,0.08201238394263874,0.29565104221304256,0.22256589983589947
SNN_direct,3,2718,SNN_direct_f3_s2718,17,0.10711302335896773,0.07984533212341678,0.13633845617775472,0.28408604898413864,0.2687414586544037,0.07672295164867486,0.2954596628745397,0.22834360017441213
SNN_direct,3,2718,SNN_direct_f3_s2718,18,0.10093069176014254,0.07736836767677839,0.11781162041682074,0.2748197790418031,0.2603425085544586,0.07238635243672245,0.29607503054042655,0.22460369998589158
SNN_direct,3,2718,SNN_direct_f3_s2718,19,0.1034415116041162,0.07650248535598318,0.13469513124066512,0.27310727107145316,0.25945696234703064,0.0682515436221125,0.29788126548131305,0.2250840999186039
SNN_direct,3,2718,SNN_direct_f3_s2718,20,0.09435636608189286,0.07197454944252968,0.11190908319681603,0.2740385299431945,0.2611483931541443,0.06445068394525105,0.2969786251584689,0.22250419994816184
SNN_direct,3,2718,SNN_direct_f3_s2718,21,0.09748049252016973,0.07309243635972962,0.12194028080220054,0.27016023472396644,0.25783735513687134,0.061614397935475566,0.29937703410784405,0.22576529998332262
SNN_direct,3,2718,SNN_direct_f3_s2718,22,0.09271001258686558,0.06976111830833058,0.11474447139267503,0.26603229867288575,0.25429388880729675,0.058692049327944903,0.29853095176319283,0.22943600011058152
SNN_direct,3,2718,SNN_direct_f3_s2718,23,0.09561450296168983,0.0722298571781721,0.1169232289175886,0.2656296798042109,0.2543802261352539,0.056247268344785245,0.2978895381093025,0.22180759999901056
SNN_direct,3,2718,SNN_direct_f3_s2718,24,0.08929355560161183,0.06793711350959104,0.10678221046010378,0.26470355298182685,0.2539488971233368,0.053773279292450384,0.2997675258666277,0.22771109989844263
SNN_direct,3,2718,SNN_direct_f3_s2718,25,0.0900387445557771,0.06788442437148963,0.11077160092143729,0.26230725629577334,0.2520182132720947,0.05144521511839294,0.29957438198228675,0.2290268000215292
SNN_direct,3,2718,SNN_direct_f3_s2718,26,0.0895372419882517,0.0700665443437174,0.0973534882226715,0.257990922772636,0.2480563074350357,0.04967307668800155,0.2996512856334448,0.22349049989134073
SNN_direct,3,2718,SNN_direct_f3_s2718,27,0.08452962570566547,0.0633876327095398,0.10570996498062835,0.2569458624326958,0.24726951122283936,0.04838175604928214,0.3004168023665746,0.22466850001364946
SNN_direct,3,2718,SNN_direct_f3_s2718,28,0.08094547245347881,0.06252501540681503,0.09210228523331897,0.25663903450203834,0.24741527438163757,0.046118800602003976,0.2996649853885174,0.22823960008099675
SNN_direct,3,2718,SNN_direct_f3_s2718,29,0.08056623399950834,0.06224470111192204,0.09160766443793145,0.2567224013707864,0.24781641364097595,0.044529938649052296,0.3007290307432413,0.22795910015702248
SNN_direct,3,2718,SNN_direct_f3_s2718,30,0.0765503036862236,0.060544969703187235,0.08002666991518186,0.25250532285737914,0.24403274059295654,0.0423629113221131,0.30083875730633736,0.22115199989639223
SNN_direct,3,2718,SNN_direct_f3_s2718,31,0.07850908332762668,0.0610673760335582,0.0872085364703424,0.2521082870908808,0.24391186237335205,0.040982123587643665,0.30245727486908436,0.2245555000845343
SNN_direct,3,2718,SNN_direct_f3_s2718,32,0.07324079449647296,0.05741420234941567,0.07913296073528639,0.2530033021668593,0.24514126777648926,0.039310171951850256,0.3017861594756444,0.22711340012028813
SNN_direct,3,2718,SNN_direct_f3_s2718,33,0.07528152697102317,0.05561456579986649,0.09833480585578336,0.2520053166117367,0.244242325425148,0.038814955932943374,0.3028089739382267,0.22847849992103875
SNN_direct,3,2718,SNN_direct_f3_s2718,34,0.07345225344388069,0.056120078491706714,0.08666087476086991,0.25116815426094025,0.24356068670749664,0.03803733776721798,0.3012845888733864,0.22128250007517636
SNN_direct,3,2718,SNN_direct_f3_s2718,35,0.0686431049788729,0.05353196358191781,0.0755557069847755,0.24861463278288948,0.2412259876728058,0.03694322555041842,0.3020585123449564,0.220697799930349
SNN_direct,3,2718,SNN_direct_f3_s2718,36,0.06760330310677413,0.052137317921733484,0.07732992592520328,0.2477407124472208,0.24056407809257507,0.035883171773228625,0.3024776199211677,0.22702670004218817
SNN_direct,3,2718,SNN_direct_f3_s2718,37,0.06867887271404609,0.05375355358410161,0.07462659564972234,0.24775475092276159,0.24066899716854095,0.03542876877110311,0.30318440683186054,0.22486179997213185
SNN_direct,3,2718,SNN_direct_f3_s2718,38,0.06710345894050461,0.052151213836623356,0.07476122551940619,0.24697522702004537,0.24002927541732788,0.03472975801358749,0.30339436791837215,0.22851869999431074
SNN_direct,3,2718,SNN_direct_f3_s2718,39,0.0667384945463409,0.051513514648831915,0.0761248994875449,0.24577580499708793,0.2389683574438095,0.0340372377663921,0.30335313578446704,0.2281224001199007
SNN_direct,3,2718,SNN_direct_f3_s2718,40,0.06448125684679937,0.050357666215859354,0.07061795315470006,0.24397548815797804,0.23731182515621185,0.03331831500883091,0.3028622797379891,0.22282940009608865
SNN_direct,3,2718,SNN_direct_f3_s2718,41,0.06251589527911629,0.04831754772749264,0.07099173775811819,0.24299343990522243,0.23642489314079285,0.03284273382214794,0.30307183290521306,0.22464350005611777
SNN_direct,3,2718,SNN_direct_f3_s2718,42,0.06572450184350807,0.050353969854768366,0.07685265994369846,0.24094833790014186,0.2344348132610321,0.03256762319554885,0.30450954909125966,0.22262200014665723
SNN_direct,3,2718,SNN_direct_f3_s2718,43,0.062365303741218854,0.04846281273057684,0.06951245505321009,0.2421009678043185,0.23564015328884125,0.032304072577386225,0.3030410446226597,0.2280330997891724
SNN_direct,3,2718,SNN_direct_f3_s2718,44,0.06138070675345234,0.04730183099551747,0.07039437878967436,0.24422441647524956,0.2378765344619751,0.03173941006637237,0.3039394809554021,0.22310689999721944
SNN_direct,3,2718,SNN_direct_f3_s2718,45,0.0601863486512052,0.047306412651475206,0.06439967999865003,0.23822302201278098,0.23194371163845062,0.031396551871651766,0.30283582769334316,0.22456380003131926
SNN_direct,3,2718,SNN_direct_f3_s2718,46,0.057613322611281714,0.04462220884549121,0.06495556882895256,0.23856494711099907,0.23238927125930786,0.03087837925845605,0.3032786740610997,0.22512120008468628
SNN_direct,3,2718,SNN_direct_f3_s2718,47,0.05758308842742738,0.043160960621510945,0.07211063902958222,0.2389472370997581,0.2326962798833847,0.0312547860818669,0.3032303862273693,0.23206369997933507
SNN_direct,3,2718,SNN_direct_f3_s2718,48,0.056372674883673736,0.042850012071236655,0.06761331406218539,0.24411746599330017,0.23784804344177246,0.031347112757638504,0.30343247825900715,0.23206559987738729
SNN_direct,3,2718,SNN_direct_f3_s2718,49,0.06306506628813954,0.04792234589694999,0.07571360195594776,0.2403067174026854,0.23393908143043518,0.03183817986125103,0.30505221833785373,0.22790360008366406
SNN_direct,3,2718,SNN_direct_f3_s2718,50,0.056613822608875486,0.04288951832859311,0.06862152140141188,0.2438946249601929,0.23750241100788116,0.03196106976155871,0.3047021472205718,0.22657210007309914
SNN_direct,3,2718,SNN_direct_f3_s2718,51,0.05353748053031462,0.041438967188393384,0.06049256670960615,0.24013562160946791,0.23384033143520355,0.03147645087132184,0.3040043121824662,0.22993919998407364
SNN_direct,3,2718,SNN_direct_f3_s2718,52,0.053507921162562665,0.041581871342107966,0.059630249102273464,0.2381146225598187,0.23177102208137512,0.03171800239221778,0.3038897017637889,0.22786069987341762
SNN_direct,3,2718,SNN_direct_f3_s2718,53,0.05317525901251005,0.04054447759214478,0.06315390710182635,0.24025423297361667,0.2339167296886444,0.031687516424861305,0.30335150845348835,0.22730839997529984
SNN_direct,3,2718,SNN_direct_f3_s2718,54,0.050505415689319676,0.038357902880913265,0.060737564042032004,0.24126875892283361,0.23489083349704742,0.031889627128931015,0.30419447148839635,0.22411349997855723
SNN_direct,3,2718,SNN_direct_f3_s2718,55,0.04995889705292884,0.03834122885018587,0.05808834101371486,0.24087281852008396,0.23456652462482452,0.03153146947629723,0.30402791251738864,0.22423589997924864
SNN_direct,3,2718,SNN_direct_f3_s2718,56,0.04844711244781775,0.0373759333936808,0.05535589527068476,0.24396284946211197,0.2377200871706009,0.03121381145755543,0.30415229064722854,0.22449449985288084
SNN_direct,3,2718,SNN_direct_f3_s2718,57,0.048632135589982306,0.037016806556493975,0.0580766451674416,0.23978982219547942,0.23342165350914001,0.031840843431696984,0.30349975389738876,0.22375150001607835
SNN_direct,3,2718,SNN_direct_f3_s2718,58,0.04667676797480843,0.03760835243641244,0.04534207769197992,0.2462989602133532,0.24005752801895142,0.031207160972008978,0.30451212637126446,0.22864319989457726
SNN_direct,3,2718,SNN_direct_f3_s2718,59,0.04773100957918439,0.037051517011908196,0.05339746283638103,0.242213066933547,0.23573657870292664,0.03238244115310185,0.30534993422528106,0.22170599992386997
SNN_direct,3,2718,SNN_direct_f3_s2718,60,0.0450804908498354,0.035088013139708586,0.049962388550634056,0.24347358133967853,0.237054705619812,0.03209437859933253,0.30432142565647763,0.22004169994033873
SNN_direct,3,2718,SNN_direct_f3_s2718,61,0.04654696696292918,0.03529680102171066,0.05625082970609264,0.24437568636642953,0.23782619833946228,0.03274744013483627,0.30466295033693314,0.22880270006135106
SNN_direct,3,2718,SNN_direct_f3_s2718,62,0.04415338832467439,0.03468243120005354,0.047354785623104266,0.24376227663079814,0.2371712028980255,0.03295536866386307,0.30469726646939915,0.22256660019047558
SNN_direct,3,2718,SNN_direct_f3_s2718,63,0.043780279313592164,0.033545393768387534,0.05117442772602316,0.2431412121458726,0.23654711246490479,0.032970498404839024,0.30349826253950596,0.22836140007711947
SNN_direct,3,2718,SNN_direct_f3_s2718,64,0.04586764114665071,0.03547976750996895,0.05193936818340883,0.2433493286707005,0.23668716847896576,0.033310800958673746,0.3040752491603295,0.2241607999894768
SNN_direct,3,2718,SNN_direct_f3_s2718,65,0.04420254095907713,0.03395445883991973,0.051240410595787024,0.24221537234004822,0.23530657589435577,0.03454398222846227,0.30463202732304734,0.22183679998852313
SNN_direct,3,2718,SNN_direct_f3_s2718,66,0.04392002419970075,0.03378832307741201,0.05065850561144367,0.24377076927888605,0.2370164841413498,0.03377142568768123,0.3048771147926648,0.2295089999679476
SNN_direct,3,2718,SNN_direct_f3_s2718,67,0.04340015049316928,0.03250943942111917,0.05445355536025056,0.24500228489908565,0.23779359459877014,0.03604345150157749,0.30340576358139515,0.2222894998267293
SNN_direct,4,42,SNN_direct_f4_s42,1,0.7005036652371852,0.5725691250214974,0.639672701078439,0.4392131517756553,0.33820071816444397,0.5050621680560566,0.2787715643644333,0.2263419001828879
SNN_direct,4,42,SNN_direct_f4_s42,2,0.4050034515280248,0.3025622214190662,0.5122061505447931,0.28788442820310595,0.2073296755552292,0.4027737632393837,0.28122301027178764,0.22146850009448826
SNN_direct,4,42,SNN_direct_f4_s42,3,0.28009034719119047,0.19399749006455144,0.4304642856331952,0.21342476885943185,0.14648203551769257,0.33471366670869646,0.2870651589085658,0.22502569993957877
SNN_direct,4,42,SNN_direct_f4_s42,4,0.20953798824028266,0.13887048811496547,0.35333750062658603,0.1809828952451547,0.12431244552135468,0.2833522486190001,0.28840915268907946,0.2264203999657184
SNN_direct,4,42,SNN_direct_f4_s42,5,0.17496959236139134,0.1164234444925872,0.2927307393440208,0.16346431526399793,0.11470654606819153,0.24378884597903205,0.29098876907179755,0.2203571000136435
SNN_direct,4,42,SNN_direct_f4_s42,6,0.16129660664980724,0.10751855317115162,0.2688902673932781,0.15266036058820429,0.11025253683328629,0.21203911877459003,0.29312106656531495,0.2208063001744449
SNN_direct,4,42,SNN_direct_f4_s42,7,0.14358114270632816,0.09822472759212057,0.22678207557103802,0.14325937033763952,0.10589759796857834,0.18680886184530598,0.2958379437526067,0.21927500003948808
SNN_direct,4,42,SNN_direct_f4_s42,8,0.13169214732642343,0.09207671201632668,0.1980771765504837,0.13611855912776222,0.10340573638677597,0.16356411370493118,0.2959289538363616,0.2254440998658538
SNN_direct,4,42,SNN_direct_f4_s42,9,0.12398767342653104,0.0879767407119895,0.18005466357270758,0.13011335333720558,0.10109686106443405,0.1450824613638577,0.29863389891882736,0.23066290002316236
SNN_direct,4,42,SNN_direct_f4_s42,10,0.11614034788326168,0.08267531481881936,0.16732516532221156,0.12432400566658804,0.09849800169467926,0.12913001985954387,0.2988707156231006,0.23004689998924732
SNN_direct,4,42,SNN_direct_f4_s42,11,0.10917608011324181,0.07942833359508465,0.14873873259078582,0.12044798058768114,0.09691552072763443,0.11766229930023352,0.3000048839797576,0.2211022002156824
SNN_direct,4,42,SNN_direct_f4_s42,12,0.10242290323925625,0.07626844331389293,0.13077229962681666,0.11749150572876846,0.09614268690347672,0.10674409412645867,0.3008947782218456,0.22381659992970526
SNN_direct,4,42,SNN_direct_f4_s42,13,0.09749784467210267,0.07342676346888766,0.12035540601607504,0.11355407817998812,0.09409221261739731,0.09730932781295408,0.3034057629605134,0.2289511999115348
SNN_direct,4,42,SNN_direct_f4_s42,14,0.0935325686476091,0.07220006161757435,0.10666253515017371,0.11091519890973965,0.0933748409152031,0.0877017899726828,0.3035300026337306,0.22420400008559227
SNN_direct,4,42,SNN_direct_f4_s42,15,0.08995686871887165,0.06961682790036623,0.10170020409252715,0.10761511821122396,0.09175051003694534,0.07932304087139311,0.3048055035372575,0.224251699866727
SNN_direct,4,42,SNN_direct_f4_s42,16,0.08994610588909212,0.07066811574622989,0.09638995071431118,0.10522985062783673,0.09053433686494827,0.07347756881444227,0.3064995650202036,0.222037399886176
SNN_direct,4,42,SNN_direct_f4_s42,17,0.08016502671628567,0.06268679118754032,0.08739117764372677,0.10333825230465404,0.08963479846715927,0.06851726918747382,0.3054477274417877,0.22485060011968017
SNN_direct,4,42,SNN_direct_f4_s42,18,0.07791479186464309,0.06033565598772839,0.0878956793845735,0.10102705885567481,0.08803524821996689,0.06495905317853959,0.30712429496149224,0.2286046000663191
SNN_direct,4,42,SNN_direct_f4_s42,19,0.07405523862415873,0.058066820580279455,0.0799420902193964,0.09895087855158463,0.08677166700363159,0.06089605773976516,0.30674682309230167,0.2220302999485284
SNN_direct,4,42,SNN_direct_f4_s42,20,0.06956801852671333,0.054560456182419635,0.07503781172146849,0.09873556480964735,0.08722583949565887,0.05754862656994235,0.3076852733890216,0.22368950000964105
SNN_direct,4,42,SNN_direct_f4_s42,21,0.06815425933931123,0.05317243630027709,0.07490911519517063,0.09595531418476076,0.08490407466888428,0.05525619757938243,0.30798977613449097,0.22235270007513463
SNN_direct,4,42,SNN_direct_f4_s42,22,0.06643335544291872,0.05242147642032554,0.07005939511296592,0.09391426512749777,0.08323491364717484,0.053396757401614675,0.30889973789453506,0.22385710012167692
SNN_direct,4,42,SNN_direct_f4_s42,23,0.06156662951737391,0.04829204790682221,0.06637290805275849,0.09198762588956881,0.08194658905267715,0.05020518418445828,0.30846693242589635,0.22396129998378456
SNN_direct,4,42,SNN_direct_f4_s42,24,0.06098141210214327,0.04737699675024487,0.068022076759492,0.09246349668884207,0.08273161947727203,0.048659386057850154,0.30886705219745636,0.22933709993958473
SNN_direct,4,42,SNN_direct_f4_s42,25,0.05656484324174844,0.046326659462162446,0.05119091889792996,0.09058955531101674,0.08134416490793228,0.04622695201542228,0.3088720714052518,0.22377629997208714
SNN_direct,4,42,SNN_direct_f4_s42,26,0.05762960825043937,0.04460623699317997,0.065116856286297,0.08901409994611251,0.0798536092042923,0.04580245370910104,0.3091292344033718,0.22977390000596642
SNN_direct,4,42,SNN_direct_f4_s42,27,0.0533312079958996,0.04205415827649025,0.056385248597046744,0.08917393588771423,0.0803886130452156,0.0439266142124931,0.3102575683345397,0.22462050011381507
SNN_direct,4,42,SNN_direct_f4_s42,28,0.05047535195063387,0.04033777626561156,0.05068787842511158,0.088318303808836,0.07992623001337051,0.04196036897732743,0.30944824032485485,0.2259498001076281
SNN_direct,4,42,SNN_direct_f4_s42,29,0.050068157879154966,0.038161166160837943,0.05953495859158512,0.08720578595796334,0.07890036702156067,0.04152709468201335,0.30963419501980144,0.2258746000006795
SNN_direct,4,42,SNN_direct_f4_s42,30,0.04706388986069824,0.037745569580389805,0.046591601401542164,0.08587894373639886,0.07804825156927109,0.03915346083563886,0.3100021680196126,0.22464800020679832
SNN_direct,4,42,SNN_direct_f4_s42,31,0.04580563313279224,0.036634133740638695,0.04585749696076776,0.08392969491204158,0.07656902074813843,0.03680337081951577,0.31156724753479165,0.22500330000184476
SNN_direct,4,42,SNN_direct_f4_s42,32,0.046151461123020855,0.03524172194011044,0.054548695914552116,0.08527417882656058,0.07784200459718704,0.037160871146867676,0.3110523819923401,0.22847489989362657
SNN_direct,4,42,SNN_direct_f4_s42,33,0.04176882850824513,0.03363244637633519,0.04068191065954969,0.08240756647871984,0.07522761076688766,0.035899778559160905,0.31043321328858536,0.22486139996908605
SNN_direct,4,42,SNN_direct_f4_s42,34,0.04249768631726988,0.03414321920233002,0.041772335574699226,0.08155689792452557,0.07466576993465424,0.034455639949356694,0.31232693170507747,0.22496779984794557
SNN_direct,4,42,SNN_direct_f4_s42,35,0.04043322515887892,0.031762332956229024,0.043354461013249475,0.08176381940897998,0.07504149526357651,0.033611620727017344,0.31248616489271325,0.22594110015779734
SNN_direct,4,42,SNN_direct_f4_s42,36,0.03892563177655706,0.03133465462209036,0.03795488577233347,0.07945209157442497,0.07276036590337753,0.03345862835523717,0.3119893403102954,0.22640400007367134
SNN_direct,4,42,SNN_direct_f4_s42,37,0.037335630826649355,0.02974415878027988,0.03795736023184739,0.07856445302166755,0.07218758016824722,0.0318843642671016,0.311558432256182,0.22739290003664792
SNN_direct,4,42,SNN_direct_f4_s42,38,0.03934905012616291,0.028734653402352706,0.05307198361905102,0.07821607353077048,0.07146342843770981,0.03376322546530337,0.3119935418168704,0.22778149996884167
SNN_direct,4,42,SNN_direct_f4_s42,39,0.03846051365502346,0.030383567781730864,0.040384729366462986,0.07807860133349008,0.07160487771034241,0.032368618115738386,0.3132954929023981,0.23010589997284114
SNN_direct,4,42,SNN_direct_f4_s42,40,0.03647688210996661,0.027537343446359348,0.044697693318036295,0.07909210439560757,0.07287184149026871,0.03110131452669434,0.31178615738948184,0.22664960008114576
SNN_direct,4,42,SNN_direct_f4_s42,41,0.03426351778292057,0.02634039519277091,0.039615612950748294,0.07776622080277386,0.07134631276130676,0.03209954020733546,0.3124685324728489,0.22204279992729425
SNN_direct,4,42,SNN_direct_f4_s42,42,0.03340882606915708,0.02530780590799016,0.040505100805834554,0.07558417101701101,0.0695531815290451,0.030154947439829508,0.31227688242991763,0.2228976001497358
SNN_direct,4,42,SNN_direct_f4_s42,43,0.0328061872966346,0.02563170327145296,0.035872420125908196,0.07631942944484763,0.07026396691799164,0.030277312634279952,0.31385593364636105,0.22274730005301535
SNN_direct,4,42,SNN_direct_f4_s42,44,0.033606325803141844,0.025316546724449534,0.04144889539346155,0.07566953800635279,0.0695953294634819,0.030371042714354448,0.3131268999228875,0.22910119988955557
SNN_direct,4,42,SNN_direct_f4_s42,45,0.029326791179527634,0.023001186966818448,0.031628021063545925,0.074328103404093,0.06863480806350708,0.028466476702929608,0.31407972735663253,0.22750890022143722
SNN_direct,4,42,SNN_direct_f4_s42,46,0.030185170808806894,0.0231821504276013,0.035015101906027954,0.07478159707948742,0.06925134360790253,0.02765126735792451,0.3132458509256442,0.22735940013080835
SNN_direct,4,42,SNN_direct_f4_s42,47,0.02807615640687747,0.022089102349127643,0.029935270288749153,0.0724498814027313,0.06707865744829178,0.02685611977219759,0.3135063995917638,0.22245540004223585
SNN_direct,4,42,SNN_direct_f4_s42,48,0.028186478636140034,0.021122132554107036,0.03532173041016499,0.07225898362291489,0.06678640097379684,0.027362913245590228,0.3145058862864971,0.2251669999677688
SNN_direct,4,42,SNN_direct_f4_s42,49,0.026951246971304202,0.020117343025049195,0.03416951973127504,0.07167109594159271,0.06610233336687088,0.027843812873609187,0.31386284592250985,0.22508849995210767
SNN_direct,4,42,SNN_direct_f4_s42,50,0.02653430739226127,0.020213463581361186,0.0316042190545004,0.07044949633928592,0.06492064148187637,0.02764427428704775,0.3135460074990988,0.22479999996721745
SNN_direct,4,42,SNN_direct_f4_s42,51,0.02474533592120476,0.018953487762094785,0.028959240795549873,0.07112346497480758,0.0658266544342041,0.026484052703017368,0.31493584625422955,0.22577730007469654
SNN_direct,4,42,SNN_direct_f4_s42,52,0.024888116300549906,0.018663441107491963,0.0311233759652897,0.07036015955764534,0.06491848081350327,0.027208393720710385,0.31475043669342995,0.22784180007874966
SNN_direct,4,42,SNN_direct_f4_s42,53,0.023931532462385663,0.018766739847099718,0.02582396307642971,0.06890477060301539,0.06371532380580902,0.025947233986031885,0.315677219380935,0.2350822000298649
SNN_direct,4,42,SNN_direct_f4_s42,54,0.023576789053449065,0.017680464569518033,0.029481622419655146,0.06820433355840144,0.0632164254784584,0.024939540399715215,0.3153335240979989,0.23080820008181036
SNN_direct,4,42,SNN_direct_f4_s42,55,0.023763698300143243,0.017170579861461494,0.03296559219340874,0.06785609849066185,0.06292477250099182,0.024656629948350158,0.3146579327682654,0.2316846998874098
SNN_direct,4,42,SNN_direct_f4_s42,56,0.02266723682092436,0.017036001525411848,0.02815617647756256,0.06791880485507482,0.0632631778717041,0.023278134916853602,0.31603230722248554,0.22338719991967082
SNN_direct,4,42,SNN_direct_f4_s42,57,0.021794566751921124,0.01603958134849866,0.028774927017112303,0.06769102202520506,0.06296875327825546,0.023611343734747995,0.3162797037512064,0.22388119995594025
SNN_direct,4,42,SNN_direct_f4_s42,58,0.020985406198973596,0.015786181204020977,0.02599612497476308,0.06762197563114265,0.06302636861801147,0.02297803506565591,0.3177159285793702,0.228237499948591
SNN_direct,4,42,SNN_direct_f4_s42,59,0.01983069776804478,0.015241250148392282,0.022947238098262473,0.06634868063814273,0.06179213151335716,0.02278274562392783,0.3160382751375437,0.2234808001667261
SNN_direct,4,42,SNN_direct_f4_s42,60,0.02021629605996025,0.01533215126498059,0.024420723974898306,0.06662660341748658,0.06210488826036453,0.022608575785610204,0.3165096025913954,0.22065969998948276
SNN_direct,4,42,SNN_direct_f4_s42,61,0.020571044794211686,0.014761979667431055,0.02904532563390316,0.0677448616835699,0.06310832500457764,0.02318268339496128,0.3161132826159398,0.21815249999053776
SNN_direct,4,42,SNN_direct_f4_s42,62,0.021963398197094183,0.017475994900451042,0.022437016483215694,0.0663813361578061,0.06192592531442642,0.022277054216898424,0.31763468372325104,0.22604310000315309
SNN_direct,4,42,SNN_direct_f4_s42,63,0.018242735325529783,0.013662437593059925,0.022901488662349288,0.06651876968705828,0.06228666380047798,0.021160529432901448,0.31771498049298924,0.2212153000291437
SNN_direct,4,42,SNN_direct_f4_s42,64,0.019040097603469804,0.013782927713085277,0.02628584945192262,0.06681396865840292,0.062338005751371384,0.022379814535157666,0.3170929631839196,0.22991729993373156
SNN_direct,4,42,SNN_direct_f4_s42,65,0.019626419848086153,0.013971537710555518,0.028274410687653167,0.06484040040177726,0.06032925844192505,0.022555709799261033,0.31763522637387115,0.2203308001626283
SNN_direct,4,42,SNN_direct_f4_s42,66,0.017059610615946744,0.01298151535593206,0.020390476300073426,0.06487166911352514,0.06053779646754265,0.021669363229912485,0.31874633642534417,0.22452779999002814
SNN_direct,4,42,SNN_direct_f4_s42,67,0.016737172075506606,0.012540922272213114,0.020981249016467456,0.06436292435997443,0.06017059460282326,0.02096164878575586,0.3181258135785659,0.22427539993077517
SNN_direct,4,42,SNN_direct_f4_s42,68,0.01653862025633544,0.012211972823327718,0.021633237165038597,0.06574183485545551,0.061617162078619,0.020623363884182514,0.3187963869422674,0.22602830012328923
SNN_direct,4,42,SNN_direct_f4_s42,69,0.01669878937003127,0.012191662683714336,0.022535633431584656,0.0635819159420706,0.059182338416576385,0.021997887627471107,0.3182590069870154,0.2267556998413056
SNN_direct,4,42,SNN_direct_f4_s42,70,0.016398824236102828,0.011661382523016073,0.023687208565433774,0.064064007061104,0.05965011566877365,0.022069456961651752,0.31778361089527607,0.21895110001787543
SNN_direct,4,42,SNN_direct_f4_s42,71,0.016104794094387944,0.01140801994673287,0.023483870738275358,0.06453083446600691,0.060408543795347214,0.02061145335329846,0.3193097623685996,0.21847690013237298
SNN_direct,4,42,SNN_direct_f4_s42,72,0.016045126715974207,0.011470781692575352,0.022871725116994267,0.06551319098476337,0.061154089868068695,0.02179550558347338,0.31888753237823647,0.22591660008765757
SNN_direct,4,42,SNN_direct_f4_s42,73,0.015024537811609557,0.011068695503733276,0.0197792115393814,0.06392516112595331,0.05984523519873619,0.020399629636085593,0.31959580940504867,0.2279748001601547
SNN_direct,4,42,SNN_direct_f4_s42,74,0.014642420912813888,0.010492796078324318,0.02074812417244785,0.0627654026563756,0.058701176196336746,0.02032113230019431,0.31919555738568306,0.21704550017602742
SNN_direct,4,42,SNN_direct_f4_s42,75,0.015026760942373688,0.01080242104944773,0.021121699464629797,0.06411711036019066,0.06015360727906227,0.019817515405641948,0.3196384000281493,0.2202446002047509
SNN_direct,4,42,SNN_direct_f4_s42,76,0.013933250004419863,0.010351868121081983,0.017906909416689414,0.06387485193810703,0.06001773104071617,0.019285604486954287,0.32068359355131787,0.22387020010501146
SNN_direct,4,42,SNN_direct_f4_s42,77,0.014545882286455375,0.010370987263740972,0.02087447511357202,0.06452856698655524,0.06050128489732742,0.020136410446139053,0.31936822024484474,0.22014019987545907
SNN_direct,4,42,SNN_direct_f4_s42,78,0.013296609758855023,0.010067137443305304,0.016147361577748594,0.06549942310568267,0.06161075457930565,0.019443342631885095,0.3192574040343364,0.22254540002904832
SNN_direct,4,42,SNN_direct_f4_s42,79,0.013450398862499527,0.00976654831902124,0.018419252717391435,0.06442208320863539,0.06042051315307617,0.02000785027779611,0.31997517806788284,0.2150538000278175
SNN_direct,4,42,SNN_direct_f4_s42,80,0.013059598921376583,0.009786203809198923,0.016366975560888296,0.06250367233347441,0.05859847739338875,0.019525974700428335,0.31998521524171036,0.21967240003868937
SNN_direct,4,42,SNN_direct_f4_s42,81,0.012647568172597058,0.009369599290948827,0.016389844408241146,0.0648724382333014,0.06094393506646156,0.019642515834199174,0.31991197479267913,0.22461759997531772
SNN_direct,4,42,SNN_direct_f4_s42,82,0.0127843519293726,0.009202704331983114,0.017908237986947427,0.06412684357895895,0.060254961252212524,0.019359411633732157,0.3208010538170735,0.21926099993288517
SNN_direct,4,42,SNN_direct_f4_s42,83,0.011952642736099065,0.009169618385688713,0.013915121752051765,0.06397800605175213,0.0602836050093174,0.018472005212173653,0.3209281414747238,0.21818980015814304
SNN_direct,4,42,SNN_direct_f4_s42,84,0.012011115127053358,0.008779748105249988,0.01615683510901685,0.06265233077431774,0.059025805443525314,0.018132626653962126,0.32148315384984016,0.2203408998902887
SNN_direct,4,42,SNN_direct_f4_s42,85,0.012128282479420834,0.009062674500455614,0.01532803989482609,0.06298617551465993,0.059525441378355026,0.017303670681524507,0.32088473811745644,0.22543990006670356
SNN_direct,4,42,SNN_direct_f4_s42,86,0.011698630230226659,0.008571209099803431,0.015637105652116144,0.06431895241186708,0.060767799615859985,0.017755763980035442,0.3218177606662114,0.22009339998476207
SNN_direct,4,42,SNN_direct_f4_s42,87,0.012510235281914734,0.00891579188707207,0.01797221697421332,0.06198688316956187,0.058399755507707596,0.01793563830927139,0.3210953784485658,0.22594839986413717
SNN_direct,4,42,SNN_direct_f4_s42,88,0.010922433415338897,0.008135474005636448,0.013934797048512242,0.06350320681788227,0.05996892228722572,0.017671422653282726,0.32117594343920547,0.22493460006080568
SNN_direct,4,42,SNN_direct_f4_s42,89,0.010706427939957084,0.007981157910156375,0.013626350149003548,0.06242601170941184,0.05900224670767784,0.01711882500866999,0.3207564273228248,0.22310060006566346
SNN_direct,4,42,SNN_direct_f4_s42,90,0.010125715076853578,0.007776634588177937,0.011745402443378204,0.06355014226096198,0.060139674693346024,0.017052337838079742,0.32154622363547486,0.2196859000250697
SNN_direct,4,42,SNN_direct_f4_s42,91,0.01052145789333482,0.00802268005888133,0.01249388917226745,0.062419772723023056,0.058973975479602814,0.017228986217101228,0.32137505399684113,0.21992629999294877
SNN_direct,4,42,SNN_direct_f4_s42,92,0.011035468524016186,0.00769338314178943,0.016710426911133783,0.0634463102523157,0.05987433344125748,0.01785988405529116,0.32173041192193824,0.21806020010262728
SNN_direct,4,42,SNN_direct_f4_s42,93,0.01020458338791812,0.007647398657960973,0.012785923649785738,0.06409321785621917,0.060637373477220535,0.017279221894993195,0.32165473016599816,0.2202139999717474
SNN_direct,4,42,SNN_direct_f4_s42,94,0.010076968304375695,0.007319906915654428,0.01378530694360633,0.06431749108547333,0.06097986176609993,0.016688146596866966,0.32291842872897786,0.22480749990791082
SNN_direct,4,42,SNN_direct_f4_s42,95,0.010526079361077688,0.00769278180572049,0.01416648777678598,0.06392552612109631,0.060443323105573654,0.017411015077613272,0.3214005536089341,0.23179120011627674
SNN_direct,4,42,SNN_direct_f4_s42,96,0.009998262460983752,0.007211264700648219,0.013934988801677666,0.06300137730985408,0.05964221432805061,0.016795814909017368,0.32184692410131294,0.22125549986958504
SNN_direct,4,42,SNN_direct_f4_s42,97,0.009878704862078468,0.007824547290510964,0.01027078785783752,0.06187111944187477,0.05873424559831619,0.01568436921779288,0.3214921063433091,0.21905909990891814
SNN_direct,4,42,SNN_direct_f4_s42,98,0.009627421274285336,0.007306127958145225,0.011606466580700555,0.061989886874550953,0.058924488723278046,0.015326990756364553,0.3220083297540744,0.22830599988810718
SNN_direct,4,42,SNN_direct_f4_s42,99,0.009467393596774136,0.006975725409574807,0.012458340935996645,0.06239175336738949,0.059236425906419754,0.01577663730484866,0.3213989256570737,0.2188099001068622
SNN_direct,4,42,SNN_direct_f4_s42,100,0.009472526013475526,0.006594637578624922,0.014389442174253015,0.06339648198876689,0.06000610440969467,0.016951887895361107,0.32354478786389035,0.2242705998942256
SNN_direct,4,42,SNN_direct_f4_s42,101,0.009366578894697953,0.0064556462384643964,0.014554663281167777,0.06355760768464755,0.060133837163448334,0.017118852605996097,0.322139077509443,0.2277520999778062
SNN_direct,4,42,SNN_direct_f4_s42,102,0.009185471294705398,0.006829732786475991,0.011778692541147025,0.06259095944712975,0.05934891477227211,0.016210223374288207,0.3217758536338806,0.22840819996781647
SNN_direct,4,42,SNN_direct_f4_s42,103,0.009158011392910505,0.006957154332970579,0.011004285299699624,0.06395152000100054,0.06083590164780617,0.015578091765971858,0.32241373633344966,0.24711740016937256
SNN_direct,4,42,SNN_direct_f4_s42,104,0.008362585053288588,0.006410714641485053,0.00975935205901767,0.06264873386133937,0.05965973064303398,0.01494501609152697,0.32227091553310555,0.2263533000368625
SNN_direct,4,42,SNN_direct_f4_s42,105,0.008785886000928103,0.006350209662438526,0.012178381692447879,0.06263201268430012,0.0595974363386631,0.015172881728185096,0.32233778449396294,0.22268719994463027
SNN_direct,4,42,SNN_direct_f4_s42,106,0.007860539160471422,0.006131334897266545,0.008646021316024393,0.062489225784440695,0.059539180248975754,0.014750227677324715,0.32178249520560104,0.22862559999339283
SNN_direct,4,42,SNN_direct_f4_s42,107,0.008816650193215638,0.006056018079107162,0.013803160570542384,0.06429093799029163,0.06110263615846634,0.015941509159126455,0.3231868501752615,0.22556599997915328
SNN_direct,4,42,SNN_direct_f4_s42,108,0.008693923708587578,0.006112231691076886,0.012908460087553466,0.0632379680805735,0.059947073459625244,0.01645447310474126,0.322476535414656,0.22060520015656948
SNN_direct,4,42,SNN_direct_f4_s42,109,0.008179214290388257,0.0059877097434461275,0.010957522734710646,0.06499771929460188,0.06192588061094284,0.01535919341829521,0.32282335000733536,0.2245523000601679
SNN_direct,4,42,SNN_direct_f4_s42,110,0.007862971668084024,0.0060267969250465585,0.009180873715187329,0.06397514104817154,0.0608830526471138,0.015460442005288705,0.32285508948067826,0.22722240001894534
SNN_direct,4,42,SNN_direct_f4_s42,111,0.007503216451102981,0.005582574330522523,0.009603210602902286,0.063472092390146,0.06049960106611252,0.014862456620167427,0.32183010255297023,0.22530509997159243
SNN_direct,4,42,SNN_direct_f4_s42,112,0.0079854348293256,0.006119889601298685,0.009327726140134574,0.06286555050242029,0.060064896941185,0.0140032678061765,0.32207031299670535,0.22495610010810196
SNN_direct,4,314,SNN_direct_f4_s314,1,0.3985890969395958,0.29080921357187134,0.5388994168386225,0.20394679739361718,0.11801223456859589,0.42967281412510644,0.2895020867387454,0.22686709999106824
SNN_direct,4,314,SNN_direct_f4_s314,2,0.2434174479464224,0.15781673695892096,0.4280035549375072,0.15300802168392,0.08375362306833267,0.3462719930779366,0.2882039376224081,0.2282063001766801
SNN_direct,4,314,SNN_direct_f4_s314,3,0.1958598482911873,0.1278361117389674,0.3401186827610994,0.13226474551927475,0.07585909962654114,0.2820282294636681,0.28827690954009694,0.22174410009756684
SNN_direct,4,314,SNN_direct_f4_s314,4,0.17171268886726962,0.11412095635508497,0.2879586625609232,0.12004874058422588,0.07266569882631302,0.23691520878956432,0.2876685907443364,0.2245547000784427
SNN_direct,4,314,SNN_direct_f4_s314,5,0.14960524404770578,0.10324694685793172,0.23179148594887033,0.10847975278184527,0.0686940923333168,0.19892830224264235,0.2883683269222577,0.22201619995757937
SNN_direct,4,314,SNN_direct_f4_s314,6,0.13712135864484587,0.09574168305941082,0.20689837792717516,0.10295356195952211,0.06872976571321487,0.17111898123153618,0.2891952854891618,0.22381730005145073
SNN_direct,4,314,SNN_direct_f4_s314,7,0.12484076940841243,0.09101317542081233,0.16913796993800054,0.09628118114812034,0.06671156734228134,0.14784806902919498,0.2900996928413709,0.2252174001187086
SNN_direct,4,314,SNN_direct_f4_s314,8,0.11810338387000097,0.0844835455257756,0.16809919172112683,0.09318670931316557,0.06689775735139847,0.13144475980883552,0.2909715461234252,0.22228690003976226
SNN_direct,4,314,SNN_direct_f4_s314,9,0.10791740655140643,0.08054541947785765,0.13685993536774388,0.0895180196829495,0.06640728563070297,0.11555367026123263,0.29243449059625465,0.22755960002541542
SNN_direct,4,314,SNN_direct_f4_s314,10,0.09983471987268448,0.07473299755171563,0.12550861160484425,0.08682694993558385,0.06628775596618652,0.10269596984698659,0.2937135150035222,0.22144079999998212
SNN_direct,4,314,SNN_direct_f4_s314,11,0.0946000705211688,0.07224020233843476,0.11179934091367023,0.08373576311838059,0.06535086035728455,0.09192451380548022,0.2955433496584495,0.2285056000109762
SNN_direct,4,314,SNN_direct_f4_s314,12,0.10118624716000302,0.08034378239729752,0.10421232381352752,0.08314843050248566,0.06646033376455307,0.08344048368966296,0.2964043493072192,0.23176730005070567
SNN_direct,4,314,SNN_direct_f4_s314,13,0.09147393749548512,0.07262442547168273,0.09424756011901207,0.08032726746495991,0.06488119065761566,0.07723038403672122,0.2978224003066619,0.2240973999723792
SNN_direct,4,314,SNN_direct_f4_s314,14,0.0852632873666626,0.06383426840329776,0.1071450948168241,0.08002356616070583,0.06551399827003479,0.07254783945335519,0.29861165521045524,0.22925739991478622
SNN_direct,4,314,SNN_direct_f4_s314,15,0.08095708445227105,0.0629659921687562,0.08995546141757425,0.07926132517467652,0.06552313268184662,0.0686909624641495,0.2999527994543314,0.2241069998126477
SNN_direct,4,314,SNN_direct_f4_s314,16,0.07475929631243165,0.05832897019960607,0.08215163056412786,0.07985430453504835,0.0669751912355423,0.06439556649753025,0.30025580525398254,0.22536149993538857
SNN_direct,4,314,SNN_direct_f4_s314,17,0.07467246157510077,0.055830809054896235,0.09420826260102266,0.07768111348240858,0.06508244574069977,0.06299333870854407,0.3017820920795202,0.22176879993639886
SNN_direct,4,314,SNN_direct_f4_s314,18,0.07045662537209091,0.054494520867592655,0.07981052252249128,0.07725995559600138,0.06503573060035706,0.0611211249782216,0.3021747500946124,0.22558840014971793
SNN_direct,4,314,SNN_direct_f4_s314,19,0.06751956511069966,0.052365230881453805,0.07577167114622929,0.07702532818319187,0.06522903591394424,0.05898146134623814,0.3033991151799758,0.2272258000448346
SNN_direct,4,314,SNN_direct_f4_s314,20,0.06582859924856244,0.05180001679885512,0.07014291224853654,0.0762142207557779,0.06475092470645905,0.05731648024659426,0.3028584811836481,0.22557659982703626
SNN_direct,4,314,SNN_direct_f4_s314,21,0.06295064182628297,0.04928736775764264,0.06831637034320166,0.07531794490736156,0.06423778831958771,0.05540078293886923,0.3038163228581349,0.22027890011668205
SNN_direct,4,314,SNN_direct_f4_s314,22,0.06168022950310365,0.0486964649365594,0.06491882283272128,0.07489436993464119,0.06426853686571121,0.053129165344649835,0.3045861820379893,0.22362040006555617
SNN_direct,4,314,SNN_direct_f4_s314,23,0.05776144514064146,0.045157060517036975,0.0630219231180224,0.07401888152273993,0.06385109573602676,0.05083892893356581,0.30467434227466583,0.21780509990639985
SNN_direct,4,314,SNN_direct_f4_s314,24,0.054298655876246466,0.04238280227097372,0.05957926802636369,0.07334231441663135,0.0635363832116127,0.049029656025093224,0.304638401294748,0.22469989978708327
SNN_direct,4,314,SNN_direct_f4_s314,25,0.05235656776326708,0.042054053619115926,0.05151257072075575,0.07350783379327151,0.06422728300094604,0.046402753961627324,0.30504326770703,0.2219674999359995
SNN_direct,4,314,SNN_direct_f4_s314,26,0.05323463618786232,0.04183089233508023,0.057018719263910465,0.072894814059227,0.06379389762878418,0.045504582152214076,0.30608927210172016,0.2206839001737535
SNN_direct,4,314,SNN_direct_f4_s314,27,0.05097638581764415,0.039795990766530544,0.05590197525556806,0.07246862370498655,0.06362341344356537,0.04422605130710595,0.30641371197998524,0.22620870009995997
SNN_direct,4,314,SNN_direct_f4_s314,28,0.04989027349850983,0.03890394118692105,0.05493166155794385,0.07182451674115978,0.06305710226297379,0.04383707239092993,0.30648112048705417,0.22318600001744926
SNN_direct,4,314,SNN_direct_f4_s314,29,0.048479387548519014,0.03760239363570387,0.05438496956407571,0.07132268839914883,0.06272052973508835,0.04301079332030245,0.3064991595844428,0.22451930004172027
SNN_direct,4,314,SNN_direct_f4_s314,30,0.04573412500864497,0.0361215444621242,0.048062902732603864,0.07061660358127916,0.062302250415086746,0.041571765830962074,0.30769884027540684,0.22730119992047548
SNN_direct,4,314,SNN_direct_f4_s314,31,0.04490525584236932,0.03473751453081301,0.05083870655778152,0.07013958681064347,0.061942536383867264,0.04098525213388105,0.30759440176188946,0.224699400132522
SNN_direct,4,314,SNN_direct_f4_s314,32,0.0411578381361529,0.03259034739555015,0.04283745370301373,0.06973690141258496,0.0615953654050827,0.04070768003751125,0.307971328496933,0.22479330003261566
SNN_direct,4,314,SNN_direct_f4_s314,33,0.04362794163186847,0.03171361581189558,0.05957162909986443,0.0700197735060716,0.06184074655175209,0.04089513477159753,0.30780788759390515,0.2227572000119835
SNN_direct,4,314,SNN_direct_f4_s314,34,0.03896809511020266,0.030550447923208896,0.04208823593496882,0.07011589324378985,0.062156591564416885,0.03979650839686483,0.3086862520625194,0.22595039987936616
SNN_direct,4,314,SNN_direct_f4_s314,35,0.03777259784812587,0.03011551332504799,0.03828542261538942,0.06903863371870968,0.06128053367137909,0.03879050023665297,0.3082982078194618,0.22768829995766282
SNN_direct,4,314,SNN_direct_f4_s314,36,0.039928632130425294,0.030212895847701777,0.048578681413617576,0.06853741776109451,0.060857754200696945,0.03839831780198784,0.3093033867577712,0.22784569999203086
SNN_direct,4,314,SNN_direct_f4_s314,37,0.03639245280625554,0.02883294950394581,0.037797516511548654,0.06856590378087103,0.060912422835826874,0.03826740472522076,0.3092697486281395,0.2201535999774933
SNN_direct,4,314,SNN_direct_f4_s314,38,0.03760643726268037,0.028157458097363513,0.04724489582658429,0.0688288467621342,0.06112346053123474,0.038526931154497325,0.3098200149834156,0.2231358999852091
SNN_direct,4,314,SNN_direct_f4_s314,39,0.0363248902889203,0.027213988442478392,0.04555450923220957,0.06821480059353191,0.0607580691576004,0.03728365717965755,0.30896687880158424,0.22432449995540082
SNN_direct,4,314,SNN_direct_f4_s314,40,0.032388766123635386,0.025168983217251178,0.036098914531921024,0.067517521777412,0.06034671142697334,0.03585405175219334,0.3095117198924224,0.23181919986382127
SNN_direct,4,314,SNN_direct_f4_s314,41,0.03184384335388219,0.024333216085021075,0.03755313634430558,0.06771990313616005,0.060606785118579865,0.03556559008790092,0.3099704310297966,0.22630400001071393
SNN_direct,4,314,SNN_direct_f4_s314,42,0.03059577453319905,0.02387781823927071,0.03358978146964171,0.06783627742064363,0.060670867562294006,0.03582704929174811,0.3093973795572917,0.22325849998742342
SNN_direct,4,314,SNN_direct_f4_s314,43,0.030751196405926187,0.023315566873255495,0.03717814766335345,0.06790582631564965,0.06068507954478264,0.03610373385433507,0.30972073040902615,0.2219497999176383
SNN_direct,4,314,SNN_direct_f4_s314,44,0.029434179378881126,0.022507105342810974,0.03463537018035075,0.0672604138458458,0.06009669601917267,0.0358185891333657,0.3103234836210807,0.22542460006661713
SNN_direct,4,314,SNN_direct_f4_s314,45,0.028602528728838377,0.022409429540857673,0.0309654959399035,0.06822656506373148,0.06123988702893257,0.034933390173994536,0.3098571759959062,0.23020830005407333
SNN_direct,4,314,SNN_direct_f4_s314,46,0.030501565485135648,0.022289985223324038,0.041057901309058044,0.06733560348578196,0.06024402007460594,0.03545791705588012,0.31003309537967044,0.22595210000872612
SNN_direct,4,314,SNN_direct_f4_s314,47,0.02727168077838787,0.02079105220521645,0.0324031428658571,0.06756735380350923,0.06042642518877983,0.03570464307364697,0.31039089399079484,0.22577850008383393
SNN_direct,4,314,SNN_direct_f4_s314,48,0.026347518209763877,0.020113530913173843,0.0311699364829502,0.06803318325136344,0.06102919206023216,0.03501995595565642,0.31028835847973824,0.22590529988519847
SNN_direct,4,314,SNN_direct_f4_s314,49,0.025616771742892452,0.019391039822949097,0.03112865959971677,0.06804564598825805,0.061304230242967606,0.0337070787264522,0.310786135494709,0.22651230008341372
SNN_direct,4,314,SNN_direct_f4_s314,50,0.025546153714904374,0.0193481452006381,0.030990042571331356,0.0683750073269697,0.06134457886219025,0.03515214232389727,0.3110871035605669,0.22141689993441105
SNN_direct,4,314,SNN_direct_f4_s314,51,0.02578609721881714,0.018716851617985714,0.03534622800415712,0.06787857484770939,0.06087782606482506,0.035003743914421646,0.31117173843085766,0.22777390014380217
SNN_direct,4,314,SNN_direct_f4_s314,52,0.023383068556383554,0.018290867631246027,0.025461004625687636,0.06777722476033626,0.06108608841896057,0.03345568170687849,0.31206515803933144,0.22572729992680252
SNN_direct,4,314,SNN_direct_f4_s314,53,0.025394907935261415,0.01760752627645464,0.03893690829403387,0.06771677467040718,0.06090840697288513,0.03404183848761022,0.3113521337509155,0.22201590007171035
SNN_direct,4,314,SNN_direct_f4_s314,54,0.02221048434942599,0.017450720556856442,0.02379881896284772,0.0681400622420534,0.061386674642562866,0.033766937997452694,0.3118012131502231,0.22163260006345809
SNN_direct,4,314,SNN_direct_f4_s314,55,0.023401376334555444,0.01833852666701811,0.025314248337686664,0.06858956011638621,0.061946894973516464,0.03321332571434877,0.31211032283802825,0.21897299983538687
SNN_direct,4,314,SNN_direct_f4_s314,56,0.022540639905452086,0.016080449606912833,0.03230095149269627,0.06962768636873945,0.06285133212804794,0.033881771203457554,0.3123607033242782,0.2243339999113232
SNN_direct,4,314,SNN_direct_f4_s314,57,0.020850098050381446,0.015928397556611646,0.02460850246884899,0.06942503856885845,0.06272097676992416,0.03352030899467146,0.3120038503160079,0.226940399967134
SNN_direct,4,314,SNN_direct_f4_s314,58,0.02026423319317484,0.014730827557893159,0.027667028176408388,0.0695876830426832,0.06298493593931198,0.03301373551685607,0.3132099074621995,0.2276022001169622
SNN_direct,4,314,SNN_direct_f4_s314,59,0.02013523524690983,0.014893098957448577,0.026210681447306285,0.07026398713686614,0.06351058930158615,0.03376698917639996,0.31251980053881806,0.2262927999254316
SNN_direct,4,2718,SNN_direct_f4_s2718,1,0.5944176622774298,0.4849649746902287,0.5472634379360053,0.3946553787163326,0.29773083329200745,0.48462272712162563,0.2820435917625825,0.21999279991723597
SNN_direct,4,2718,SNN_direct_f4_s2718,2,0.44812120524516824,0.36245956318452954,0.42830821030319344,0.232430241335006,0.15731430053710938,0.37557970398948304,0.28638536110520363,0.2235391999129206
SNN_direct,4,2718,SNN_direct_f4_s2718,3,0.23062198535318942,0.1577853976826494,0.3641829383527,0.1824276094493412,0.12205833196640015,0.3018463874147052,0.2863407392675678,0.22741680010221899
SNN_direct,4,2718,SNN_direct_f4_s2718,4,0.18896092557199293,0.12941064353799447,0.2977514101699923,0.16211878421760742,0.11258227378129959,0.2476825521815391,0.289228110263745,0.21994290011934936
SNN_direct,4,2718,SNN_direct_f4_s2718,5,0.16396190713475428,0.1157292581240957,0.24116324505329287,0.14891182932825314,0.1074301153421402,0.20740856993056478,0.2899030204862356,0.22038770001381636
SNN_direct,4,2718,SNN_direct_f4_s2718,6,0.15258455789330952,0.10857437873103966,0.22005089581134932,0.14056842444908052,0.10529746115207672,0.17635481648501897,0.2895682780072093,0.2192592998035252
SNN_direct,4,2718,SNN_direct_f4_s2718,7,0.1367922950382697,0.09788541489979252,0.19453440069238584,0.1310551000067166,0.10038263350725174,0.15336233249732426,0.2891912159199516,0.2219003001227975
SNN_direct,4,2718,SNN_direct_f4_s2718,8,0.1289472091072074,0.09260759712196887,0.1816980599261926,0.12538076998577233,0.0984511524438858,0.13464808770943257,0.2902495649953683,0.2194049002137035
SNN_direct,4,2718,SNN_direct_f4_s2718,9,0.12021621426002294,0.09036131306008126,0.14927450599970837,0.11958301345152514,0.0957479327917099,0.11917540329907622,0.2903541416550676,0.22098570014350116
SNN_direct,4,2718,SNN_direct_f4_s2718,10,0.11256381559331452,0.08388370040726538,0.14340057593024572,0.1149670451347317,0.09379817545413971,0.10584434840295996,0.2915513763825099,0.2170818999875337
SNN_direct,4,2718,SNN_direct_f4_s2718,11,0.10446508643719914,0.07850898751833786,0.1297804945943063,0.1118412297254517,0.09287995845079422,0.09480635637328738,0.29166178467373055,0.22568380017764866
SNN_direct,4,2718,SNN_direct_f4_s2718,12,0.10982529084828117,0.08644437758872907,0.11690456629776054,0.10739139793884186,0.09028103947639465,0.08555179231223606,0.29220119677484035,0.22072650003246963
SNN_direct,4,2718,SNN_direct_f4_s2718,13,0.09775316735903113,0.07406087989996497,0.11846143729533075,0.10587516141434511,0.0900961309671402,0.07889515223602454,0.29371744580566883,0.23224399983882904
SNN_direct,4,2718,SNN_direct_f4_s2718,14,0.09836185984231059,0.0763492072680189,0.1100632628714584,0.10369959087066707,0.08912750333547592,0.07286043767595575,0.29374213330447674,0.2250856999307871
SNN_direct,4,2718,SNN_direct_f4_s2718,15,0.0863271898403259,0.06643811420265895,0.09944537818833481,0.10047531392247905,0.08695852011442184,0.06758396904028598,0.29397081087032956,0.2267915999982506
SNN_direct,4,2718,SNN_direct_f4_s2718,16,0.08453099007553383,0.06540970704130207,0.09560641517115874,0.09918317646852562,0.08668725192546844,0.06247962271528584,0.2951418732603391,0.22728270012885332
SNN_direct,4,2718,SNN_direct_f4_s2718,17,0.08396196493377554,0.06453417947826286,0.09713892727756336,0.09791470789306221,0.08613255620002747,0.0589107584651737,0.2956861723214388,0.22275089984759688
SNN_direct,4,2718,SNN_direct_f4_s2718,18,0.0774213430396088,0.06044327283052553,0.08489035104541635,0.0963237177447549,0.08537229150533676,0.05475713119709066,0.29696912815173465,0.23119259998202324
SNN_direct,4,2718,SNN_direct_f4_s2718,19,0.07790883075926146,0.06360643718896124,0.07151196785150112,0.09475098835925261,0.08455105125904083,0.0509996855010589,0.29761868094404537,0.2252269999589771
SNN_direct,4,2718,SNN_direct_f4_s2718,20,0.06814484616830586,0.055018966959323734,0.0656293960449107,0.09322407222574665,0.08386661112308502,0.04678730551330816,0.2970277251054843,0.22456380003131926
SNN_direct,4,2718,SNN_direct_f4_s2718,21,0.07420158227784743,0.059637377329636365,0.07282102474105533,0.0931648140303081,0.08417120575904846,0.044968041356298186,0.2985475001235803,0.22705380013212562
SNN_direct,4,2718,SNN_direct_f4_s2718,22,0.06716268345331407,0.0507323445538835,0.08215169449715279,0.09083049509452568,0.08208830654621124,0.04371094274157215,0.29913194353381795,0.22773939999751747
SNN_direct,4,2718,SNN_direct_f4_s2718,23,0.05885195581308398,0.048456968184230696,0.05197493814426644,0.09023446632726562,0.0822339802980423,0.04000243014611658,0.2983447251220544,0.23024829989299178
SNN_direct,4,2718,SNN_direct_f4_s2718,24,0.05951203883304831,0.04725576226095048,0.06128138286048912,0.09009961285051846,0.08237341046333313,0.03863101193592662,0.29973361392815906,0.23018809990026057
SNN_direct,4,2718,SNN_direct_f4_s2718,25,0.06013250882521003,0.04922189468440289,0.05455307070403568,0.08988300875450174,0.08264786005020142,0.03617574352150162,0.30086480018993217,0.23040250013582408
SNN_direct,4,2718,SNN_direct_f4_s2718,26,0.05705027773485515,0.04483402666907447,0.06108125532890336,0.0886549140490769,0.08159181475639343,0.0353154964634173,0.3011897789935271,0.228441399987787
SNN_direct,4,2718,SNN_direct_f4_s2718,27,0.055506332996284845,0.04319185682106763,0.06157238087608602,0.08801359228257621,0.08118795603513718,0.03412818123719522,0.30136583000421524,0.2254534000530839
SNN_direct,4,2718,SNN_direct_f4_s2718,28,0.05272474974857536,0.04187935644101041,0.05422696653782475,0.0881998988928362,0.08158353716135025,0.03308180865742976,0.30154351331293583,0.22286359989084303
SNN_direct,4,2718,SNN_direct_f4_s2718,29,0.05249838498237805,0.041556836532739304,0.05470774224819371,0.08747636601949732,0.08105428516864777,0.03211040425424774,0.30210720623532933,0.2319287999998778
SNN_direct,4,2718,SNN_direct_f4_s2718,30,0.0499361020417474,0.04010870503649736,0.049136985026250156,0.08667817868824516,0.08047283440828323,0.031026721399809633,0.302488607664903,0.22919109999202192
SNN_direct,4,2718,SNN_direct_f4_s2718,31,0.05216957794309507,0.04264886455105928,0.04760356696017892,0.08697441663038695,0.08116143196821213,0.029064923310874118,0.3036131449043751,0.22733349981717765
SNN_direct,4,2718,SNN_direct_f4_s2718,32,0.045699043321644095,0.03806943183008116,0.03814805745781471,0.0869099602540068,0.08149651437997818,0.027067229370143088,0.3036465123295784,0.23022509994916618
SNN_direct,4,2718,SNN_direct_f4_s2718,33,0.04546537376906482,0.03764176549642192,0.03911804136321454,0.08678348727236014,0.08162520825862885,0.025791395068656475,0.30416965298354626,0.22396490001119673
SNN_direct,4,2718,SNN_direct_f4_s2718,34,0.0439778603237281,0.03436469343917755,0.04806583442275272,0.08577422439564197,0.08058485388755798,0.025946852540419924,0.304397651925683,0.22768329991959035
SNN_direct,4,2718,SNN_direct_f4_s2718,35,0.04118524624823933,0.033580992230175376,0.038021270090319755,0.08564326457346656,0.08054909110069275,0.02547086736386908,0.30451090571781,0.22676609992049634
SNN_direct,4,2718,SNN_direct_f4_s2718,36,0.04066534550520431,0.032251984021665216,0.042066807417695466,0.08459020347578362,0.07969024032354355,0.024499815761200375,0.30470933640996617,0.22303209989331663
SNN_direct,4,2718,SNN_direct_f4_s2718,37,0.03806584701423368,0.030993197123583133,0.035363249453252706,0.08439441382352796,0.07951583713293076,0.02439288345298597,0.3050037982563178,0.22943919990211725
SNN_direct,4,2718,SNN_direct_f4_s2718,38,0.037204089687961774,0.030811625251468893,0.031962322182464385,0.08534999164043083,0.08068481832742691,0.0233258665650196,0.30524129296342534,0.22503960016183555
SNN_direct,4,2718,SNN_direct_f4_s2718,39,0.03768515978675211,0.029990010346712854,0.038475747200196274,0.08387521067634225,0.07919120043516159,0.02342005120590329,0.305663929010431,0.22527449997141957
SNN_direct,4,2718,SNN_direct_f4_s2718,40,0.038214494372202014,0.02921237939153798,0.04501057490332017,0.0842041094041252,0.0795256495475769,0.023392299282741513,0.3047342939923207,0.22837409982457757
SNN_direct,4,2718,SNN_direct_f4_s2718,41,0.036201739437478245,0.027783913319581188,0.04208913058948529,0.08307623869617514,0.07821472734212875,0.024307556770231928,0.3057615825285514,0.2318208001088351
SNN_direct,4,2718,SNN_direct_f4_s2718,42,0.03450549274457951,0.028298477292992175,0.031035077257936666,0.0840300636196376,0.07952247560024261,0.022537940096974907,0.30609632718066376,0.23501740000210702
SNN_direct,4,2718,SNN_direct_f4_s2718,43,0.03320866100609052,0.027016765321604908,0.03095947842242806,0.08317338855726467,0.07866571843624115,0.0225383506051176,0.3058207177867492,0.22667359979823232
SNN_direct,4,2718,SNN_direct_f4_s2718,44,0.033129062898721404,0.025353419934011374,0.03887821482355015,0.0824463990970426,0.07797065377235413,0.02237872662344238,0.3075610337158044,0.22499430016614497
SNN_direct,4,2718,SNN_direct_f4_s2718,45,0.03246730827674963,0.02457247592974454,0.03947416173502542,0.08293791062054447,0.07828086614608765,0.02328522237228407,0.306925047809879,0.23278920003212988
SNN_direct,4,2718,SNN_direct_f4_s2718,46,0.03111523753112827,0.024380736411937203,0.03367250559595534,0.084300663579211,0.0796358585357666,0.02332402521722196,0.30699788468579453,0.22557699983008206
SNN_direct,4,2718,SNN_direct_f4_s2718,47,0.030928719265581592,0.02405870699537142,0.034350061351050856,0.08206879272801978,0.0774783119559288,0.022952403860454936,0.30728963389992714,0.22253400017507374
SNN_direct,4,2718,SNN_direct_f4_s2718,48,0.029074156933098918,0.022942942969772655,0.0306560698166313,0.08110163270839535,0.07663114368915558,0.022352445096198825,0.30784830699364346,0.22438880009576678
SNN_direct,4,2718,SNN_direct_f4_s2718,49,0.029788483849254376,0.023346738414450858,0.03220872717401757,0.08143828586653053,0.07702866196632385,0.022048119501033355,0.3074281147370736,0.22308899997733533
SNN_direct,4,2718,SNN_direct_f4_s2718,50,0.027299278628674945,0.021661647401439648,0.028188156136176507,0.08211148762886988,0.07779667526483536,0.02157406182017266,0.3085443787276745,0.2269419999793172
SNN_direct,4,2718,SNN_direct_f4_s2718,51,0.026927438897040856,0.020965417551148374,0.029810106729462424,0.08122118493464466,0.0770917609333992,0.020647120006227246,0.3074428973098596,0.22921109991148114
SNN_direct,4,2718,SNN_direct_f4_s2718,52,0.0273944956379604,0.021628169536901016,0.028831630505296923,0.08164505304253128,0.0775245726108551,0.020602402158380884,0.30839070429404575,0.225499999942258
SNN_direct,4,2718,SNN_direct_f4_s2718,53,0.026497942270157077,0.020196407902403735,0.0315076718387667,0.08123374352835873,0.07696139812469482,0.021361727018319513,0.30778971252342063,0.2176208000164479
SNN_direct,4,2718,SNN_direct_f4_s2718,54,0.02600499269876322,0.019942839120631106,0.030310767890660565,0.08090454784099989,0.0768267884850502,0.020388796779748405,0.3085648597528537,0.22692220006138086
SNN_direct,4,2718,SNN_direct_f4_s2718,55,0.023809230666938786,0.018991456483490765,0.0240888709172401,0.08144055850376995,0.0774298906326294,0.02005333935570282,0.30819756413499516,0.22445629979483783
SNN_direct,4,2718,SNN_direct_f4_s2718,56,0.022079195589240014,0.0178907900408376,0.020942027742012075,0.08208015595124812,0.07828661799430847,0.018967689784698278,0.30948893291254836,0.22780460002832115
SNN_direct,4,2718,SNN_direct_f4_s2718,57,0.024493131291738374,0.01762594824443416,0.034335915236521054,0.08123914024138468,0.07721361517906189,0.02012762531161397,0.30817003051439923,0.22539239982143044
SNN_direct,4,2718,SNN_direct_f4_s2718,58,0.022924131719098812,0.017241861186145496,0.028411352664766604,0.08267334905780098,0.07868314534425735,0.019951018567718123,0.3090737573802471,0.22788999998010695
SNN_direct,4,2718,SNN_direct_f4_s2718,59,0.02430574605460586,0.01718717129066742,0.0355928738196922,0.0821823457922853,0.07798952609300613,0.020964098496395828,0.3092934849361579,0.22705470002256334
SNN_direct,4,2718,SNN_direct_f4_s2718,60,0.022721182753577363,0.017405479217510827,0.02657851768033269,0.08350236948989775,0.07956043630838394,0.019709665907569052,0.3088271754483382,0.234667900018394
SNN_direct,4,2718,SNN_direct_f4_s2718,61,0.022256331715133425,0.016919827855114516,0.026682519300094534,0.08115556269180074,0.0771399512887001,0.02007805701550318,0.3094023987650871,0.22358919982798398
SNN_direct,4,2718,SNN_direct_f4_s2718,62,0.02110103237916985,0.01615424883493688,0.024733917721164858,0.08008432258225401,0.07631795108318329,0.018831857495353602,0.3090919318298499,0.22683119983412325
SNN_direct,4,2718,SNN_direct_f4_s2718,63,0.020166786988334046,0.015517417292964334,0.02324684847684856,0.08165202232438051,0.0778987854719162,0.01876618426232155,0.3097303571800391,0.22410569991916418
SNN_direct,4,2718,SNN_direct_f4_s2718,64,0.01955457858925549,0.015185983841850733,0.021842973737023787,0.08107406211576225,0.07740380614995956,0.01835127982901343,0.3084475373228391,0.228063500020653
SNN_direct,4,2718,SNN_direct_f4_s2718,65,0.019477438829319002,0.014879109265166335,0.022991647820763333,0.08139471731428612,0.0778358206152916,0.017794483494972587,0.3097128625959158,0.22153500001877546
SNN_direct,4,2718,SNN_direct_f4_s2718,66,0.01918712577144504,0.014180682446749415,0.025032216623478126,0.08166192414283398,0.07811985164880753,0.017710362470132253,0.30984903996189433,0.2222223998978734
SNN_direct,4,2718,SNN_direct_f4_s2718,67,0.018111741155424566,0.013616199163758816,0.02247770995832875,0.08277669842002935,0.07923545688390732,0.017706207680610184,0.30874104735751945,0.2234832001850009
SNN_direct,4,2718,SNN_direct_f4_s2718,68,0.01792556136613085,0.01380897025349744,0.02058295556316705,0.0816296807119146,0.07819607108831406,0.01716804811800276,0.3092922655244668,0.22295839991420507
SNN_direct,4,2718,SNN_direct_f4_s2718,69,0.01779341023485454,0.013034537099883892,0.023794365674853237,0.08065938231050192,0.07725740969181061,0.017009863093456565,0.30878431536257267,0.22394989989697933
SNN_direct,4,2718,SNN_direct_f4_s2718,70,0.0179447689600704,0.013855249009793624,0.020447599751383883,0.08035603251222277,0.07715938985347748,0.015983213293726466,0.3099145498126745,0.2264773000497371
SNN_direct,4,2718,SNN_direct_f4_s2718,71,0.01626407268135428,0.012474661133940875,0.018947057737067022,0.08097292601629826,0.07767774164676666,0.016475921847657966,0.31053995837767917,0.2208608000073582
SNN_direct,4,2718,SNN_direct_f4_s2718,72,0.01716470139616448,0.012624451844506742,0.022701247758288693,0.08224084354801259,0.07890743762254715,0.016667029627327187,0.30905870037774247,0.233797499909997
SNN_direct,4,2718,SNN_direct_f4_s2718,73,0.017431747876625815,0.012335180270990046,0.02548283802817886,0.08204974018297868,0.07857280969619751,0.01738465243390584,0.30982693160573643,0.23213509982451797
SNN_direct,4,2718,SNN_direct_f4_s2718,74,0.015448039824047882,0.011854603869627075,0.01796717977210405,0.08044237476549045,0.07709980010986328,0.016712873278135833,0.30987209888796013,0.22773450007662177
SNN_direct,4,2718,SNN_direct_f4_s2718,75,0.016225695373231288,0.01184693212659719,0.021893816233170483,0.07940136243719496,0.07609502971172333,0.0165316636273582,0.3095384395370881,0.22412140015512705
SNN_direct,4,2718,SNN_direct_f4_s2718,76,0.01586455112709759,0.011350602850143332,0.022569741384771292,0.08085983257463557,0.07758785784244537,0.016359873660950965,0.30993448942899704,0.22705470002256334
SNN_direct,4,2718,SNN_direct_f4_s2718,77,0.01454047784134589,0.010933772966382094,0.018033524374818977,0.08277776198183087,0.07957180589437485,0.01602978043728009,0.3090370011826356,0.23268590006045997
SNN_direct,4,2718,SNN_direct_f4_s2718,78,0.014223912812510757,0.011032870272174478,0.015955212701681386,0.08145265178487447,0.07830706238746643,0.01572794698704023,0.31023044014970463,0.22693830006755888
SNN_direct,4,2718,SNN_direct_f4_s2718,79,0.01528620454371589,0.010450383900509527,0.024179103216031814,0.08223171381641545,0.07914919406175613,0.01541259877329659,0.31005438851813477,0.2211700000334531
SNN_direct,4,2718,SNN_direct_f4_s2718,80,0.013205651021629928,0.010067499504657462,0.015690757584862325,0.08104248131319071,0.07779312878847122,0.016246762623597446,0.30974528069297474,0.22396610002033412
SNN_direct,4,2718,SNN_direct_f4_s2718,81,0.01392506758026755,0.010281971291988157,0.018215481441396963,0.07963141505388886,0.07642561942338943,0.01602897815249716,0.30942179448902607,0.2279409000184387
SNN_direct,4,2718,SNN_direct_f4_s2718,82,0.013311441173777748,0.00995032596741415,0.016805576031817985,0.08102111208952487,0.07791393250226974,0.015535897936275606,0.31034518716235954,0.22071049991063774
SNN_direct,4,2718,SNN_direct_f4_s2718,83,0.013026365646417999,0.00971610732570601,0.016551291603559937,0.08176807786045608,0.07873279601335526,0.015176409235504078,0.3103000211218993,0.2256688999477774
SNN_direct,4,2718,SNN_direct_f4_s2718,84,0.013379557359576744,0.009533317381283268,0.019231199891467377,0.0810124964756237,0.07790791988372803,0.015522882959478358,0.31053127720952034,0.22323010000400245
SNN_direct,4,2718,SNN_direct_f4_s2718,85,0.0137922930018195,0.009343720169757338,0.02224286416031081,0.08150603736727222,0.07835421711206436,0.01575910127603926,0.31065036232272786,0.22665599989704788
SNN_direct,4,2718,SNN_direct_f4_s2718,86,0.012698360091670724,0.009369227164521968,0.016645664635743778,0.08160399110792371,0.07852526009082794,0.015393655085478844,0.31027628605564433,0.22904290002770722
SNN_direct,4,2718,SNN_direct_f4_s2718,87,0.012353791183455571,0.00933019578709112,0.015117976981822259,0.08001081170293868,0.077097088098526,0.014568618022063414,0.31118706427514553,0.22545419982634485
SNN_direct,4,2718,SNN_direct_f4_s2718,88,0.012377419770518289,0.008805502046016045,0.01785958862251121,0.08365801406833011,0.08067134022712708,0.014933369206015153,0.3109309890617927,0.2187782998662442
SNN_direct,4,2718,SNN_direct_f4_s2718,89,0.011583568864776031,0.008708120728745902,0.01437724068015065,0.08209796489827567,0.07915853708982468,0.014697139042255003,0.3112653288990259,0.22781169996596873
SNN_direct,4,2718,SNN_direct_f4_s2718,90,0.011323452726780536,0.008458997741399799,0.014322274926903689,0.08184131375895093,0.07893948256969452,0.014509155946282028,0.3105059117078781,0.2313892999663949
SNN_direct,5,42,SNN_direct_f5_s42,1,0.6797026650262818,0.5511315722639362,0.6428554638117284,0.706656925807584,0.595629870891571,0.5551352745800648,0.2813305507103602,0.22214960004203022
SNN_direct,5,42,SNN_direct_f5_s42,2,0.41896700138497645,0.3115083829810222,0.5372930920197713,0.450410045735866,0.3559260368347168,0.47242004450574615,0.2846124190837145,0.22199690015986562
SNN_direct,5,42,SNN_direct_f5_s42,3,0.30304723600046923,0.2154727001519253,0.4378726792427197,0.31947450119369436,0.23816800117492676,0.40653250009383796,0.2880225957681735,0.2239737999625504
SNN_direct,5,42,SNN_direct_f5_s42,4,0.24184368215068366,0.1670568564441055,0.37393412853289076,0.25700888481998596,0.18609878420829773,0.35455050305844105,0.291144506384929,0.22892650007270277
SNN_direct,5,42,SNN_direct_f5_s42,5,0.21462254163301564,0.14958443523695072,0.3251905319803247,0.2265764264551536,0.16459709405899048,0.3098966619808156,0.2928773779422045,0.23213410004973412
SNN_direct,5,42,SNN_direct_f5_s42,6,0.19700396541467247,0.1390099620524173,0.2899700168112758,0.20922988261816636,0.15412575006484985,0.27552066276658255,0.294245108962059,0.23178429994732141
SNN_direct,5,42,SNN_direct_f5_s42,7,0.180984852521465,0.12873523688176647,0.26124807819849266,0.19542842797747573,0.14647802710533142,0.24475200436072153,0.2958175987005234,0.22738289996050298
SNN_direct,5,42,SNN_direct_f5_s42,8,0.1720757309655342,0.1253544196176032,0.23360655673965483,0.18475190172381933,0.14094015955924988,0.21905871082284728,0.2970991258819898,0.22216810006648302
SNN_direct,5,42,SNN_direct_f5_s42,9,0.1713117940339427,0.12658663761491576,0.22362578209513462,0.17756969260297856,0.13833127915859222,0.1961920672219317,0.29824410130580264,0.22596769989468157
SNN_direct,5,42,SNN_direct_f5_s42,10,0.15381351398305773,0.11226488560593377,0.20774314188561993,0.16952056122932044,0.1339443475008011,0.17788106864259678,0.2990543923030297,0.22580789984203875
SNN_direct,5,42,SNN_direct_f5_s42,11,0.160684808046721,0.12240041066737224,0.19142198689674386,0.16564206419325195,0.133035808801651,0.16303127695800465,0.2999895711739858,0.225506299873814
SNN_direct,5,42,SNN_direct_f5_s42,12,0.14204859980404402,0.10775555515040953,0.1714652232681723,0.1603391421899059,0.13010789453983307,0.1511562382503641,0.30122473898033303,0.2265004999935627
SNN_direct,5,42,SNN_direct_f5_s42,13,0.13530614966103646,0.10130060295341536,0.17002773353810544,0.1567018465689565,0.12894940376281738,0.1387622140306956,0.30176337249577045,0.22676039999350905
SNN_direct,5,42,SNN_direct_f5_s42,14,0.12874545122901876,0.09845632093492895,0.151445651470449,0.15266289946476713,0.1271931529045105,0.12734873280128312,0.3030278862764438,0.2243031000252813
SNN_direct,5,42,SNN_direct_f5_s42,15,0.1265407178172689,0.09512509749038145,0.15707810163443722,0.14975583893170802,0.12620364129543304,0.11776098818137491,0.3038030782093604,0.22544669988565147
SNN_direct,5,42,SNN_direct_f5_s42,16,0.12145041654417155,0.09082744072657079,0.15311487908800372,0.14852990647801345,0.12561646103858948,0.11456722719711984,0.30420238338410854,0.22402999992482364
SNN_direct,5,42,SNN_direct_f5_s42,17,0.11656528727962523,0.08904288800355668,0.13761199638034274,0.1454909269415053,0.12406078726053238,0.10715069840486462,0.30504655217130977,0.22358039999380708
SNN_direct,5,42,SNN_direct_f5_s42,18,0.11259313643068376,0.08843898123207812,0.12077077599302814,0.1437167934376934,0.12366633117198944,0.10025231132851972,0.3054988607764244,0.22713669994845986
SNN_direct,5,42,SNN_direct_f5_s42,19,0.1093659080778212,0.08501882253525157,0.12173542771284807,0.14078541375708375,0.12163617461919785,0.09574619568942948,0.3063961851100127,0.22803870006464422
SNN_direct,5,42,SNN_direct_f5_s42,20,0.1050258217415571,0.0797793652357844,0.12623228252886343,0.14022630870189962,0.1222190111875534,0.0900364875717311,0.30631226984163124,0.22901910007931292
SNN_direct,5,42,SNN_direct_f5_s42,21,0.10403105755937031,0.07837698794901371,0.12827034805178297,0.13807315565446543,0.11989979445934296,0.09086680597561242,0.307166900485754,0.22521340008825064
SNN_direct,5,42,SNN_direct_f5_s42,22,0.09616589148490691,0.07531150830133508,0.10427191591785916,0.13642789667709468,0.1195775493979454,0.08425173639574633,0.306994824980696,0.2233818001113832
SNN_direct,5,42,SNN_direct_f5_s42,23,0.09877079815825968,0.07760819394995148,0.10581302104154096,0.13548586837484636,0.11973238736391068,0.07876740505467841,0.307316397006313,0.22755519999191165
SNN_direct,5,42,SNN_direct_f5_s42,24,0.09411402504391349,0.07381458912277594,0.1014971796056877,0.1345377329196605,0.11990464478731155,0.07316544066174482,0.3076084318260352,0.22249779989942908
SNN_direct,5,42,SNN_direct_f5_s42,25,0.09359355728112713,0.07183414837345481,0.10879704453836159,0.13239546009108025,0.11760888993740082,0.0739328507683972,0.3080341871827841,0.22242529992945492
SNN_direct,5,42,SNN_direct_f5_s42,26,0.08630827492209975,0.06925182308380802,0.08528225919145856,0.13116100604022096,0.11769591271877289,0.06732546660724044,0.30830888884762925,0.2277754999231547
SNN_direct,5,42,SNN_direct_f5_s42,27,0.09214345008844027,0.07269597245613113,0.09723738816154577,0.13147154475295764,0.11824698001146317,0.06612282370747237,0.3084815802673499,0.22290670010261238
SNN_direct,5,42,SNN_direct_f5_s42,28,0.08504471498891275,0.06648332189070061,0.09280696549106075,0.1313477592162917,0.11869585514068604,0.0632595203780282,0.3085552720973889,0.23058950016275048
SNN_direct,5,42,SNN_direct_f5_s42,29,0.08336609755596557,0.0651063973006482,0.09129850127658683,0.1288810294979902,0.11691080033779144,0.059851145800993835,0.30928869110842544,0.22628759988583624
SNN_direct,5,42,SNN_direct_f5_s42,30,0.08644523410955735,0.06862880670814775,0.08908213700704797,0.12780212600036003,0.11614374816417694,0.05829188918091545,0.308887608970205,0.22758299997076392
SNN_direct,5,42,SNN_direct_f5_s42,31,0.0783899213271569,0.06213912522071041,0.08125398053223241,0.12787525876031297,0.11675328761339188,0.05560985573460553,0.3091178673009078,0.2237815000116825
SNN_direct,5,42,SNN_direct_f5_s42,32,0.0795559093730067,0.06162103852451158,0.08967435424247557,0.12669566778848299,0.11568684875965118,0.05504409514415903,0.30926340259611607,0.22846620017662644
SNN_direct,5,42,SNN_direct_f5_s42,33,0.07662711995764722,0.06011790346625882,0.08254608245694199,0.12799591409897654,0.11708897352218628,0.05453470288395131,0.3093647360801697,0.22210130002349615
SNN_direct,5,42,SNN_direct_f5_s42,34,0.07436374653989308,0.05903931285138242,0.07662216844255329,0.1273072203355197,0.11641372740268707,0.054467464664163155,0.30979047529399395,0.22254589991644025
SNN_direct,5,42,SNN_direct_f5_s42,35,0.07116947701181685,0.05579980329882043,0.07684836856498206,0.12441419049743094,0.11454125493764877,0.04936467779891085,0.30956960407396156,0.23259259993210435
SNN_direct,5,42,SNN_direct_f5_s42,36,0.07043841603061152,0.05578906369434359,0.07324676168133963,0.1243760050394215,0.11481163650751114,0.04782184265955181,0.30971533494691056,0.22265209979377687
SNN_direct,5,42,SNN_direct_f5_s42,37,0.07067284502808951,0.05435300377818445,0.0815992062495253,0.12324725118609227,0.11392299830913544,0.04662126438478418,0.3101735804229975,0.22964240005239844
SNN_direct,5,42,SNN_direct_f5_s42,38,0.07158763564473637,0.058515419494748734,0.06536108074993817,0.1251648475130311,0.11642127484083176,0.043717863360996825,0.3101352447022994,0.23110230010934174
SNN_direct,5,42,SNN_direct_f5_s42,39,0.06787881708293846,0.053143113473197445,0.07367851804870507,0.12424327114939619,0.11527279019355774,0.04485240477919227,0.3105519060045481,0.22657679999247193
SNN_direct,5,42,SNN_direct_f5_s42,40,0.06423612567118665,0.05092407411818082,0.06656025776502915,0.12318156265625847,0.1142684817314148,0.04456540462421839,0.3105450974156459,0.23657900001853704
SNN_direct,5,42,SNN_direct_f5_s42,41,0.0650119338525963,0.048260009314011164,0.08375962269292565,0.12667193744822886,0.11738768219947815,0.046421276243753536,0.3105117293695609,0.23081859992817044
SNN_direct,5,42,SNN_direct_f5_s42,42,0.06513969441763871,0.04938792782195378,0.07875883297842463,0.12401194804919878,0.11470656841993332,0.04652689814632729,0.31042157982786495,0.2284041999373585
SNN_direct,5,42,SNN_direct_f5_s42,43,0.061211591685450685,0.04625251004472375,0.07479540820363471,0.12449853095420747,0.1150570809841156,0.047207249850459376,0.3100092529008786,0.22059020004235208
SNN_direct,5,42,SNN_direct_f5_s42,44,0.059001294602492926,0.04541010565784139,0.06795594472325767,0.1253186756047807,0.11640811711549759,0.04455279244641545,0.31064823890725773,0.22399480012245476
SNN_direct,5,42,SNN_direct_f5_s42,45,0.05809627045405854,0.045013037388950274,0.06541616532554127,0.12394249748262143,0.11538460850715637,0.0427894448773253,0.31042741301159066,0.22516899998299778
SNN_direct,5,42,SNN_direct_f5_s42,46,0.055774469793481746,0.04389123875686588,0.05941615518307931,0.12322988895649595,0.11535206437110901,0.03938912292693467,0.31042546841005486,0.22482649981975555
SNN_direct,5,42,SNN_direct_f5_s42,47,0.05537129074268681,0.0440358241321519,0.05667733305267453,0.12202081515912827,0.11423684656620026,0.03891984296464009,0.3106256326039632,0.22424160013906658
SNN_direct,5,42,SNN_direct_f5_s42,48,0.05636394592114317,0.04397819190247295,0.06192877009335109,0.1218880875017743,0.11430668085813522,0.03790703321819533,0.3109526590754588,0.22544619999825954
SNN_direct,5,42,SNN_direct_f5_s42,49,0.05636887587026814,0.04244665895627501,0.06961108456996566,0.12485456358746086,0.11698468029499054,0.039349416462351634,0.31138391730686027,0.2338308000471443
SNN_direct,5,42,SNN_direct_f5_s42,50,0.05240187661899917,0.041280756500782445,0.055605600591083625,0.1226130566764008,0.11513610184192657,0.03738477417237108,0.31074664865930873,0.225016999989748
SNN_direct,5,42,SNN_direct_f5_s42,51,0.05697913527337373,0.0444942317068732,0.06242451783250258,0.12343450349766567,0.1158234030008316,0.03805550248417037,0.31039963352183503,0.23195719998329878
SNN_direct,5,42,SNN_direct_f5_s42,52,0.050801107525106824,0.03863177181726011,0.060846678539233534,0.12237894686205099,0.1149647906422615,0.03707078109894742,0.31134345072011155,0.22380430018529296
SNN_direct,5,42,SNN_direct_f5_s42,53,0.04899104085399523,0.03694335349913066,0.0602384367743229,0.1243736828412493,0.1169436126947403,0.03715035073254506,0.31160769425332546,0.22255569999106228
SNN_direct,5,42,SNN_direct_f5_s42,54,0.04614717583643913,0.036204006910944976,0.04971584462747075,0.12085815210028628,0.11402390897274017,0.03417121563773051,0.311271533370018,0.2274567000567913
SNN_direct,5,42,SNN_direct_f5_s42,55,0.0486950278611642,0.03683547918141509,0.05929774339874555,0.12332841139107008,0.11656635999679565,0.033810256971372146,0.31124479944507283,0.22889739996753633
SNN_direct,5,42,SNN_direct_f5_s42,56,0.046110346252012345,0.034669915374252014,0.05720215438880163,0.12388225901060307,0.1172795444726944,0.03301357268954337,0.3112637276450793,0.22782090003602207
SNN_direct,5,42,SNN_direct_f5_s42,57,0.044895867118344035,0.034382929409427256,0.052564688544583925,0.11886299874172282,0.11259282380342484,0.03135087469148994,0.3113066504398982,0.22634349996224046
SNN_direct,5,42,SNN_direct_f5_s42,58,0.047678338298773944,0.03367635879355172,0.07000989752611113,0.11994233041598663,0.11318210512399673,0.03380112645994951,0.3113532494753599,0.2282936000265181
SNN_direct,5,42,SNN_direct_f5_s42,59,0.045786452260873946,0.03533959129708819,0.052234304818928795,0.12027382379325265,0.11354633420705795,0.03363744793097348,0.31112934711078805,0.2245035998057574
SNN_direct,5,42,SNN_direct_f5_s42,60,0.041893085718939314,0.03171528855455108,0.05088898582194118,0.12021140773784304,0.11389332264661789,0.031590425456125795,0.3114152488609155,0.22992780013009906
SNN_direct,5,42,SNN_direct_f5_s42,61,0.041635519269136174,0.03183827517204918,0.048986220485434995,0.11912962791470388,0.11294906586408615,0.030902810253088695,0.3115457259118557,0.2270802001003176
SNN_direct,5,42,SNN_direct_f5_s42,62,0.0421239993254491,0.031878264378368236,0.05122867473540434,0.12308817452177992,0.11705406755208969,0.030170534848451173,0.31126737656692666,0.22385350009426475
SNN_direct,5,42,SNN_direct_f5_s42,63,0.041491870034157614,0.030746588415543858,0.05372640809306877,0.12411935388703454,0.11812423914670944,0.0299755737016255,0.31182276519636315,0.21936560003086925
SNN_direct,5,42,SNN_direct_f5_s42,64,0.0409648605014788,0.030985835178095538,0.04989512661691634,0.1231138860894116,0.11733903735876083,0.028874243653253816,0.3115006672839324,0.22217920003458858
SNN_direct,5,42,SNN_direct_f5_s42,65,0.03974289989764259,0.029335661286798615,0.05203619305421988,0.12342719647681023,0.11749452352523804,0.029663364757860956,0.3114954059322675,0.2186020000372082
SNN_direct,5,42,SNN_direct_f5_s42,66,0.038399202095309254,0.0292651445051888,0.04567028795060226,0.11957854222778469,0.11380216479301453,0.02888188717385085,0.3113839024056991,0.22665750002488494
SNN_direct,5,42,SNN_direct_f5_s42,67,0.03939906754522484,0.02991009681621411,0.047444853645053624,0.1205808837061075,0.1148047000169754,0.028880918445660507,0.3116106055676937,0.22421849984675646
SNN_direct,5,42,SNN_direct_f5_s42,68,0.03613281765816235,0.027507047261072632,0.043128851985448614,0.1285880172929914,0.12307317554950714,0.027574208717421285,0.3122224323451519,0.22328169993124902
SNN_direct,5,42,SNN_direct_f5_s42,69,0.03664060531800259,0.02726577022015893,0.04687417548921829,0.1225421024188337,0.11710093915462494,0.027205816321043845,0.31169552604357403,0.22585849999450147
SNN_direct,5,42,SNN_direct_f5_s42,70,0.03500156750888902,0.026487366238143295,0.042571006353728624,0.12206535147278058,0.11675707250833511,0.026541394822227362,0.3120340680082639,0.22237790003418922
SNN_direct,5,42,SNN_direct_f5_s42,71,0.03544121170923414,0.02673559929826297,0.04352806205485583,0.1212743612427159,0.11588002741336823,0.026971669146738382,0.31156219728291035,0.23191610001958907
SNN_direct,5,42,SNN_direct_f5_s42,72,0.037690667179924926,0.029003005520886898,0.04343830829519013,0.12297531032907512,0.11775405704975128,0.026106266396619168,0.31220321729779243,0.2290396001189947
SNN_direct,5,314,SNN_direct_f5_s314,1,0.4207851526740403,0.3072548226142923,0.56765165029874,0.304228443467767,0.20910347998142242,0.4756248174317228,0.2918717435871561,0.2268991000019014
SNN_direct,5,314,SNN_direct_f5_s314,2,0.2825667944003103,0.19198464058960477,0.4529107690535274,0.21991712600086472,0.14189369976520538,0.3901171311782966,0.2905271475513776,0.21919440012425184
SNN_direct,5,314,SNN_direct_f5_s314,3,0.23828918424567078,0.16210524031581977,0.38091971964925486,0.18947249539430788,0.12354789674282074,0.32962299325743566,0.2899025697261095,0.22362700011581182
SNN_direct,5,314,SNN_direct_f5_s314,4,0.21836558634730738,0.15039815967126438,0.3398371333802149,0.17368748535525125,0.11727412790060043,0.282066787273254,0.28944448940455914,0.22592630004510283
SNN_direct,5,314,SNN_direct_f5_s314,5,0.19708939897898214,0.1363592617951023,0.30365068591939925,0.1639894214778576,0.11421822756528854,0.2488559695628454,0.28969631623476744,0.2277760999277234
SNN_direct,5,314,SNN_direct_f5_s314,6,0.1872643302701773,0.13553905495791696,0.25862637656130166,0.15647209262697953,0.11275675892829895,0.21857666849340282,0.29000565099219483,0.21987210004590452
SNN_direct,5,314,SNN_direct_f5_s314,7,0.1685276059376873,0.12073577172122896,0.2389591710822916,0.15287784147211028,0.11402193456888199,0.19427953451614147,0.2907326339433591,0.22499189991503954
SNN_direct,5,314,SNN_direct_f5_s314,8,0.16014742782368524,0.1145554145720477,0.22796006625818765,0.14808535075787477,0.11212444305419922,0.1798045385183778,0.2917965153853099,0.2242656999733299
SNN_direct,5,314,SNN_direct_f5_s314,9,0.14992201096151692,0.10987282741310385,0.20024591774206524,0.14500323776390006,0.1124032661318779,0.16299985816011078,0.29266205057501793,0.22082559997215867
SNN_direct,5,314,SNN_direct_f5_s314,10,0.14272235386689425,0.10629576976255824,0.18213292052168004,0.1415889962374836,0.11177853494882584,0.14905230644328882,0.29349827766418457,0.22093279985710979
SNN_direct,5,314,SNN_direct_f5_s314,11,0.13812760415982872,0.10259899320468928,0.17764305477569717,0.1397205231192305,0.11203298717737198,0.1384376797092926,0.2944120429456234,0.22223400021903217
SNN_direct,5,314,SNN_direct_f5_s314,12,0.1315866459523057,0.09808238704378407,0.16752129454260825,0.13909706368468375,0.11350127309560776,0.1279789529453799,0.2953269674132268,0.2251043999567628
SNN_direct,5,314,SNN_direct_f5_s314,13,0.12981691542747356,0.09538706989648442,0.1721492276549458,0.13868571853148018,0.1146259605884552,0.12029878971512493,0.2965228036046028,0.22612620005384088
SNN_direct,5,314,SNN_direct_f5_s314,14,0.12170631958965077,0.09255206307473902,0.14577128257455862,0.1364437529383778,0.11444292962551117,0.11000411656433307,0.29689130497475463,0.2202097000554204
SNN_direct,5,314,SNN_direct_f5_s314,15,0.12356467741582862,0.09044265472524178,0.16561011345293414,0.13663404373698076,0.11483733355998993,0.10898355088495422,0.29735966461400193,0.22195990011096
SNN_direct,5,314,SNN_direct_f5_s314,16,0.11167983852548069,0.0833576861768961,0.14161076174292295,0.1386828171791005,0.11829762160778046,0.10192597785660025,0.29834077941874665,0.21823649993166327
SNN_direct,5,314,SNN_direct_f5_s314,17,0.11009446709776627,0.08348552168657382,0.13304472705596218,0.13536178005378952,0.11577093601226807,0.09795422020760722,0.29899276979267597,0.21973170014098287
SNN_direct,5,314,SNN_direct_f5_s314,18,0.10474486096599663,0.07990346703445539,0.12420696965770626,0.13217652894732243,0.11439821869134903,0.08889155127986705,0.2996974481890599,0.21536640007980168
SNN_direct,5,314,SNN_direct_f5_s314,19,0.10658899775249549,0.07784752796093623,0.14370734895779624,0.13429520027419117,0.1166805624961853,0.08807318889002941,0.300115695844094,0.2228350997902453
SNN_direct,5,314,SNN_direct_f5_s314,20,0.10101640410082939,0.07802423690251696,0.11496083599156205,0.1344379096232214,0.11768393218517303,0.08376988719024185,0.30058379595478374,0.22249300009571016
SNN_direct,5,314,SNN_direct_f5_s314,21,0.1010656975057538,0.07677359644245978,0.12146050531647012,0.13245865327054224,0.1163366436958313,0.08061004787355475,0.3012070506811142,0.22440469986759126
SNN_direct,5,314,SNN_direct_f5_s314,22,0.09976802242544702,0.07309320002483825,0.13337411200304392,0.13202296519447002,0.11592523753643036,0.08048863829019826,0.30193740874528885,0.22346929996274412
SNN_direct,5,314,SNN_direct_f5_s314,23,0.0953463910509273,0.07307434235311423,0.11136024348906538,0.13168715135812314,0.11610717326402664,0.07789989047048251,0.30216011715432006,0.22901330003514886
SNN_direct,5,314,SNN_direct_f5_s314,24,0.09248072876809647,0.06754527274946061,0.1246772800931793,0.13132661160380352,0.11605388671159744,0.07636362446103034,0.30221647769212723,0.220217099878937
SNN_direct,5,314,SNN_direct_f5_s314,25,0.09097179650471375,0.06852832477306947,0.11221735865822131,0.13062519869374686,0.11540017277002335,0.07612512961861753,0.3031624810149272,0.22212269995361567
SNN_direct,5,314,SNN_direct_f5_s314,26,0.09011666350488544,0.06859915864576276,0.1075875242956134,0.13236841624977547,0.11781507730484009,0.07276669472467694,0.30328409808377427,0.2265289998613298
SNN_direct,5,314,SNN_direct_f5_s314,27,0.08342790004246554,0.06386801859480329,0.0977994072383113,0.13259416947264294,0.11854606866836548,0.07024050402138735,0.3036797574410836,0.22230260004289448
SNN_direct,5,314,SNN_direct_f5_s314,28,0.08620498576727915,0.06272374887097006,0.11740618448154555,0.13125018371355504,0.11705629527568817,0.07096944218933429,0.30394377435247105,0.22585279983468354
SNN_direct,5,314,SNN_direct_f5_s314,29,0.08063336732568498,0.06288866132187347,0.08872353001905751,0.13020617051159894,0.11671726405620575,0.06744453227696588,0.3041032503048579,0.2247434000018984
SNN_direct,5,314,SNN_direct_f5_s314,30,0.0810146630677848,0.05984083983154657,0.10586911618119116,0.12981037464927087,0.11640969663858414,0.06700339005343359,0.3045273597041766,0.2286549999844283
SNN_direct,5,314,SNN_direct_f5_s314,31,0.08120068147508336,0.05953651985813243,0.10832080808475464,0.12911454898401883,0.1154223084449768,0.06846120269521015,0.3049304336309433,0.2265178000088781
SNN_direct,5,314,SNN_direct_f5_s314,32,0.07875754746059972,0.05830664516543038,0.10225451147584667,0.13092845952543927,0.11720970273017883,0.06859378397630223,0.3050051232179006,0.22154529998078942
SNN_direct,5,314,SNN_direct_f5_s314,33,0.07481507090452556,0.056000834777175136,0.09407118063675213,0.12842483143733652,0.11563742905855179,0.06393701189392358,0.3051001721372207,0.21660890011116862
SNN_direct,5,314,SNN_direct_f5_s314,34,0.07499610872997199,0.056717201824843265,0.09139453452564361,0.1270721655747408,0.11489865183830261,0.06086756868219097,0.3054630079617103,0.22242919984273612
SNN_direct,5,314,SNN_direct_f5_s314,35,0.0726226751641277,0.05450624069392992,0.09058217235098893,0.1288806510125814,0.11639668047428131,0.062419852691500466,0.30538685744007427,0.22782190004363656
SNN_direct,5,314,SNN_direct_f5_s314,36,0.07006874519367726,0.05152551481539073,0.09271615189143263,0.12722723777564066,0.1149725615978241,0.06127338088908286,0.3061495243261258,0.22066370001994073
SNN_direct,5,314,SNN_direct_f5_s314,37,0.0719794812940115,0.05211844903048283,0.09930516131764332,0.12670163943750767,0.11472837626934052,0.05986631584083573,0.3060719569524129,0.22640859987586737
SNN_direct,5,314,SNN_direct_f5_s314,38,0.06924625144980817,0.05130715522682294,0.08969548111492619,0.12778095895734193,0.11560098826885223,0.06089985344244852,0.30575593188405037,0.22290750010870397
SNN_direct,5,314,SNN_direct_f5_s314,39,0.06508898606028506,0.049370084171338625,0.07859450944473209,0.12802496654998494,0.115854911506176,0.0608502752190447,0.30592407161990803,0.22516790009103715
SNN_direct,5,314,SNN_direct_f5_s314,40,0.061940132366925416,0.04711510495205099,0.07412513707437209,0.12767296339882356,0.11613113433122635,0.057709145337986066,0.3060430536667506,0.22732730000279844
SNN_direct,5,314,SNN_direct_f5_s314,41,0.06267834908217844,0.04740210104500875,0.07638124018584842,0.12795810882434097,0.11693482846021652,0.05511640182062222,0.3065268447001775,0.22941330005414784
SNN_direct,5,314,SNN_direct_f5_s314,42,0.06423220562237002,0.046139947924530134,0.09046128848919943,0.1257247647049664,0.11461316049098969,0.055558021069883584,0.30664148430029553,0.22465890017338097
SNN_direct,5,314,SNN_direct_f5_s314,43,0.06083286284648479,0.04504538965799535,0.07893736594244721,0.1286751506084711,0.1174742802977562,0.056004351553574507,0.3062311628212531,0.22722260002046824
SNN_direct,5,314,SNN_direct_f5_s314,44,0.06090622891107325,0.04429408068729875,0.08306074111887253,0.12922134008716188,0.11810458451509476,0.05558377786033564,0.3065425020953019,0.22185530001297593
SNN_direct,5,314,SNN_direct_f5_s314,45,0.05932463635372024,0.043409767997218296,0.0795743417825097,0.1292872502931552,0.11776714771986008,0.05760051286647554,0.3065740733096997,0.2258963999338448
SNN_direct,5,314,SNN_direct_f5_s314,46,0.05816327308415554,0.04260822197344775,0.07777525555353894,0.12715455601174888,0.11605346202850342,0.05550546991622731,0.3069214764982462,0.22454229998402297
SNN_direct,5,314,SNN_direct_f5_s314,47,0.05738966792794453,0.04171604117921864,0.07836813374362944,0.1288808140824051,0.11779497563838959,0.055429192220077576,0.30700657702982426,0.22782710008323193
SNN_direct,5,314,SNN_direct_f5_s314,48,0.056109413558964726,0.040766142978100106,0.07671635290432306,0.12604725129746777,0.11526044458150864,0.053934033579795634,0.30676634299258393,0.21758410008624196
SNN_direct,5,314,SNN_direct_f5_s314,49,0.05551098524341764,0.040384175246193386,0.07563404998612129,0.12823072477076905,0.1175699532032013,0.05330385783783881,0.30752082727849483,0.21937259985134006
SNN_direct,5,314,SNN_direct_f5_s314,50,0.054735136746143255,0.038246197577488296,0.0824446958432748,0.1305702358641868,0.12007362395524979,0.05248305954468516,0.3069459218531847,0.23012090008705854
SNN_direct,5,314,SNN_direct_f5_s314,51,0.05207038347807121,0.03765499913424719,0.0720769217191201,0.1312303566235797,0.12081633508205414,0.05207010770762784,0.3068807578335206,0.22343520005233586
SNN_direct,5,314,SNN_direct_f5_s314,52,0.05208577866628911,0.037632848582385726,0.07226465041951692,0.13214838346863625,0.12191726267337799,0.051155603976291306,0.30707706573108834,0.21903829998336732
SNN_direct,5,314,SNN_direct_f5_s314,53,0.05315262279524017,0.037460510638387255,0.0784605607842646,0.12883896217202995,0.11888858675956726,0.04975187706231337,0.3070024053255717,0.2215324998833239
SNN_direct,5,314,SNN_direct_f5_s314,54,0.049785351756767716,0.03604304576826204,0.06871152994252841,0.12930327112783177,0.11961784958839417,0.04842710769718803,0.30729739367961884,0.22799869999289513
SNN_direct,5,314,SNN_direct_f5_s314,55,0.04963715544576416,0.03625090853893198,0.06693123453416085,0.1318616453110447,0.12233191728591919,0.047648640125627494,0.30780763116975624,0.21958860009908676
SNN_direct,5,314,SNN_direct_f5_s314,56,0.04749673805400025,0.034737064110231586,0.0637983697188433,0.12979806581650474,0.12049988657236099,0.04649089622071874,0.3078934879352649,0.21759169991128147
SNN_direct,5,314,SNN_direct_f5_s314,57,0.04811627852112813,0.03382559788102905,0.07145340320049545,0.13048420684118156,0.12124934047460556,0.04617433183287993,0.3078522098561128,0.21822109981440008
SNN_direct,5,2718,SNN_direct_f5_s2718,1,0.6466493295037133,0.5362666603177786,0.5519133459296738,0.6291045084145834,0.5355399250984192,0.467822916580821,0.28424598431835574,0.22819260018877685
SNN_direct,5,2718,SNN_direct_f5_s2718,2,0.37256104855018674,0.28243554787089425,0.4506275033964622,0.34581293339624347,0.26805633306503296,0.38878300165605245,0.28631082456558943,0.2307567000389099
SNN_direct,5,2718,SNN_direct_f5_s2718,3,0.27180477140057674,0.19748215338525674,0.37161309007660015,0.2516661230179499,0.18581078946590424,0.3292766677602282,0.28781524145354825,0.22126080002635717
SNN_direct,5,2718,SNN_direct_f5_s2718,4,0.22996222806063504,0.16614266442290196,0.3190978181886653,0.21833593494674694,0.16220659017562866,0.28064672385559136,0.28889673948287964,0.22481529996730387
SNN_direct,5,2718,SNN_direct_f5_s2718,5,0.20946448563595407,0.15155991333692023,0.2895228614951692,0.20089830715232676,0.15256044268608093,0.2416893223312291,0.2890615947544575,0.22295979992486537
SNN_direct,5,2718,SNN_direct_f5_s2718,6,0.19268753394066643,0.14035208899683008,0.2616772247191818,0.18958058377575576,0.1468002200126648,0.21390181881545478,0.28988704706231755,0.2171803000383079
SNN_direct,5,2718,SNN_direct_f5_s2718,7,0.18066807213791988,0.13374499728282294,0.23461537427548465,0.1819695223132207,0.14427870512008667,0.18845408596567012,0.2889161078880231,0.22135110013186932
SNN_direct,5,2718,SNN_direct_f5_s2718,8,0.17323564038778141,0.12873668650475642,0.22249476941512492,0.17411708805405496,0.1399047076702118,0.17106190191921575,0.28959662405153114,0.2169989999383688
SNN_direct,5,2718,SNN_direct_f5_s2718,9,0.161646879554054,0.12125154964936276,0.2019766495234561,0.1686503391811308,0.13798773288726807,0.15331303146931358,0.28972687882681686,0.226280199829489
SNN_direct,5,2718,SNN_direct_f5_s2718,10,0.15298849411908516,0.11733525184293588,0.17826621138074636,0.16755516707217732,0.13957591354846954,0.13989626761853882,0.28924728029718,0.22390560014173388
SNN_direct,5,2718,SNN_direct_f5_s2718,11,0.14641064258739747,0.11156971286982298,0.1742046485878724,0.16060889481654708,0.13492369651794434,0.12842599149301367,0.2904909790183107,0.2161008999682963
SNN_direct,5,2718,SNN_direct_f5_s2718,12,0.13798188258727082,0.10731319823147108,0.15334342177899857,0.15758589875679346,0.1342095583677292,0.11688170194532137,0.2907577858616908,0.23035890003666282
SNN_direct,5,2718,SNN_direct_f5_s2718,13,0.1336241059145092,0.10297219740459695,0.1532595425495612,0.15382833752136843,0.1316733956336975,0.11077470943835453,0.2911481863508622,0.22649020003154874
SNN_direct,5,2718,SNN_direct_f5_s2718,14,0.12777996325684363,0.09876743028871715,0.14506266484063243,0.1518600554944678,0.13155971467494965,0.10150170409759073,0.2912524261822303,0.2285962998867035
SNN_direct,5,2718,SNN_direct_f5_s2718,15,0.12184694014189035,0.0949201420492803,0.13463399046305016,0.1512071321028396,0.13231196999549866,0.09447581053670473,0.29230923919628066,0.21998059982433915
SNN_direct,5,2718,SNN_direct_f5_s2718,16,0.11895209204881026,0.09023259865352884,0.14359746697640705,0.14765045075765196,0.129693403840065,0.08978523458793478,0.2922943349306782,0.22189140017144382
SNN_direct,5,2718,SNN_direct_f5_s2718,17,0.11951826590056946,0.09363861482900877,0.12939825535780344,0.14689651151322436,0.12958964705467224,0.08653432229276066,0.29285355160633725,0.2226146999746561
SNN_direct,5,2718,SNN_direct_f5_s2718,18,0.11389586667217914,0.08778651770747577,0.13054674482351686,0.14431907537457703,0.12735316157341003,0.08482956900583498,0.29353869892656803,0.22674760012887418
SNN_direct,5,2718,SNN_direct_f5_s2718,19,0.10963401838544932,0.08362931635929272,0.13002351013078303,0.14325983488697958,0.12675021588802338,0.08254809499478097,0.2936146215846141,0.23100339993834496
SNN_direct,5,2718,SNN_direct_f5_s2718,20,0.11003644375747883,0.083822086705671,0.13107178525903915,0.140544631010062,0.12436831742525101,0.080881567924055,0.2943616770207882,0.22707160003483295
SNN_direct,5,2718,SNN_direct_f5_s2718,21,0.10527057391532357,0.08055992260536489,0.12355325654979338,0.13913871097911454,0.12376940250396729,0.07684654237573625,0.2940836443255345,0.2282330000307411
SNN_direct,5,2718,SNN_direct_f5_s2718,22,0.10307301583856676,0.08136082531806703,0.10856095260249869,0.13898369851018413,0.12434897571802139,0.0731736139608137,0.29425427224487066,0.22636279999278486
SNN_direct,5,2718,SNN_direct_f5_s2718,23,0.09730534661373454,0.07477189172641374,0.11266727443660406,0.1364658812795467,0.12231019884347916,0.0707784121803377,0.2945128359521429,0.22993330005556345
SNN_direct,5,2718,SNN_direct_f5_s2718,24,0.09652706854275532,0.07702540834240305,0.09750830100176137,0.13427265318532317,0.12066269665956497,0.06804978262879095,0.29545762793471414,0.22456460003741086
SNN_direct,5,2718,SNN_direct_f5_s2718,25,0.09267068684740494,0.07296671242026302,0.09851987213570972,0.1320798271164626,0.11937756091356277,0.06351133101449916,0.2958809267729521,0.22246269998140633
SNN_direct,5,2718,SNN_direct_f5_s2718,26,0.10185574032899235,0.08152011515145811,0.10167812588767111,0.1328119993749596,0.12095465511083603,0.059286721320617825,0.2966379721959432,0.2288418998941779
SNN_direct,5,2718,SNN_direct_f5_s2718,27,0.09361803975455645,0.07294287746966195,0.10337581142447234,0.13225369213506252,0.12015195935964584,0.06050866387708335,0.2971457988023758,0.22621720004826784
SNN_direct,5,2718,SNN_direct_f5_s2718,28,0.0834252286080635,0.06519703276959869,0.09114097919232404,0.13300570381240065,0.12110905349254608,0.05948325159927279,0.2972652930766344,0.22609600005671382
SNN_direct,5,2718,SNN_direct_f5_s2718,29,0.08603118205575337,0.06620838359231129,0.09911399231721045,0.1309554650522944,0.11937053501605988,0.05792465018117273,0.2978536896407604,0.22732569999061525
SNN_direct,5,2718,SNN_direct_f5_s2718,30,0.08074895555900746,0.06343567043465252,0.0865664256217747,0.13199898857974782,0.12086910754442215,0.055649405176628315,0.2983371304968993,0.21895890007726848
SNN_direct,5,2718,SNN_direct_f5_s2718,31,0.07892652828892201,0.0626707300155734,0.08127899136674303,0.1270393425606648,0.11646007746458054,0.052896325480421336,0.2979706196735303,0.2204168001189828
SNN_direct,5,2718,SNN_direct_f5_s2718,32,0.07626348946234589,0.05828883815168714,0.0898732565532938,0.13002110823813193,0.1198100671172142,0.05105520560458865,0.29895971963802975,0.2289572001900524
SNN_direct,5,2718,SNN_direct_f5_s2718,33,0.0743492551566192,0.05818334031209815,0.08082957422260527,0.12465659132908222,0.11524499207735062,0.04705799625865799,0.29921284317970276,0.22726429998874664
SNN_direct,5,2718,SNN_direct_f5_s2718,34,0.07272865741796224,0.056711488286964595,0.08008584565498823,0.1258313286394238,0.11658026278018951,0.04625532929617151,0.2996256034821272,0.22574520017951727
SNN_direct,5,2718,SNN_direct_f5_s2718,35,0.07152882950026367,0.056890968834826104,0.07318930332718776,0.12533426851148383,0.11652390658855438,0.044051809614647254,0.30002144413689774,0.2236814999487251
SNN_direct,5,2718,SNN_direct_f5_s2718,36,0.07230585742563651,0.05420271340214337,0.09051572011746571,0.12472165575328593,0.1154405027627945,0.0464057649524572,0.30073480183879536,0.2248393001500517
SNN_direct,5,2718,SNN_direct_f5_s2718,37,0.07183697579329139,0.053940175411601864,0.08948400190844757,0.12530262110551305,0.11563622206449509,0.048331995205089746,0.3005155771970749,0.2296339999884367
SNN_direct,5,2718,SNN_direct_f5_s2718,38,0.06905569508357408,0.05251853349424588,0.08268580794664102,0.12275424320733982,0.11337966471910477,0.04687289244117532,0.3001022667934497,0.22309800004586577
SNN_direct,5,2718,SNN_direct_f5_s2718,39,0.06422363766043171,0.04908397569670342,0.07569830981864142,0.12337264176986748,0.11417702585458755,0.04597807957639964,0.30071202976008254,0.22430130001157522
SNN_direct,5,2718,SNN_direct_f5_s2718,40,0.06650749398829818,0.050325936201261356,0.08090778893518412,0.12149632749789095,0.11255363374948502,0.04471346874202971,0.30115507418910664,0.22215560008771718
SNN_direct,5,2718,SNN_direct_f5_s2718,41,0.06363465402454878,0.04908977654607346,0.07272438739237666,0.12442013791305417,0.11622898280620575,0.04095577553424211,0.3010990557571252,0.223321900004521
SNN_direct,5,2718,SNN_direct_f5_s2718,42,0.06267506945231738,0.04822427154673884,0.07225398952789265,0.12124088899949975,0.11336353421211243,0.03938677393693664,0.3012291720757882,0.2268383998889476
SNN_direct,5,2718,SNN_direct_f5_s2718,43,0.05921097587666607,0.046086376920963325,0.06562299477851372,0.1207252768339273,0.11310955137014389,0.038078627318917015,0.30176886171102524,0.21935359993949533
SNN_direct,5,2718,SNN_direct_f5_s2718,44,0.06041287285636112,0.04641553720284719,0.06998667826756964,0.12148183643126,0.11416487395763397,0.0365848123681301,0.3016978936890761,0.22356799989938736
SNN_direct,5,2718,SNN_direct_f5_s2718,45,0.05810604954562335,0.04516756339095688,0.06469243077333237,0.12441735308971724,0.11722749471664429,0.035949291865364795,0.30175732883314293,0.22107909992337227
SNN_direct,5,2718,SNN_direct_f5_s2718,46,0.055681536682455124,0.042433741715891905,0.06623897483281613,0.12260613556186165,0.11531200259923935,0.036470664813111495,0.30138444155454636,0.22388539998792112
SNN_direct,5,2718,SNN_direct_f5_s2718,47,0.056128715819332244,0.04164577421518819,0.07241470802072027,0.12759670435251821,0.12025308609008789,0.03671809131215157,0.3020896619806687,0.2206055000424385
SNN_direct,5,2718,SNN_direct_f5_s2718,48,0.05653759508322539,0.042525293504392415,0.07006150789416483,0.12221077639548805,0.11508465558290482,0.03563060406291617,0.301937872543931,0.2219424000941217
SNN_direct,5,2718,SNN_direct_f5_s2718,49,0.05287772229369423,0.039989551034523174,0.06444085629585528,0.12520767820587544,0.11821383982896805,0.034969191884537044,0.30147212247053784,0.22245010011829436
SNN_direct,5,2718,SNN_direct_f5_s2718,50,0.05730717330524593,0.04366262792609632,0.06822272689574801,0.12512713179793267,0.11826363205909729,0.034317498694176926,0.30135981800655526,0.22833169996738434
SNN_direct,5,2718,SNN_direct_f5_s2718,51,0.05026127882807916,0.038081894410424866,0.06089692208827147,0.12490070645698147,0.11827847361564636,0.033111164206675536,0.30159399658441544,0.2195826000533998
SNN_direct,5,2718,SNN_direct_f5_s2718,52,0.05382125526605563,0.04010304268255519,0.06859106291750218,0.12452021758624136,0.11774396896362305,0.033881243113091555,0.30220065886775654,0.2223042999394238
SNN_direct,5,2718,SNN_direct_f5_s2718,53,0.0493320777189418,0.036730591552138016,0.0630074308340189,0.1244766444864803,0.11775589734315872,0.03360373571660786,0.30200382384161156,0.2249594999011606
SNN_direct,5,2718,SNN_direct_f5_s2718,54,0.04781250846293061,0.0365169200716385,0.05647794195646053,0.12397168957156059,0.11774493753910065,0.03113376016229971,0.30195767742892105,0.2510699999984354
SNN_direct,5,2718,SNN_direct_f5_s2718,55,0.045215019135081524,0.03426841147302184,0.054733038310298444,0.12739302388885873,0.12132881581783295,0.030321040355128896,0.3018685473750035,0.2221737999934703
SNN_direct,5,2718,SNN_direct_f5_s2718,56,0.04708514812723754,0.035326078097568825,0.058795350148343535,0.12551152849176742,0.119341641664505,0.030849434136312,0.3022150645653407,0.22686609998345375
SNN_direct,5,2718,SNN_direct_f5_s2718,57,0.04461586308715115,0.03456851979717612,0.05023671644987515,0.12812481550965824,0.1220448836684227,0.030399659206177716,0.30243922273317975,0.22102820011787117
SNN_direct,5,2718,SNN_direct_f5_s2718,58,0.04462098711793175,0.03293159467284568,0.05844696222543036,0.12719790179617763,0.12115517258644104,0.030213646048682877,0.3022820844004552,0.22572429990395904
SNN_signed_rate,1,42,SNN_signed_rate_f1_s42,1,0.48655997816848073,0.3539252892136574,0.663173444774117,0.3292684295114327,0.21639177203178406,0.5643832873982433,0.2530233061975903,0.22402759990654886
SNN_signed_rate,1,42,SNN_signed_rate_f1_s42,2,0.2853106049869184,0.17879551661511262,0.5325754418590288,0.22817787361664937,0.1378210335969925,0.4517842000982843,0.2551734815041224,0.22284730011597276
SNN_signed_rate,1,42,SNN_signed_rate_f1_s42,3,0.22429265446474972,0.13982040186723074,0.422361262987595,0.18515572982413747,0.11057836562395096,0.3728868210009325,0.25697444644239215,0.22489519999362528
SNN_signed_rate,1,42,SNN_signed_rate_f1_s42,4,0.19123959579660818,0.12378385642336474,0.33727869686621703,0.16140212671407658,0.09908348321914673,0.31159321747464924,0.25845288766755,0.2233094999101013
SNN_signed_rate,1,42,SNN_signed_rate_f1_s42,5,0.16943468944302292,0.10933352278338539,0.3005058332981877,0.14299529004226963,0.09027477353811264,0.263602582520785,0.26021631525622474,0.22558620013296604
SNN_signed_rate,1,42,SNN_signed_rate_f1_s42,6,0.1556929437879366,0.10293473110844692,0.26379106339744846,0.13045536495582707,0.08501314371824265,0.22721110618792217,0.2625486367278629,0.22766060009598732
SNN_signed_rate,1,42,SNN_signed_rate_f1_s42,7,0.1423139509349305,0.0968213909616073,0.22746279986661597,0.11794378597788349,0.07806603610515594,0.19938874936363776,0.2647608366277483,0.22179880016483366
SNN_signed_rate,1,42,SNN_signed_rate_f1_s42,8,0.12915210080412348,0.08732709348615673,0.20912503658983392,0.11050379576109282,0.0753202810883522,0.175917573363703,0.2677512370877796,0.22055949992500246
SNN_signed_rate,1,42,SNN_signed_rate_f1_s42,9,0.12070583572846973,0.08171938937157393,0.1949322317844791,0.1032133417337483,0.07166021317243576,0.15776564280656266,0.2703571789794498,0.2188734000083059
SNN_signed_rate,1,42,SNN_signed_rate_f1_s42,10,0.11664544766232636,0.07854789651723372,0.19048775572546323,0.10003750538923473,0.07193069159984589,0.1405340689469442,0.27248661120732626,0.2202516000252217
SNN_signed_rate,1,42,SNN_signed_rate_f1_s42,11,0.1088262922336394,0.07654423251127203,0.16141029861183673,0.09344500766539035,0.06769584864377975,0.12874579510805298,0.27475552327103087,0.2248941999860108
SNN_signed_rate,1,42,SNN_signed_rate_f1_s42,12,0.10629168638946851,0.07372485550327433,0.16283415443097082,0.09123736765386531,0.06754892319440842,0.11844222229728446,0.27642809483740066,0.22084990004077554
SNN_signed_rate,1,42,SNN_signed_rate_f1_s42,13,0.09719812200975261,0.06870059813890192,0.1424876193542535,0.08618286726630738,0.06456098705530167,0.10810940105502852,0.2786047448714574,0.22158019989728928
SNN_signed_rate,1,42,SNN_signed_rate_f1_s42,14,0.09675193414892475,0.06873899772763252,0.14006468210646122,0.0838952530229412,0.06362330913543701,0.10135971943752091,0.2807588653431998,0.22650480014272034
SNN_signed_rate,1,42,SNN_signed_rate_f1_s42,15,0.0933619504487553,0.06691517819546991,0.132233861266427,0.08037119602761304,0.061653267592191696,0.09358964217710672,0.28312528795666164,0.22191930003464222
SNN_signed_rate,1,42,SNN_signed_rate_f1_s42,16,0.08540503458446908,0.06142072011199262,0.1199215723623822,0.07711498676308916,0.05943100526928902,0.08841990746900069,0.28451400730344983,0.22747869999147952
SNN_signed_rate,1,42,SNN_signed_rate_f1_s42,17,0.08494928907448177,0.05988332797876662,0.12532980547857564,0.07691197985197154,0.05991459637880325,0.08498691736584142,0.28576889865928223,0.2224908999633044
SNN_signed_rate,1,42,SNN_signed_rate_f1_s42,18,0.08527548177596149,0.060009343777265814,0.12633068999347832,0.07697001211710762,0.06063847616314888,0.08165767976979367,0.28745766116513144,0.22512130020186305
SNN_signed_rate,1,42,SNN_signed_rate_f1_s42,19,0.07985828726780672,0.05733738215640187,0.1126045255570242,0.07465410592022854,0.05896489694714546,0.07844604486541538,0.28864738411373564,0.2256646000314504
SNN_signed_rate,1,42,SNN_signed_rate_f1_s42,20,0.07467269327133808,0.05458293012860749,0.10044881571365298,0.07097291366841262,0.05625077709555626,0.07361068286428175,0.2894214411576589,0.21997999981977046
SNN_signed_rate,1,42,SNN_signed_rate_f1_s42,21,0.07284962583898667,0.05217744846724802,0.10336088685869321,0.06897651373707571,0.05474356934428215,0.07116472196396777,0.2908201124933031,0.22341510001569986
SNN_signed_rate,1,42,SNN_signed_rate_f1_s42,22,0.07423460105275762,0.052013778614087236,0.11110411219335183,0.07121086939911117,0.05720588192343712,0.07002493737837026,0.2916530013084412,0.22190960007719696
SNN_signed_rate,1,42,SNN_signed_rate_f1_s42,23,0.06853619402670484,0.05066399876442221,0.0893609763114132,0.07012104168499464,0.05717724934220314,0.06471896171395745,0.2922142247358958,0.22188319987617433
SNN_signed_rate,1,42,SNN_signed_rate_f1_s42,24,0.0763186334593652,0.053080600976116124,0.11619016241624536,0.06826482768228562,0.054842811077833176,0.06711008302226222,0.2932150681813558,0.21887940005399287
SNN_signed_rate,1,42,SNN_signed_rate_f1_s42,25,0.0695843542209739,0.050927508922500746,0.09328422649236581,0.06828977728807992,0.05548994988203049,0.06399913703024712,0.29399871130784355,0.22595990006811917
SNN_signed_rate,1,42,SNN_signed_rate_f1_s42,26,0.06602737687682271,0.048930799371252456,0.08548288752785124,0.06781310732969636,0.05519997701048851,0.0630656515960393,0.29525059196684095,0.2265804000198841
SNN_signed_rate,1,42,SNN_signed_rate_f1_s42,27,0.06788356224279982,0.04746039612218737,0.10211583060306219,0.0679086814667867,0.05545938014984131,0.06224650658472699,0.29525092045466106,0.2207957999780774
SNN_signed_rate,1,42,SNN_signed_rate_f1_s42,28,0.0648041726079794,0.048636455958088236,0.08083858324945571,0.06696875024910413,0.05525777488946915,0.058554876798174914,0.2957865397135417,0.22202949994243681
SNN_signed_rate,1,42,SNN_signed_rate_f1_s42,29,0.06215966748065362,0.04409305629216963,0.09033305594241986,0.06706102478597893,0.054932184517383575,0.060644201342976795,0.2968324535422855,0.22548629995435476
SNN_signed_rate,1,42,SNN_signed_rate_f1_s42,30,0.060554100784036745,0.04324867348704073,0.08652713648498007,0.06725233744790726,0.05525732785463333,0.05997504796636962,0.2964718798796336,0.22145320009440184
SNN_signed_rate,1,42,SNN_signed_rate_f1_s42,31,0.058555856452642226,0.041208779723900885,0.08673538364370671,0.06665591849494332,0.053956881165504456,0.06349518664719427,0.2974194162421756,0.22379150008782744
SNN_signed_rate,1,42,SNN_signed_rate_f1_s42,32,0.059360260916225746,0.04210812848371764,0.0862606621625405,0.06709091282126166,0.05464690923690796,0.062220017921768504,0.2976839866903093,0.2282147000078112
SNN_signed_rate,1,42,SNN_signed_rate_f1_s42,33,0.057299914994867834,0.04141171732917428,0.07944098832846776,0.06729019294421817,0.055425968021154404,0.05932112461531889,0.2983927567799886,0.2308851000852883
SNN_signed_rate,1,42,SNN_signed_rate_f1_s42,34,0.05587995149834988,0.04035555224658714,0.0776219962588137,0.06824546004755777,0.05629735440015793,0.05974052823699918,0.29872887399461534,0.23402860015630722
SNN_signed_rate,1,42,SNN_signed_rate_f1_s42,35,0.05556741708254131,0.03922504299423761,0.0817118704415185,0.06833890626793786,0.05645096302032471,0.05943971623806574,0.29897186789247726,0.2280346998013556
SNN_signed_rate,1,42,SNN_signed_rate_f1_s42,36,0.05964867128942434,0.04200294505183896,0.08822863118792694,0.07104606322074494,0.05864622816443443,0.06199917528155257,0.29929588900672066,0.22748570004478097
SNN_signed_rate,1,42,SNN_signed_rate_f1_s42,37,0.05378139486964129,0.03762098207241959,0.0808020639861085,0.0708059662511076,0.058655571192502975,0.06075197529302318,0.29939470026228165,0.22309200000017881
SNN_signed_rate,1,42,SNN_signed_rate_f1_s42,38,0.052704146204211454,0.03878574231639505,0.06959201943908204,0.07044138338160774,0.05839573219418526,0.060228255937112396,0.2996873166826036,0.2219509999267757
SNN_signed_rate,1,42,SNN_signed_rate_f1_s42,39,0.05431891696575279,0.03823120476057132,0.08043856102590738,0.06765485245383394,0.05628041550517082,0.05687218474331559,0.2999119990401798,0.22530269995331764
SNN_signed_rate,1,42,SNN_signed_rate_f1_s42,40,0.05133278458233844,0.037892379296115705,0.06720202643111371,0.06705967177689146,0.05594979599118233,0.05554937892854562,0.3004256765047709,0.22205430013127625
SNN_signed_rate,1,42,SNN_signed_rate_f1_s42,41,0.048088799135756845,0.03571139090280566,0.06188704116475595,0.06968273139256996,0.05910716578364372,0.05287782804463117,0.3009880052672492,0.22739290003664792
SNN_signed_rate,1,42,SNN_signed_rate_f1_s42,42,0.04954024986763191,0.03636321630846295,0.06588516779584482,0.06799218706531317,0.0574825219810009,0.052548325421561334,0.3016881061924828,0.22757149999961257
SNN_signed_rate,1,42,SNN_signed_rate_f1_s42,43,0.04939475918784736,0.03411192034060757,0.07641419423619898,0.06895256333242424,0.05876470357179642,0.05093929880313906,0.301632391081916,0.22399570001289248
SNN_signed_rate,1,42,SNN_signed_rate_f1_s42,44,0.04805295262026246,0.033029310488038595,0.07511821066111939,0.07105022756569232,0.059256661683321,0.05896782941185663,0.30161046650674606,0.2211690000258386
SNN_signed_rate,1,42,SNN_signed_rate_f1_s42,45,0.04859846916967119,0.03475603430221478,0.06921217433728202,0.07065702333513248,0.05944152921438217,0.0560774706037515,0.3020885149637858,0.2255471998360008
SNN_signed_rate,1,42,SNN_signed_rate_f1_s42,46,0.04709728448992538,0.031979025434702636,0.07559129527611377,0.07296729832708493,0.06107139214873314,0.05947953089175898,0.30171181824472215,0.22241799999028444
SNN_signed_rate,1,314,SNN_signed_rate_f1_s314,1,0.5671674841677372,0.43964454763465455,0.6376146826654138,0.41783284686621847,0.3112231492996216,0.5330484878329844,0.2710503853029675,0.22354649985209107
SNN_signed_rate,1,314,SNN_signed_rate_f1_s314,2,0.30027959714831637,0.19306092734138172,0.5360933490346731,0.23563722238919443,0.14416298270225525,0.457371198434696,0.27500551011827257,0.22296930011361837
SNN_signed_rate,1,314,SNN_signed_rate_f1_s314,3,0.2312337311169218,0.14158605746924877,0.44823836823836544,0.18042895337131537,0.10253448784351349,0.38947232763900935,0.27894770668612584,0.22028829995542765
SNN_signed_rate,1,314,SNN_signed_rate_f1_s314,4,0.19822386206912562,0.11908792255239355,0.3956796975836606,0.1566787398706344,0.08909948915243149,0.3378962535910146,0.27975548605124156,0.2287169999908656
SNN_signed_rate,1,314,SNN_signed_rate_f1_s314,5,0.18625704944916419,0.11428095795628097,0.35988045746441605,0.14122498338374764,0.08212733268737793,0.2954882534818486,0.28076065215799545,0.22240049997344613
SNN_signed_rate,1,314,SNN_signed_rate_f1_s314,6,0.1604127197359094,0.10095684437288178,0.2972793768151382,0.1317106209857813,0.07974214106798172,0.2598423995889979,0.28140367335743377,0.22176620014943182
SNN_signed_rate,1,314,SNN_signed_rate_f1_s314,7,0.14954786759298513,0.09717159784502453,0.26188134873980307,0.12198960307416887,0.07625364512205124,0.22867978976058811,0.28228110472361245,0.22107809991575778
SNN_signed_rate,1,314,SNN_signed_rate_f1_s314,8,0.14020016131836632,0.09191424714194404,0.24142957088211156,0.11552315302587744,0.07513047754764557,0.20196337739115935,0.2836805562178294,0.2269005998969078
SNN_signed_rate,1,314,SNN_signed_rate_f1_s314,9,0.12778583654749542,0.08388772569596767,0.21949055425763875,0.11014390355933493,0.07350097596645355,0.18321463796440687,0.2849667251110077,0.2249039001762867
SNN_signed_rate,1,314,SNN_signed_rate_f1_s314,10,0.12540476889868837,0.08205199928747284,0.21676384805607768,0.1058923496324511,0.07235635817050934,0.1676799573097088,0.2862251036696964,0.22179019986651838
SNN_signed_rate,1,314,SNN_signed_rate_f1_s314,11,0.12320305465410518,0.08177149341338211,0.2071578062036154,0.10455698072446099,0.07314682751893997,0.15705076602760507,0.2874548216660818,0.22514969995245337
SNN_signed_rate,1,314,SNN_signed_rate_f1_s314,12,0.11257488820014946,0.07659893165239029,0.17987978273879582,0.10011415464739748,0.0713711827993393,0.1437148592402909,0.28901292946603563,0.22403650009073317
SNN_signed_rate,1,314,SNN_signed_rate_f1_s314,13,0.10738988165807858,0.07200553729716275,0.17692172180457927,0.097808345793935,0.07064001262187958,0.13584166586027713,0.2901998907327652,0.2226825999096036
SNN_signed_rate,1,314,SNN_signed_rate_f1_s314,14,0.10364038399586199,0.07014922011229727,0.1674558194178236,0.09732747692371083,0.07162687182426453,0.12850302549723153,0.2913720660739475,0.22406439995393157
SNN_signed_rate,1,314,SNN_signed_rate_f1_s314,15,0.09609515787534978,0.06670426670461893,0.14695445585365427,0.09501315739226304,0.07110332697629929,0.11954915207981878,0.29269476003117034,0.22344079986214638
SNN_signed_rate,1,314,SNN_signed_rate_f1_s314,16,0.09408022593106356,0.06480728545122677,0.14636470239918403,0.09261651586601946,0.07005099952220917,0.11282758171905145,0.29431498646736143,0.22848169994540513
SNN_signed_rate,1,314,SNN_signed_rate_f1_s314,17,0.09201812859430526,0.06267709557173981,0.1467051651128273,0.09001676933718061,0.06793120503425598,0.11042782151462319,0.29484353926446705,0.2189638998825103
SNN_signed_rate,1,314,SNN_signed_rate_f1_s314,18,0.08874308526384429,0.06209000662590067,0.13326539318971822,0.09269898952922068,0.07218565791845322,0.10256665805383727,0.29573974145783316,0.2267549999523908
SNN_signed_rate,1,314,SNN_signed_rate_f1_s314,19,0.0826921178456736,0.06049114035235511,0.11100488746659246,0.08867679923250575,0.06908971816301346,0.09793540534746147,0.29666536582840813,0.2252889999654144
SNN_signed_rate,1,314,SNN_signed_rate_f1_s314,20,0.08605812105909941,0.0590452089233117,0.13506456067893866,0.08986722333722304,0.07108189910650253,0.09392662115360254,0.29743772149086,0.22478940011933446
SNN_signed_rate,1,314,SNN_signed_rate_f1_s314,21,0.08239994858149219,0.05955734961769647,0.1142129948189786,0.0870697212877257,0.06923066824674606,0.08919526520489811,0.2983726720015208,0.22038150019943714
SNN_signed_rate,1,314,SNN_signed_rate_f1_s314,22,0.08100099631406443,0.05420926095296939,0.13395867680547516,0.09070157226372359,0.07299452275037766,0.08853524756672969,0.29901053574350145,0.22194169997237623
SNN_signed_rate,1,314,SNN_signed_rate_f1_s314,23,0.07734411762285681,0.053018545711206067,0.12162785955825384,0.0888578966836738,0.07133028656244278,0.08763805060615515,0.2998026238547431,0.22522590006701648
SNN_signed_rate,1,314,SNN_signed_rate_f1_s314,24,0.07270782821417131,0.05186694643149773,0.10420440891336788,0.0904884577413725,0.07377278804779053,0.08357834846790986,0.2997245113054911,0.2241553000640124
SNN_signed_rate,1,314,SNN_signed_rate_f1_s314,25,0.0702019597819187,0.04946805271837446,0.10366953531772125,0.08780927119680863,0.07219550013542175,0.0780688553069344,0.3003887865278456,0.22316340007819235
SNN_signed_rate,1,314,SNN_signed_rate_f1_s314,26,0.06961952340652185,0.047561416319674914,0.11029053543423459,0.08800336359620001,0.07296055555343628,0.07521404021381867,0.30116452243593006,0.2272107999306172
SNN_signed_rate,1,314,SNN_signed_rate_f1_s314,27,0.06757156946235304,0.04920493938649694,0.09183315037928048,0.08826400695687793,0.07403916865587234,0.0711241915050279,0.30152621335453456,0.22061829990707338
SNN_signed_rate,1,314,SNN_signed_rate_f1_s314,28,0.07238801618536486,0.04626183429112037,0.1306309094712225,0.0886327667445281,0.07334166020154953,0.07645553271489282,0.301827730735143,0.22116729989647865
SNN_signed_rate,1,314,SNN_signed_rate_f1_s314,29,0.06465907699268815,0.045371478982269765,0.09643799005209194,0.08583419644735127,0.07102081924676895,0.07406688600291159,0.30232925415039064,0.22334459982812405
SNN_signed_rate,1,314,SNN_signed_rate_f1_s314,30,0.06925238984955442,0.04862949397001001,0.10311447939772202,0.08746957672080982,0.0730280876159668,0.07220744552421515,0.3024732212225596,0.22254200000315905
SNN_signed_rate,1,314,SNN_signed_rate_f1_s314,31,0.06798739467878426,0.04530613631423977,0.11340629182272248,0.08804046573865915,0.07357585430145264,0.07232305718603257,0.30281194779607984,0.22475360007956624
SNN_signed_rate,1,314,SNN_signed_rate_f1_s314,32,0.06343012351980587,0.043414909118372536,0.10007607200716676,0.08649353536542193,0.07177693396806717,0.07358300698677374,0.3027488278018104,0.22374440007843077
SNN_signed_rate,1,314,SNN_signed_rate_f1_s314,33,0.06053717260014372,0.041691901100178556,0.09422635749982583,0.0872964965250935,0.07342159748077393,0.06937449522159785,0.30305413802464803,0.2262260999996215
SNN_signed_rate,1,314,SNN_signed_rate_f1_s314,34,0.05962929856975778,0.041274107144110735,0.09177595712823526,0.08637658547309758,0.07288811355829239,0.06744235957402597,0.30333287252320185,0.22827649977989495
SNN_signed_rate,1,314,SNN_signed_rate_f1_s314,35,0.05829061639699953,0.040738968551158904,0.08775823922920319,0.08714924979853411,0.0742083340883255,0.06470457855104308,0.30353643165694344,0.22212580009363592
SNN_signed_rate,1,314,SNN_signed_rate_f1_s314,36,0.0563876629974342,0.04075570402459966,0.07815979486417265,0.08573600162400913,0.0737883672118187,0.059738172060952194,0.3048038462797801,0.22458990011364222
SNN_signed_rate,1,314,SNN_signed_rate_f1_s314,37,0.05746151652921943,0.04144313083961606,0.0800919284480169,0.08655044229219543,0.07487357407808304,0.058384341070561944,0.3047211170196533,0.22412750008516014
SNN_signed_rate,1,314,SNN_signed_rate_f1_s314,38,0.05804773617995255,0.0381642857256035,0.09941725227174529,0.08760824414239936,0.0756264328956604,0.05990905623369477,0.3053884426752726,0.2279758001677692
SNN_signed_rate,1,314,SNN_signed_rate_f1_s314,39,0.05449626617215285,0.0384640554483566,0.0801610536189812,0.08597296890788175,0.07418069988489151,0.05896134511495119,0.3054712110095554,0.2265171001199633
SNN_signed_rate,1,314,SNN_signed_rate_f1_s314,40,0.0530920311112698,0.03662723440469967,0.08232398353285057,0.0873814628593409,0.07626020163297653,0.05560630613182181,0.30571442312664454,0.2242236000020057
SNN_signed_rate,1,314,SNN_signed_rate_f1_s314,41,0.05445394551998569,0.03772464798659914,0.08364648766693278,0.08889748506181266,0.0773109421133995,0.05793271474206583,0.3061588161521488,0.2224154998548329
SNN_signed_rate,1,314,SNN_signed_rate_f1_s314,42,0.05157032277904218,0.03514299156247742,0.08213665608282385,0.08609533347614469,0.0746799185872078,0.05707707444468449,0.3059369199805789,0.22659370000474155
SNN_signed_rate,1,314,SNN_signed_rate_f1_s314,43,0.04788489308702359,0.03472722031486531,0.06578836386079139,0.08697662436462086,0.07635222375392914,0.0531220030534586,0.306800768772761,0.22179600014351308
SNN_signed_rate,1,314,SNN_signed_rate_f1_s314,44,0.05159474424747595,0.033526359032839535,0.09034192607318209,0.08713063858223156,0.0757700726389885,0.05680282971621534,0.30704992612202964,0.23423950001597404
SNN_signed_rate,1,314,SNN_signed_rate_f1_s314,45,0.049307317399164004,0.03453155990379552,0.07387878747684236,0.08842078396367965,0.07767967879772186,0.05370552582978896,0.3072400192419688,0.2241207999177277
SNN_signed_rate,1,314,SNN_signed_rate_f1_s314,46,0.04861738954015358,0.034291133429441185,0.07163128055356191,0.08775665446009046,0.07764740288257599,0.05054625788757235,0.3075787703196208,0.22440330008976161
SNN_signed_rate,1,314,SNN_signed_rate_f1_s314,47,0.050165897184650574,0.03419604394584894,0.07984926619400816,0.08912431445218641,0.07836724072694778,0.05378536862619309,0.3076363656255934,0.2286040000617504
SNN_signed_rate,1,314,SNN_signed_rate_f1_s314,48,0.04522126877373568,0.03271814557827181,0.06251561597731937,0.08914511853537443,0.07911718636751175,0.05013966083931345,0.30792454414897497,0.22217630012892187
SNN_signed_rate,1,314,SNN_signed_rate_f1_s314,49,0.04637642196460732,0.03220840835322936,0.07084006805688979,0.08877315396675114,0.07901409268379211,0.04879530641479517,0.30816860132747226,0.2227053998503834
SNN_signed_rate,1,314,SNN_signed_rate_f1_s314,50,0.04653296835394176,0.03224676741649293,0.07143100468724413,0.08671724278041716,0.07692413777112961,0.048965525046437745,0.30848799215422734,0.32950980006717145
SNN_signed_rate,1,314,SNN_signed_rate_f1_s314,51,0.0447958418558412,0.031631194924314814,0.06582323465763185,0.08894105042139434,0.07957623153924942,0.04682409441072459,0.30868271324369645,0.5204662999603897
SNN_signed_rate,1,2718,SNN_signed_rate_f1_s2718,1,0.636920356277145,0.5113665890362528,0.6277688362044611,0.5239870759686949,0.4116864800453186,0.5615029796168812,0.25075168444050683,0.6816377998329699
SNN_signed_rate,1,2718,SNN_signed_rate_f1_s2718,2,0.3250420061816625,0.22365676744116678,0.5069261937024787,0.2647773215870991,0.17078952491283417,0.46993898337132467,0.2546007086833318,0.5890927000436932
SNN_signed_rate,1,2718,SNN_signed_rate_f1_s2718,3,0.224516811469002,0.1412567767418093,0.41630017363596333,0.19240605941906896,0.11304152011871338,0.3968226965017779,0.2595259878370497,0.7088088998571038
SNN_signed_rate,1,2718,SNN_signed_rate_f1_s2718,4,0.18669319152974198,0.11490352696014774,0.358948322847971,0.16919907964742814,0.10173461586236954,0.3373223189252931,0.26293805407153237,0.3777783999685198
SNN_signed_rate,1,2718,SNN_signed_rate_f1_s2718,5,0.1648742458152148,0.10587712099982632,0.29498562407694223,0.15375346498140294,0.09700417518615723,0.2837464489762285,0.2651967740721173,0.485166999977082
SNN_signed_rate,1,2718,SNN_signed_rate_f1_s2718,6,0.1493717549001512,0.09963576893011729,0.24867992985016948,0.14245366821454322,0.0936453714966774,0.24404148358932906,0.26778186791472963,0.4149418000597507
SNN_signed_rate,1,2718,SNN_signed_rate_f1_s2718,7,0.14064742261342092,0.0928363968928655,0.23905512860277714,0.13639276298035713,0.0933128073811531,0.21539977799602014,0.2701464636458291,0.2334403998684138
SNN_signed_rate,1,2718,SNN_signed_rate_f1_s2718,8,0.13014505805712256,0.08729559539092911,0.2142473133309674,0.1274233824543864,0.08969748020172119,0.18862951126332597,0.27220017910003663,0.23621989996172488
SNN_signed_rate,1,2718,SNN_signed_rate_f1_s2718,9,0.12658325872433776,0.08615810695207782,0.20212575886129985,0.12373185460348368,0.08978831768035889,0.16971768461562392,0.27510496973991394,0.23865609988570213
SNN_signed_rate,1,2718,SNN_signed_rate_f1_s2718,10,0.11756025650415014,0.08075512904259893,0.18402563730775584,0.12066772398106593,0.09001224488019943,0.15327739550433245,0.2767380687925551,0.2349439999088645
SNN_signed_rate,1,2718,SNN_signed_rate_f1_s2718,11,0.10947954625656411,0.07479017140964667,0.17344687423458724,0.11433102096793622,0.08635547757148743,0.13987771698224397,0.27907095750172933,0.23442690004594624
SNN_signed_rate,1,2718,SNN_signed_rate_f1_s2718,12,0.1058641986954551,0.07570640722082721,0.15078895737313938,0.11362704332256429,0.08793675154447556,0.12845145889044365,0.2811675475703345,0.23925089999102056
SNN_signed_rate,1,2718,SNN_signed_rate_f1_s2718,13,0.10287783688766644,0.07225091148995691,0.15313462698854768,0.1110974340115288,0.08721069991588593,0.11943367047821436,0.2831366267469194,0.22891689999960363
SNN_signed_rate,1,2718,SNN_signed_rate_f1_s2718,14,0.1014628945547555,0.07461116608853141,0.13425864233112056,0.10806630705457146,0.08591188490390778,0.11077211075331841,0.284694023264779,0.23625740013085306
SNN_signed_rate,1,2718,SNN_signed_rate_f1_s2718,15,0.09370768989720482,0.06817604069494539,0.12765824601129716,0.1088133039572668,0.08792202174663544,0.10445641105315676,0.28626932236883373,0.22964250016957521
SNN_signed_rate,1,2718,SNN_signed_rate_f1_s2718,16,0.0977121703922957,0.07149090991458959,0.13110630238853058,0.10779759184071487,0.08797056972980499,0.09913511055454938,0.2880074434810215,0.2264632999431342
SNN_signed_rate,1,2718,SNN_signed_rate_f1_s2718,17,0.08620276931335356,0.06278860393083757,0.11707082691257992,0.1045974519668942,0.08617731183767319,0.09210070064610504,0.2891890512572394,0.23597789998166263
SNN_signed_rate,1,2718,SNN_signed_rate_f1_s2718,18,0.09185917876247761,0.06705993620885743,0.12399621276810095,0.1023967908950656,0.08458095043897629,0.08907920228044658,0.290116818745931,0.2337855000514537
SNN_signed_rate,1,2718,SNN_signed_rate_f1_s2718,19,0.08274722077732163,0.05999770904373791,0.11374755866791862,0.10392033542079904,0.08678600937128067,0.08567163024759182,0.2913085122903188,0.22312760003842413
SNN_signed_rate,1,2718,SNN_signed_rate_f1_s2718,20,0.0828047482266897,0.059581574528581566,0.1161158684905407,0.10120067184535653,0.0843135416507721,0.08443565097292219,0.291986295249727,0.2226724000647664
SNN_signed_rate,1,2718,SNN_signed_rate_f1_s2718,21,0.08158596478296128,0.05755013914571868,0.12017912818621286,0.10215277253565991,0.08582473546266556,0.08164018536497175,0.2932042426533169,0.22669970011338592
SNN_signed_rate,1,2718,SNN_signed_rate_f1_s2718,22,0.07831394155734439,0.056978165027168064,0.10667888265088173,0.10275188436551815,0.08716397732496262,0.07793953520277765,0.2938955432838864,0.22103719995357096
SNN_signed_rate,1,2718,SNN_signed_rate_f1_s2718,23,0.07786970202883577,0.05521541694179177,0.11327142543522004,0.10032483818908905,0.08543296903371811,0.07445934577685466,0.2943267822265625,0.22001449996605515
SNN_signed_rate,1,2718,SNN_signed_rate_f1_s2718,24,0.07496849769402814,0.053925236935416856,0.1052163037930564,0.10185443108559027,0.08703941851854324,0.07407506283523509,0.2950772947735257,0.22992119984701276
SNN_signed_rate,1,2718,SNN_signed_rate_f1_s2718,25,0.0704471730791645,0.05301595724498232,0.08715607917091081,0.10215246049205648,0.08828617632389069,0.06933142084082897,0.29537635246912636,0.24039799999445677
SNN_signed_rate,1,2718,SNN_signed_rate_f1_s2718,26,0.06901879394894757,0.050613920245733524,0.09202436851607025,0.10220331202618012,0.08885417133569717,0.06674570345241472,0.29604528215196396,0.23133839992806315
SNN_signed_rate,1,2718,SNN_signed_rate_f1_s2718,27,0.06987151030385394,0.04976844402650992,0.1005153313867201,0.09814498690397963,0.08511519432067871,0.06514896291650461,0.2965200450685289,0.22739290003664792
SNN_signed_rate,1,2718,SNN_signed_rate_f1_s2718,28,0.07043754995427198,0.04981479179114103,0.10311379081565474,0.09953973667516237,0.08618641644716263,0.0667666011399987,0.29671021633678013,0.22679440001957119
SNN_signed_rate,1,2718,SNN_signed_rate_f1_s2718,29,0.06516577308063097,0.047186673582634994,0.08989549748997992,0.10237988948900358,0.0887744352221489,0.06802727133427337,0.2970641295115153,0.21973920008167624
SNN_signed_rate,1,2718,SNN_signed_rate_f1_s2718,30,0.062302211690107925,0.046005869232532054,0.0814817122878793,0.09874706766559421,0.08581512421369553,0.06465971725949339,0.29687243700027466,0.22058569989167154
SNN_signed_rate,1,2718,SNN_signed_rate_f1_s2718,31,0.06404217801888186,0.045583659865789945,0.09229259076545954,0.09867780750653651,0.08647114783525467,0.06103329835640923,0.2974706848462423,0.22284320020116866
SNN_signed_rate,1,2718,SNN_signed_rate_f1_s2718,32,0.06049615090630748,0.04488471987553769,0.07805715515384895,0.10000574712940373,0.08787080645561218,0.06067470336895772,0.2978384349081251,0.23255930002778769
SNN_signed_rate,1,2718,SNN_signed_rate_f1_s2718,33,0.06153066814683841,0.04492381936353114,0.08303424391653627,0.10281577984239569,0.09105947613716125,0.0587815185261722,0.29857710003852844,0.23552359989844263
SNN_signed_rate,1,2718,SNN_signed_rate_f1_s2718,34,0.058136961361996614,0.04295742316171527,0.07589769100140684,0.09749054340393257,0.08608181774616241,0.057043628288850755,0.2987180954880185,0.23352629994042218
SNN_signed_rate,1,2718,SNN_signed_rate_f1_s2718,35,0.060444190058553664,0.043952524734454025,0.08245832662049825,0.1027347575325223,0.09119115024805069,0.057718036422358024,0.2988060825400882,0.22553179995156825
SNN_signed_rate,1,2718,SNN_signed_rate_f1_s2718,36,0.056791114276376814,0.0423743663303968,0.07208373972990006,0.09777109787301842,0.08727438747882843,0.052483551970949956,0.2993426978588104,0.21982620004564524
SNN_signed_rate,1,2718,SNN_signed_rate_f1_s2718,37,0.057111156677089187,0.04189264038577676,0.07609258145656211,0.10120569736460322,0.09013710916042328,0.05534294102089973,0.2992731981807285,0.22645010007545352
SNN_signed_rate,1,2718,SNN_signed_rate_f1_s2718,38,0.05936196884408734,0.04208380658076041,0.08639081131663469,0.09737768510125891,0.08598051220178604,0.056985864497364334,0.2994983573754629,0.22617290006019175
SNN_signed_rate,1,2718,SNN_signed_rate_f1_s2718,39,0.0550087672308417,0.04144389379976524,0.06782436715538222,0.10151821381888262,0.09077437222003937,0.053719207994216284,0.29945529500643414,0.22824979992583394
SNN_signed_rate,1,2718,SNN_signed_rate_f1_s2718,40,0.051583520069107484,0.03897055773478415,0.06306481167161668,0.10027263160043533,0.0899374783039093,0.051675766482630114,0.29980208211474946,0.21925859991461039
SNN_signed_rate,1,2718,SNN_signed_rate_f1_s2718,41,0.052618305739359376,0.037809771630499096,0.07404267054430141,0.10272683487497154,0.09188162535429001,0.05422604760340766,0.2999136169751485,0.2179326000623405
SNN_signed_rate,1,2718,SNN_signed_rate_f1_s2718,42,0.05295571765523524,0.03853291085817748,0.07211403398528883,0.10005892573790538,0.0897817462682724,0.051385897348164886,0.29983755548795066,0.2247701999731362
SNN_signed_rate,1,2718,SNN_signed_rate_f1_s2718,43,0.05133612717768978,0.03680296826900707,0.07266579454341357,0.10103341737257265,0.09106848388910294,0.049824667417348555,0.3000353270106845,0.2220715000294149
SNN_signed_rate,1,2718,SNN_signed_rate_f1_s2718,44,0.04856686377366753,0.036280203569266534,0.061433301022004894,0.09974515847045046,0.08986350148916245,0.049408284906440086,0.30035035212834676,0.22736630006693304
SNN_signed_rate,1,2718,SNN_signed_rate_f1_s2718,45,0.048911094497653296,0.03535312956923412,0.06778982464209583,0.09941678865101171,0.08934131264686584,0.050377380020729334,0.3007366756598155,0.22148960013873875
SNN_signed_rate,1,2718,SNN_signed_rate_f1_s2718,46,0.0495458261008619,0.03432092824433413,0.07612448928263886,0.10173112603606557,0.09063798189163208,0.05546572072216748,0.3003388822078705,0.2206347999162972
SNN_signed_rate,1,2718,SNN_signed_rate_f1_s2718,47,0.047572616191837475,0.03498303525460263,0.06294790468617426,0.10152290863163387,0.09105653315782547,0.052331877369041976,0.30085100995169745,0.22406490007415414
SNN_signed_rate,1,2718,SNN_signed_rate_f1_s2718,48,0.04759786090920816,0.03377943697075049,0.06909211969228833,0.10261354750680891,0.09159331768751144,0.05510114909648733,0.3006398618221283,0.2303088998887688
SNN_signed_rate,1,2718,SNN_signed_rate_f1_s2718,49,0.04909226004375011,0.033001767419692546,0.08045246312028784,0.10193385412317056,0.09056899696588516,0.056824285786427016,0.3006656010945638,0.22964300005696714
SNN_signed_rate,1,2718,SNN_signed_rate_f1_s2718,50,0.045401541315971246,0.0334205344112383,0.059905034523664746,0.1035908616587376,0.0929623693227768,0.05314246167980405,0.30066574679480657,0.2472149000968784
SNN_signed_rate,1,2718,SNN_signed_rate_f1_s2718,51,0.04655149045638613,0.032853668115826115,0.0684891117028,0.10566982173887836,0.09453274309635162,0.055685393212633674,0.300993330611123,0.23890800005756319
SNN_signed_rate,1,2718,SNN_signed_rate_f1_s2718,52,0.0460811595974447,0.03202626860390107,0.0702744549677182,0.10158581519630343,0.0905572772026062,0.05514268996848615,0.30097803473472595,0.229121700162068
SNN_signed_rate,1,2718,SNN_signed_rate_f1_s2718,53,0.046369260345007254,0.03264063984259135,0.06864310251207945,0.1056519737289174,0.09445693343877792,0.05597520145069738,0.3011391255590651,0.23206939990632236
SNN_signed_rate,2,42,SNN_signed_rate_f2_s42,1,0.47684227733918916,0.3448302026424143,0.6600603734838744,0.2253751376271248,0.12619982659816742,0.49587655514478685,0.2535093774398168,0.23631600011140108
SNN_signed_rate,2,42,SNN_signed_rate_f2_s42,2,0.2850188286644388,0.18076155711379316,0.5212863577532283,0.1552405834760306,0.08083661645650864,0.37201983509760983,0.2558644251690971,0.24152390006929636
SNN_signed_rate,2,42,SNN_signed_rate_f2_s42,3,0.23484048372750763,0.152063851741453,0.4138831599302729,0.12205197650587785,0.06472371518611908,0.2866413065987938,0.2572699656089147,0.22242649993859231
SNN_signed_rate,2,42,SNN_signed_rate_f2_s42,4,0.19759029230083008,0.13187483404245642,0.3285772912918683,0.10198702342292798,0.05624302476644516,0.2287199932824141,0.2589522292216619,0.22156259999610484
SNN_signed_rate,2,42,SNN_signed_rate_f2_s42,5,0.17630604625729462,0.12011819738480779,0.28093924436243434,0.08681223744678798,0.04970280081033707,0.18554718318225452,0.26067512333393095,0.22281030006706715
SNN_signed_rate,2,42,SNN_signed_rate_f2_s42,6,0.16571036922657545,0.11458192248311308,0.25564223371731204,0.07564829156037021,0.04524439200758934,0.15201949776390436,0.26283414893680146,0.21705799992196262
SNN_signed_rate,2,42,SNN_signed_rate_f2_s42,7,0.14329841907519514,0.09967597122821543,0.21811223923489845,0.06766514743367831,0.0420195572078228,0.12822795112927757,0.26481161812941234,0.22611499996855855
SNN_signed_rate,2,42,SNN_signed_rate_f2_s42,8,0.13383611972395343,0.09505691700097588,0.19389601361488776,0.06194995478685922,0.04038172960281372,0.10784112592022749,0.26704154875543384,0.22724879998713732
SNN_signed_rate,2,42,SNN_signed_rate_f2_s42,9,0.12411282506521054,0.09111295400394334,0.16499935530633605,0.05705912733462247,0.03889030963182449,0.09084408851398987,0.2698836263683107,0.22707560006529093
SNN_signed_rate,2,42,SNN_signed_rate_f2_s42,10,0.11923159948109079,0.08620968645231591,0.1651095651438744,0.05251993227328332,0.036748673766851425,0.07885629253215948,0.27184249924288856,0.2304493000265211
SNN_signed_rate,2,42,SNN_signed_rate_f2_s42,11,0.10708508317428773,0.07962536234408617,0.13729860415100786,0.04990582328992632,0.03624416142702103,0.06830830931452649,0.27418116066190934,0.22694299998693168
SNN_signed_rate,2,42,SNN_signed_rate_f2_s42,12,0.10180443736233782,0.07705208942708042,0.12376173967628692,0.04729064419619598,0.035283349454402924,0.0600364737089653,0.2758086085319519,0.22544370009563863
SNN_signed_rate,2,42,SNN_signed_rate_f2_s42,13,0.1026444493869806,0.0765573033856021,0.13043573000689232,0.04543695155296873,0.03469999134540558,0.053684801037815755,0.2771826187769572,0.2203418998979032
SNN_signed_rate,2,42,SNN_signed_rate_f2_s42,14,0.09165201164657037,0.07122697292102707,0.10212519362771645,0.043775285832209035,0.034256238490343094,0.04759523670932969,0.2786811497476366,0.22445920016616583
SNN_signed_rate,2,42,SNN_signed_rate_f2_s42,15,0.09267768906931831,0.07040373660210106,0.11136976233608614,0.040469519793401534,0.031800929456949234,0.04334295168226151,0.28028961453172896,0.2255591000430286
SNN_signed_rate,2,42,SNN_signed_rate_f2_s42,16,0.08727299780391708,0.06623195824730728,0.10520519778304907,0.03848446712395727,0.03058076836168766,0.039518493811348046,0.28146488500965966,0.22551319980993867
SNN_signed_rate,2,42,SNN_signed_rate_f2_s42,17,0.08420066512920502,0.06403511079649131,0.10082777166356853,0.037513306947518726,0.03030424565076828,0.036045306483752225,0.2820966449048784,0.22504710010252893
SNN_signed_rate,2,42,SNN_signed_rate_f2_s42,18,0.08031728881254478,0.06144176065507862,0.0943776407873308,0.036638877240636344,0.02995898947119713,0.03339943884719608,0.2835482014550103,0.2238064999692142
SNN_signed_rate,2,42,SNN_signed_rate_f2_s42,19,0.07833580285244543,0.06042726670081417,0.08954268075815629,0.034843017262166494,0.028697457164525986,0.030727800488202547,0.2843324121501711,0.22226789989508688
SNN_signed_rate,2,42,SNN_signed_rate_f2_s42,20,0.08116921654876982,0.05807548306054539,0.1154686674411222,0.034106481920096014,0.02820153720676899,0.02952472356663513,0.2846321546369129,0.2217399999499321
SNN_signed_rate,2,42,SNN_signed_rate_f2_s42,21,0.0734779172807095,0.0577138707610882,0.07882023259810653,0.03429538974374439,0.028766222298145294,0.027645837227995476,0.28529156082206303,0.22621350013650954
SNN_signed_rate,2,42,SNN_signed_rate_f2_s42,22,0.06945924269270702,0.0552886298029787,0.0708530644486416,0.03265837678041473,0.027568500488996506,0.025449381457091125,0.28606282936202154,0.22115600015968084
SNN_signed_rate,2,42,SNN_signed_rate_f2_s42,23,0.06914074595155559,0.05348141661120786,0.07829664670173862,0.03164149016745201,0.02687092311680317,0.02385283525324421,0.2865496638748381,0.22765380004420877
SNN_signed_rate,2,42,SNN_signed_rate_f2_s42,24,0.06951160493775387,0.0520566123072058,0.08727496315274033,0.03468064331874228,0.030136635527014732,0.02272003895863773,0.2874030136399799,0.2198363000061363
SNN_signed_rate,2,42,SNN_signed_rate_f2_s42,25,0.06710543840105479,0.05175467443962892,0.07675381980712935,0.03173634714285884,0.027475541457533836,0.021304028426625023,0.2880118237601386,0.22205909993499517
SNN_signed_rate,2,42,SNN_signed_rate_f2_s42,26,0.06299392553992668,0.04998072460811171,0.06506600465907489,0.02992529350452992,0.02591490000486374,0.0200519674983309,0.2887307173675961,0.22275150008499622
SNN_signed_rate,2,42,SNN_signed_rate_f2_s42,27,0.06398092734456554,0.05038834252498216,0.06796292409791688,0.029380054253112502,0.025581836700439453,0.01899108776336524,0.28870511054992676,0.22340369992889464
SNN_signed_rate,2,42,SNN_signed_rate_f2_s42,28,0.06517976550989346,0.05174484324331085,0.06717461133291298,0.03153548352022029,0.02794218435883522,0.017966495806925328,0.2895545830329259,0.2233043999876827
SNN_signed_rate,2,42,SNN_signed_rate_f2_s42,29,0.060129049319754095,0.04818658838048577,0.05971230469634163,0.029835739231217396,0.026382479816675186,0.017266297072711042,0.28988932503594295,0.22279669996351004
SNN_signed_rate,2,42,SNN_signed_rate_f2_s42,30,0.05913250080678964,0.04605369366084536,0.0653940357297214,0.028454163665473226,0.025152668356895447,0.0165074765428889,0.2897434247864617,0.22401189990341663
SNN_signed_rate,2,42,SNN_signed_rate_f2_s42,31,0.05858250158990265,0.04457950122240517,0.07001500183748745,0.030143947764241237,0.02688642032444477,0.016287637198982328,0.29022190438376533,0.218454800080508
SNN_signed_rate,2,42,SNN_signed_rate_f2_s42,32,0.05522008194409888,0.04281721450905833,0.06201433717520274,0.02781084763773559,0.02470345050096512,0.01553698568385235,0.29068607754177517,0.22712769987992942
SNN_signed_rate,2,42,SNN_signed_rate_f2_s42,33,0.058415892973983335,0.04325325989371372,0.0758131654013481,0.027454036109591688,0.024457480758428574,0.014982776755815571,0.29080088833967843,0.22579910000786185
SNN_signed_rate,2,42,SNN_signed_rate_f2_s42,34,0.051811914789604556,0.041369906378289065,0.052210042056577484,0.02799177797025058,0.02511618100106716,0.014377984845917086,0.2905761135949029,0.22449149983003736
SNN_signed_rate,2,42,SNN_signed_rate_f2_s42,35,0.052669618166206404,0.039699013427727754,0.06485302369239329,0.028571698569060076,0.025770705193281174,0.014004966878894506,0.29097000029351977,0.23371189995668828
SNN_signed_rate,2,42,SNN_signed_rate_f2_s42,36,0.05239729553195435,0.04177968852325446,0.05308803504349949,0.02749065360256453,0.024809403344988823,0.013406251287878543,0.2913573086261749,0.2402272999752313
SNN_signed_rate,2,42,SNN_signed_rate_f2_s42,37,0.05245281076747293,0.040539785189968015,0.059565127887524515,0.029280129606358167,0.026672927662730217,0.013036009718139755,0.2922130677435133,0.23051730007864535
SNN_signed_rate,2,42,SNN_signed_rate_f2_s42,38,0.051114317833469876,0.037995090754702684,0.06559613539383594,0.03029189377435946,0.027691615745425224,0.013001390144671167,0.29126758376757306,0.2238786001689732
SNN_signed_rate,2,42,SNN_signed_rate_f2_s42,39,0.04667864550833544,0.037628293632426195,0.045251759379546196,0.02785274306821795,0.025444243103265762,0.012042499824760938,0.2913882063494788,0.22657679999247193
SNN_signed_rate,2,42,SNN_signed_rate_f2_s42,40,0.047255987564486054,0.0374178999569267,0.049190438037796755,0.02787464301497236,0.025548089295625687,0.011632768596733374,0.29194101161426966,0.2258721999824047
SNN_signed_rate,2,42,SNN_signed_rate_f2_s42,41,0.04480111054335792,0.03551878474859728,0.046411628973803215,0.02852929484595562,0.026272989809513092,0.01128152518221265,0.292148357629776,0.22559150005690753
SNN_signed_rate,2,42,SNN_signed_rate_f2_s42,42,0.046571933189136626,0.036031015465656915,0.0527045886173985,0.028805336870015862,0.02657356485724449,0.011158860063856853,0.2922396779060364,0.22058510011993349
SNN_signed_rate,2,42,SNN_signed_rate_f2_s42,43,0.044878144361484,0.03550034335090054,0.04688900505291731,0.028267738933619346,0.026098962873220444,0.010843880301994511,0.29215302632914647,0.223994700005278
SNN_signed_rate,2,42,SNN_signed_rate_f2_s42,44,0.04195640705659449,0.033955947930614155,0.04000229562990167,0.026965637933711796,0.0249137245118618,0.010259567109249976,0.29275144735972086,0.2261022999882698
SNN_signed_rate,2,42,SNN_signed_rate_f2_s42,45,0.04207708595170043,0.03416928014614516,0.03953902902777633,0.02760067989589916,0.02564559131860733,0.009775442886459143,0.2928565462430318,0.2206053000409156
SNN_signed_rate,2,42,SNN_signed_rate_f2_s42,46,0.04144336713778835,0.03344440878265434,0.039994791775670065,0.027804879078988584,0.025909164920449257,0.009478570792696631,0.2931091772185432,0.22569700004532933
SNN_signed_rate,2,42,SNN_signed_rate_f2_s42,47,0.03927209897060517,0.03171895116360651,0.03776573903499334,0.030087533149196117,0.028280839323997498,0.009033469125993093,0.2930977337890201,0.22285080002620816
SNN_signed_rate,2,42,SNN_signed_rate_f2_s42,48,0.040028729965868586,0.03182006226335135,0.0410433385125862,0.027538916679090416,0.025765882804989815,0.008865169370503006,0.29365740418434144,0.22433160012587905
SNN_signed_rate,2,42,SNN_signed_rate_f2_s42,49,0.03953516684031503,0.03075981063561307,0.04387678102350978,0.029759856697864562,0.028019066900014877,0.008703948989248419,0.293584214647611,0.22106299991719425
SNN_signed_rate,2,42,SNN_signed_rate_f2_s42,50,0.038393724866905024,0.030439292054830328,0.039772164060373504,0.02771416512746276,0.026032540947198868,0.008408120901319462,0.29342999027835,0.2221186999231577
SNN_signed_rate,2,42,SNN_signed_rate_f2_s42,51,0.03795182956055444,0.029705802527152828,0.041230135167008075,0.029370404521220087,0.027756545692682266,0.00806929414268911,0.29347042110231186,0.22252790001221
SNN_signed_rate,2,42,SNN_signed_rate_f2_s42,52,0.04116964867763922,0.031611136357403466,0.04779256160117873,0.02763908877132648,0.025976531207561493,0.008312787818824932,0.29350928796662223,0.22450420004315674
SNN_signed_rate,2,42,SNN_signed_rate_f2_s42,53,0.03746921829756283,0.029365094456200797,0.04052061920681015,0.030442356498635217,0.028812972828745842,0.008146918349446869,0.2932284818755256,0.2213679999113083
SNN_signed_rate,2,42,SNN_signed_rate_f2_s42,54,0.037408163683554554,0.0290759210060868,0.04166121338733876,0.03179092848923133,0.030229246243834496,0.007808411226984195,0.2934455090098911,0.22335599991492927
SNN_signed_rate,2,42,SNN_signed_rate_f2_s42,55,0.03907427241348766,0.02800907334830198,0.055325995325928384,0.029396446991628387,0.027792615815997124,0.008019155878156319,0.2929317143228319,0.2253084999974817
SNN_signed_rate,2,42,SNN_signed_rate_f2_s42,56,0.03606243578131747,0.02750431428559952,0.04279060747858974,0.02967027616810124,0.028131509199738503,0.007693834841813681,0.29313630991511874,0.2216275001410395
SNN_signed_rate,2,42,SNN_signed_rate_f2_s42,57,0.03451203527440216,0.02733368633004526,0.03589174472178446,0.029669154300215307,0.02821037918329239,0.007293875584614598,0.2932094782590866,0.22404620004817843
SNN_signed_rate,2,42,SNN_signed_rate_f2_s42,58,0.038920352492924186,0.028506026789546012,0.05207162851689089,0.02944311316448349,0.028057338669896126,0.0069288724729368095,0.2938874165217082,0.22310810000635684
SNN_signed_rate,2,42,SNN_signed_rate_f2_s42,59,0.03457653416275009,0.027029021311965253,0.03773756425392422,0.030273415002145997,0.02878619357943535,0.007436107113553247,0.29264795117908055,0.22607189998961985
SNN_signed_rate,2,314,SNN_signed_rate_f2_s314,1,0.5975986560809534,0.472562812268734,0.6251792190610975,0.31509746583940096,0.1983015090227127,0.5839797840834413,0.27251039180490705,0.22358820005320013
SNN_signed_rate,2,314,SNN_signed_rate_f2_s314,2,0.32733844895804204,0.22408838611510065,0.5162503142147072,0.18037465917051965,0.08513588458299637,0.4761938729376163,0.2763003193669849,0.22620740020647645
SNN_signed_rate,2,314,SNN_signed_rate_f2_s314,3,0.2511083328346441,0.16352638685041004,0.4379097299211704,0.13887210520745824,0.06154729425907135,0.3866240547419344,0.27967739833725824,0.2309715999290347
SNN_signed_rate,2,314,SNN_signed_rate_f2_s314,4,0.21353866743813982,0.14021713472902775,0.36660766354556057,0.11698664609928551,0.05395059287548065,0.3151802661190243,0.28068985409206815,0.22739190002903342
SNN_signed_rate,2,314,SNN_signed_rate_f2_s314,5,0.1899392374588855,0.12690225222872364,0.3151849261508093,0.1022479614118735,0.049875758588314056,0.2618610141177972,0.2822073982821571,0.22939740004949272
SNN_signed_rate,2,314,SNN_signed_rate_f2_s314,6,0.18038842164103452,0.12271975934919384,0.28834331145920344,0.0931755358974139,0.049263566732406616,0.21955984582503638,0.2829411175515917,0.22647170000709593
SNN_signed_rate,2,314,SNN_signed_rate_f2_s314,7,0.1605066363798988,0.11367528140544891,0.23415677487224945,0.0834983756543143,0.04627884179353714,0.18609766930388577,0.28363825877507526,0.22702339990064502
SNN_signed_rate,2,314,SNN_signed_rate_f2_s314,8,0.15138804105613327,0.1047996995349725,0.23294170760580377,0.07845187467177334,0.046812504529953,0.15819685070910167,0.2846031003528171,0.2228465999942273
SNN_signed_rate,2,314,SNN_signed_rate_f2_s314,9,0.1408108700220256,0.10126917082816363,0.19770849596930995,0.07242984025452122,0.04485774040222168,0.13786049926149768,0.28573775556352404,0.21948780003003776
SNN_signed_rate,2,314,SNN_signed_rate_f2_s314,10,0.13049143435646,0.09719821312982176,0.1664661061331912,0.06874460904056547,0.04480011388659477,0.11972247576985344,0.2871916823916965,0.2214098998811096
SNN_signed_rate,2,314,SNN_signed_rate_f2_s314,11,0.12389293781334956,0.0914242984727025,0.16234319670323535,0.06460901378882382,0.04362017661333084,0.10494418587746486,0.2885423375500573,0.24019959988072515
SNN_signed_rate,2,314,SNN_signed_rate_f2_s314,12,0.12413768700014058,0.0907689011345307,0.16684392932804942,0.06212875912211976,0.043447088450193405,0.09340835335963175,0.28995066616270276,0.2435280999634415
SNN_signed_rate,2,314,SNN_signed_rate_f2_s314,13,0.1136770305020859,0.08604943485309681,0.13813797824494545,0.0596093579864352,0.042877595871686935,0.08365881057374132,0.2911235405339135,0.23540620016865432
SNN_signed_rate,2,314,SNN_signed_rate_f2_s314,14,0.1066192202676613,0.07997134250278275,0.1332393888243927,0.05821279278153893,0.04323016107082367,0.07491315855357632,0.2923700147204929,0.2268523999955505
SNN_signed_rate,2,314,SNN_signed_rate_f2_s314,15,0.10778962843522802,0.08075935988583499,0.13515134274696525,0.05536476563439711,0.04172219708561897,0.06821284274389067,0.2930357217788696,0.22177159995771945
SNN_signed_rate,2,314,SNN_signed_rate_f2_s314,16,0.1006445897548271,0.07598063890925712,0.12331975422784996,0.05472243037191952,0.04239902272820473,0.06161703821857395,0.2937587486373054,0.22050990001298487
SNN_signed_rate,2,314,SNN_signed_rate_f2_s314,17,0.09443315276174413,0.07263674171020587,0.10898205525769115,0.053110149019169356,0.04189451411366463,0.05607817452752365,0.295178806119495,0.22615969995968044
SNN_signed_rate,2,314,SNN_signed_rate_f2_s314,18,0.09864675174917312,0.07013254161510203,0.14257105067035536,0.05142635459384922,0.04109662026166916,0.0516486716609003,0.29630905389785767,0.22318049985915422
SNN_signed_rate,2,314,SNN_signed_rate_f2_s314,19,0.08725126121596076,0.06771753440714545,0.09766863404407652,0.05075251568261089,0.04126669839024544,0.047429086461827245,0.29660174714194404,0.22190859983675182
SNN_signed_rate,2,314,SNN_signed_rate_f2_s314,20,0.08845301015593263,0.06547352976890074,0.11489740193515942,0.049698236469155964,0.04093986004590988,0.043791882116230404,0.2970792829990387,0.2206111999694258
SNN_signed_rate,2,314,SNN_signed_rate_f2_s314,21,0.08319200526374526,0.06367698717448446,0.09757509044630394,0.048833827303089904,0.040737323462963104,0.040482519200634004,0.29760037793053523,0.22277900017797947
SNN_signed_rate,2,314,SNN_signed_rate_f2_s314,22,0.08345928946142968,0.06203699350977938,0.10711147975825157,0.047891830681887626,0.040338240563869476,0.03776795059009075,0.29812289807531567,0.2277988998685032
SNN_signed_rate,2,314,SNN_signed_rate_f2_s314,23,0.0779568078552756,0.0613411223101947,0.08307842772540444,0.04830552608091033,0.04126676172018051,0.03519382180364908,0.29866136643621655,0.22948800004087389
SNN_signed_rate,2,314,SNN_signed_rate_f2_s314,24,0.07705569287638622,0.05883780023497012,0.09108946320708043,0.047213257769029,0.04063047468662262,0.03291391541203191,0.29927441146638656,0.22277570003643632
SNN_signed_rate,2,314,SNN_signed_rate_f2_s314,25,0.07608323568103413,0.05888602818465895,0.08598603748187589,0.048070370932548956,0.04184747114777565,0.031114498923866533,0.2993518915441301,0.22481720009818673
SNN_signed_rate,2,314,SNN_signed_rate_f2_s314,26,0.07191334318197608,0.054649171171089014,0.08632086005443532,0.045961736360822555,0.04012569785118103,0.029180192548207612,0.29995625350210403,0.22178569994866848
SNN_signed_rate,2,314,SNN_signed_rate_f2_s314,27,0.0791843945992922,0.057500986071924366,0.10841704263683917,0.045967327825514215,0.04031903296709061,0.02824147429211803,0.3004798763328128,0.2276705999393016
SNN_signed_rate,2,314,SNN_signed_rate_f2_s314,28,0.06690384008572632,0.053110865379373234,0.06896487353176538,0.04661431049758205,0.0412689633667469,0.02672673565417575,0.30003325939178466,0.22070449986495078
SNN_signed_rate,2,314,SNN_signed_rate_f2_s314,29,0.06807165552465698,0.05117127671837807,0.08450189403139458,0.04590755308005935,0.04077444598078728,0.02566553549636038,0.30025310383902654,0.22179559990763664
SNN_signed_rate,2,314,SNN_signed_rate_f2_s314,30,0.06303065161378797,0.04953129947599438,0.06749676068896801,0.045088482395915674,0.040270086377859116,0.02409198009028281,0.3006308807267083,0.22276809997856617
SNN_signed_rate,2,314,SNN_signed_rate_f2_s314,31,0.059667377634315136,0.047072444359461466,0.06297466637426834,0.04365748941617192,0.03909338638186455,0.02282051517153686,0.30096752511130437,0.2218497998546809
SNN_signed_rate,2,314,SNN_signed_rate_f2_s314,32,0.0635251234561869,0.0459790614226626,0.08773031016762156,0.0435422999713769,0.039078742265701294,0.022317788528378048,0.300705623626709,0.2198964999988675
SNN_signed_rate,2,314,SNN_signed_rate_f2_s314,33,0.06418528454003916,0.04874950358644128,0.07717890476798937,0.04276705598977025,0.038467906415462494,0.0214957478715388,0.30096143749025134,0.2228635000064969
SNN_signed_rate,2,314,SNN_signed_rate_f2_s314,34,0.05860453472122524,0.0451928101790448,0.06705862271090215,0.042724892958360225,0.03862401843070984,0.020504372638251934,0.30097240606943765,0.2232822000514716
SNN_signed_rate,2,314,SNN_signed_rate_f2_s314,35,0.0567344237642809,0.044753380502677624,0.05990521630801637,0.04243773637758275,0.03854382410645485,0.019469561355639507,0.3012403455045488,0.2252103998325765
SNN_signed_rate,2,314,SNN_signed_rate_f2_s314,36,0.056442452016603015,0.04293930012111862,0.06751575947742193,0.0427166747772457,0.038977477699518204,0.018695985388637478,0.3015810052553813,0.2253344999626279
SNN_signed_rate,2,314,SNN_signed_rate_f2_s314,37,0.05994353565056276,0.04427718323551946,0.07833176207521651,0.04323147297769481,0.03958502411842346,0.018232244296356708,0.30154761075973513,0.2267322998959571
SNN_signed_rate,2,314,SNN_signed_rate_f2_s314,38,0.05011257591692105,0.04010788638972574,0.05002344763597656,0.04185305774124023,0.03844607248902321,0.017034926261085104,0.3018504427538978,0.22431660001166165
SNN_signed_rate,2,314,SNN_signed_rate_f2_s314,39,0.055271453187280696,0.04005216552048094,0.07609643833399884,0.04129969287262468,0.03795956075191498,0.016700660603548512,0.30186706913842093,0.2254556999541819
SNN_signed_rate,2,314,SNN_signed_rate_f2_s314,40,0.05147205495109622,0.03866224825485713,0.06404903348119542,0.0421710356773586,0.03892809525132179,0.016214702130184045,0.3015368786123064,0.21883099991828203
SNN_signed_rate,2,314,SNN_signed_rate_f2_s314,41,0.05049313831736523,0.03834041616775923,0.06076361074803001,0.04139447084144812,0.038237471133470535,0.01578499853988793,0.3017494731479221,0.21987730008549988
SNN_signed_rate,2,314,SNN_signed_rate_f2_s314,42,0.05296168139035584,0.03779422644422286,0.07583727473066487,0.04147330646001904,0.03833908960223198,0.01567108428893529,0.3015395614835951,0.22471270011737943
SNN_signed_rate,2,314,SNN_signed_rate_f2_s314,43,0.05321184775569454,0.03789886227912373,0.076564927382854,0.04067270624668062,0.03757687658071518,0.015479148329827209,0.30116190314292907,0.2263988999184221
SNN_signed_rate,2,314,SNN_signed_rate_f2_s314,44,0.04585281162573553,0.035406196060486964,0.0522330778262428,0.04010450907069135,0.03718025982379913,0.0146212462344611,0.301416101720598,0.22808980010449886
SNN_signed_rate,2,314,SNN_signed_rate_f2_s314,45,0.04579809390806373,0.03503896164345659,0.05379566132303572,0.04018402337796588,0.03735414519906044,0.014149390894527188,0.30183144013086954,0.22322290018200874
SNN_signed_rate,2,314,SNN_signed_rate_f2_s314,46,0.04608593410277776,0.03484390020991365,0.05621016946432054,0.04058085402163367,0.03782591596245766,0.013774690295880038,0.30184113184611,0.22685449989512563
SNN_signed_rate,2,314,SNN_signed_rate_f2_s314,47,0.04573302700864076,0.03358199880975816,0.060755140994412996,0.04129110123541897,0.03861786425113678,0.013366184921410965,0.30154683457480536,0.23781510000117123
SNN_signed_rate,2,314,SNN_signed_rate_f2_s314,48,0.04366226766647163,0.033436280023306605,0.051129938215825135,0.04111853606178888,0.03856092691421509,0.01278804573786896,0.3020777437422011,0.24762160005047917
SNN_signed_rate,2,314,SNN_signed_rate_f2_s314,49,0.04129752709511138,0.03248248527654343,0.04407520909283973,0.039852709106854955,0.0373954102396965,0.012286494335792257,0.30223158730400934,0.22465509991161525
SNN_signed_rate,2,314,SNN_signed_rate_f2_s314,50,0.04577866559057163,0.03278007992129359,0.06499292834639016,0.03944646054427813,0.037002917379140854,0.012217715825686384,0.3023452487256792,0.22380369994789362
SNN_signed_rate,2,314,SNN_signed_rate_f2_s314,51,0.040708249465134454,0.03150914669450786,0.045995513853132934,0.04027810983699542,0.03791747987270355,0.01180314982145931,0.3023698846499125,0.23158340016379952
SNN_signed_rate,2,314,SNN_signed_rate_f2_s314,52,0.04158304787339961,0.031767922743327084,0.04907562565036257,0.03968711110177514,0.03735598176717758,0.011655646672987807,0.30213971866501704,0.22791290003806353
SNN_signed_rate,2,314,SNN_signed_rate_f2_s314,53,0.04200341600973272,0.030877959614412653,0.05562728197660036,0.03978654616622184,0.03749778866767883,0.011443787492715032,0.30216992894808453,0.23018139996565878
SNN_signed_rate,2,314,SNN_signed_rate_f2_s314,54,0.038565618682347494,0.03021231893863943,0.041766498718540275,0.03786407014945194,0.035685498267412186,0.010892859410198769,0.30216799444622466,0.22879029996693134
SNN_signed_rate,2,314,SNN_signed_rate_f2_s314,55,0.038434821228890616,0.029210126883764235,0.04612347172563195,0.037792229736092024,0.035720761865377426,0.010357339353573,0.3022683084011078,0.23194229998625815
SNN_signed_rate,2,314,SNN_signed_rate_f2_s314,56,0.03642301886219196,0.028161619510501622,0.04130699675845166,0.039358121058566835,0.03730722516775131,0.010254479454077616,0.30220112601915994,0.23217179998755455
SNN_signed_rate,2,314,SNN_signed_rate_f2_s314,57,0.03704852686507647,0.028825661534857418,0.04111432665109522,0.040444379298436695,0.03846330940723419,0.009905349456012517,0.30240861773490907,0.2288603000342846
SNN_signed_rate,2,314,SNN_signed_rate_f2_s314,58,0.038455852739681,0.027909168161244856,0.05273342289218072,0.039327392645499455,0.037334080785512924,0.00996655929993264,0.30225349797142875,0.22976360004395247
SNN_signed_rate,2,314,SNN_signed_rate_f2_s314,59,0.03519194669297072,0.026808614940899943,0.04191665876035388,0.03876295511419709,0.03682646527886391,0.009682449176665922,0.3021621286869049,0.23194060008972883
SNN_signed_rate,2,314,SNN_signed_rate_f2_s314,60,0.03471477875408497,0.02562759848208063,0.0454359013600217,0.03892435873557708,0.03701378405094147,0.009552873423178064,0.3017491592301263,0.23105560010299087
SNN_signed_rate,2,314,SNN_signed_rate_f2_s314,61,0.032383147246148734,0.025273559371837312,0.035547939371557126,0.0387273099917608,0.036896467208862305,0.009154213914492478,0.3023452089892493,0.22517230012454093
SNN_signed_rate,2,314,SNN_signed_rate_f2_s314,62,0.03404692395228311,0.02530121836397383,0.043728527941546406,0.038178568476548935,0.036389343440532684,0.008946125180081248,0.30239868561426797,0.22752230009064078
SNN_signed_rate,2,314,SNN_signed_rate_f2_s314,63,0.03323527916165962,0.025335777706156175,0.03949750727751723,0.0391708841772586,0.037409551441669464,0.008806663677945687,0.30201204816500343,0.2289245999418199
SNN_signed_rate,2,314,SNN_signed_rate_f2_s314,64,0.03172517092352306,0.024239887095366914,0.03742641914078077,0.0387229246776346,0.03706521540880203,0.008288546344162836,0.3025573319858975,0.23469959991052747
SNN_signed_rate,2,314,SNN_signed_rate_f2_s314,65,0.03260871406384305,0.024336871147776645,0.041359214580332086,0.03910389759246869,0.037423063069581985,0.008404172614433528,0.30249117745293513,0.23072250001132488
SNN_signed_rate,2,314,SNN_signed_rate_f2_s314,66,0.030582396771483857,0.022837400648535955,0.038724980614739515,0.0381175253547526,0.03648434579372406,0.00816589780514269,0.30246631701787313,0.23426509997807443
SNN_signed_rate,2,314,SNN_signed_rate_f2_s314,67,0.029976390433609258,0.022798315404603878,0.035890375145026895,0.03728926434512572,0.035697922110557556,0.007956711172840834,0.302402882443534,0.2303877999074757
SNN_signed_rate,2,314,SNN_signed_rate_f2_s314,68,0.03012130453032313,0.023017970860625306,0.03551666834848914,0.037878634707413546,0.03634888678789139,0.007648739597610778,0.3032020462883843,0.22962979995645583
SNN_signed_rate,2,314,SNN_signed_rate_f2_s314,69,0.030835135870994238,0.02214527661498222,0.043449296280060105,0.03651117097572482,0.0349261611700058,0.007925049028595112,0.302396872970793,0.23231400013901293
SNN_signed_rate,2,314,SNN_signed_rate_f2_s314,70,0.02842303812027396,0.021662280010059477,0.03380379055107239,0.038242715635386726,0.036698050796985626,0.007723324192005485,0.3025412579377492,0.22839179984293878
SNN_signed_rate,2,314,SNN_signed_rate_f2_s314,71,0.031134085678302708,0.02172147045429382,0.04706307612004445,0.03905100055043322,0.037462860345840454,0.00794070102296383,0.30229294101397197,0.23304249998182058
SNN_signed_rate,2,314,SNN_signed_rate_f2_s314,72,0.028893782757115204,0.02104421721564399,0.039247827707356076,0.03839359745681257,0.03687267377972603,0.007604618385432687,0.3023721204863654,0.228946499992162
SNN_signed_rate,2,314,SNN_signed_rate_f2_s314,73,0.028099525055029266,0.02159868126942052,0.0325042189280437,0.038087931697497746,0.036616601049900055,0.0073566532379884635,0.3029388043615553,0.22836740012280643
SNN_signed_rate,2,314,SNN_signed_rate_f2_s314,74,0.02713883865907709,0.02066195994719035,0.03238439355943372,0.03698688626820192,0.03555494174361229,0.0071597226229481664,0.30304697950681053,0.22750849998556077
SNN_signed_rate,2,314,SNN_signed_rate_f2_s314,75,0.028031170259420875,0.020069131617330843,0.03981019321045015,0.03881540611653542,0.0373949334025383,0.007102363569985595,0.3034165753258599,0.23595839994959533
SNN_signed_rate,2,314,SNN_signed_rate_f2_s314,76,0.026023188657412034,0.019485437326754132,0.03268875665328947,0.036712067823439,0.035281725227832794,0.007151712978031023,0.30294089449776546,0.2281684000045061
SNN_signed_rate,2,314,SNN_signed_rate_f2_s314,77,0.02717871366527361,0.019622842056883708,0.037779358041949526,0.038710415418773785,0.03732172027230263,0.006943475732355783,0.3029615037971073,0.22949560009874403
SNN_signed_rate,2,314,SNN_signed_rate_f2_s314,78,0.025756928909060138,0.019817255820251175,0.029698365444044836,0.038473250262282564,0.03709352761507034,0.006898613236061115,0.30333733095063103,0.22561989980749786
SNN_signed_rate,2,314,SNN_signed_rate_f2_s314,79,0.024252119853355254,0.018409648092670573,0.029212358803423412,0.03988812515683803,0.038547564297914505,0.0067028042946176295,0.30319187972280714,0.22750440007075667
SNN_signed_rate,2,314,SNN_signed_rate_f2_s314,80,0.024123674179541792,0.01843552227752904,0.028440759510063727,0.03798521369229636,0.03671267256140709,0.006362705654446358,0.30372218158509995,0.2331421000417322
SNN_signed_rate,2,314,SNN_signed_rate_f2_s314,81,0.023371284518480587,0.017802741854555076,0.027842713319627583,0.03724376260876983,0.03603829815983772,0.006027322244660566,0.3042812857362959,0.23238309985026717
SNN_signed_rate,2,314,SNN_signed_rate_f2_s314,82,0.024671395554105417,0.0191056199837476,0.02782887785178907,0.036666570534239926,0.035455651581287384,0.006054594764762717,0.3040653136041429,0.25262250006198883
SNN_signed_rate,2,314,SNN_signed_rate_f2_s314,83,0.023848472705382248,0.01753471620484359,0.03156878250269331,0.03938120368633818,0.03816080838441849,0.00610197650959844,0.30457317895359465,0.24609290016815066
SNN_signed_rate,2,314,SNN_signed_rate_f2_s314,84,0.024212051451366144,0.0170140468981117,0.03599002276627221,0.039732629984790026,0.0385085754096508,0.006120272875696116,0.3045182175106472,0.23195910011418164
SNN_signed_rate,2,2718,SNN_signed_rate_f2_s2718,1,0.6298064183394754,0.5054739991823832,0.6216620957854608,0.36292222601062846,0.26041996479034424,0.5125113061014211,0.25224898755550385,0.23486740002408624
SNN_signed_rate,2,2718,SNN_signed_rate_f2_s2718,2,0.3436075201977481,0.24530748128890992,0.491500194544191,0.18858857053443323,0.10753094404935837,0.4052881324253742,0.25507005121972826,0.23088300018571317
SNN_signed_rate,2,2718,SNN_signed_rate_f2_s2718,3,0.24977090895090306,0.16663571898308066,0.4156759498391123,0.13828190552363606,0.0738121047616005,0.32234900381017784,0.2600176652272542,0.2281708000227809
SNN_signed_rate,2,2718,SNN_signed_rate_f2_s2718,4,0.2118074757449612,0.14267770362397034,0.34564886060495426,0.11892156101903825,0.06605032086372375,0.2643562007765725,0.26300805045498743,0.22665670001879334
SNN_signed_rate,2,2718,SNN_signed_rate_f2_s2718,5,0.18464107490614906,0.12880303056703674,0.27919022169556157,0.10742036092768675,0.06404653191566467,0.2168691450601104,0.26503222485383354,0.23030369984917343
SNN_signed_rate,2,2718,SNN_signed_rate_f2_s2718,6,0.16470825073988313,0.11708915618558725,0.23809547277147938,0.09861280791883198,0.06279044598340988,0.17911180967711052,0.26776509947246974,0.2311599999666214
SNN_signed_rate,2,2718,SNN_signed_rate_f2_s2718,7,0.15448684036042074,0.11172558717015717,0.21380626595131777,0.08980573861666445,0.059527765959501266,0.15138986328581594,0.2698126706812117,0.22621620004065335
SNN_signed_rate,2,2718,SNN_signed_rate_f2_s2718,8,0.14131752467271613,0.10196249282194508,0.19677515925385514,0.08405322198410455,0.058147817850112915,0.12952702066995814,0.2720963415172365,0.23444520006887615
SNN_signed_rate,2,2718,SNN_signed_rate_f2_s2718,9,0.1341832730618636,0.09886681462327639,0.17658229219293597,0.0799462237612069,0.057490039616823196,0.11228092072191853,0.27395753297540876,0.22852190001867712
SNN_signed_rate,2,2718,SNN_signed_rate_f2_s2718,10,0.12793069427537124,0.09634317484580808,0.1579375971478158,0.07476848942491243,0.055002182722091675,0.09883153351410379,0.2758544302648968,0.23099810001440346
SNN_signed_rate,2,2718,SNN_signed_rate_f2_s2718,11,0.11717172913824683,0.08781968456589513,0.14676022286175858,0.07116125137269871,0.053628504276275635,0.08766373548211541,0.277436422308286,0.23498870013281703
SNN_signed_rate,2,2718,SNN_signed_rate_f2_s2718,12,0.11288688852072083,0.08705250754331549,0.12917190488702684,0.0692118291563864,0.053622618317604065,0.07794605419391168,0.2788987418015798,0.23170220013707876
SNN_signed_rate,2,2718,SNN_signed_rate_f2_s2718,13,0.11286820124273254,0.08485409944421715,0.14007050899257692,0.06634738588108206,0.05218513682484627,0.07081124528117899,0.2807335065470801,0.25445520016364753
SNN_signed_rate,2,2718,SNN_signed_rate_f2_s2718,14,0.10279663815821903,0.07861520660420258,0.12090715777008226,0.06415721677536579,0.051182545721530914,0.06487335526917434,0.28139955633216435,0.23522090003825724
SNN_signed_rate,2,2718,SNN_signed_rate_f2_s2718,15,0.09940255629768545,0.07689739600237873,0.1125258014765335,0.06147667593164545,0.04973277077078819,0.05871952580428629,0.2827912744548586,0.22949230019003153
SNN_signed_rate,2,2718,SNN_signed_rate_f2_s2718,16,0.09887485957914248,0.07553710023769074,0.11668879670725862,0.06069729341475188,0.049903109669685364,0.05397091872533256,0.2841681665844388,0.232049300102517
SNN_signed_rate,2,2718,SNN_signed_rate_f2_s2718,17,0.09162237591792749,0.07255509721322193,0.09533639352352788,0.05859019737245527,0.0486728698015213,0.04958663785466983,0.2857438584168752,0.23382319998927414
SNN_signed_rate,2,2718,SNN_signed_rate_f2_s2718,18,0.08889598685922125,0.06973484717309475,0.09580569843063239,0.057421497835795275,0.048294734209775925,0.045633818130096745,0.28659067352612816,0.22806150000542402
SNN_signed_rate,2,2718,SNN_signed_rate_f2_s2718,19,0.08576889279455599,0.06828262456175353,0.08743134116401231,0.05391124960702827,0.0455213226377964,0.041949634846159316,0.28739130894343057,0.22987530007958412
SNN_signed_rate,2,2718,SNN_signed_rate_f2_s2718,20,0.08913394152566947,0.06930355733881394,0.09915192093427763,0.05706080797714117,0.049180369824171066,0.03940219076485051,0.2881560385227203,0.23148810002021492
SNN_signed_rate,2,2718,SNN_signed_rate_f2_s2718,21,0.08329474797151884,0.06674357665081819,0.08275585660350329,0.05422267153372977,0.04689275473356247,0.036649584000836476,0.2894043154186673,0.23689729999750853
SNN_signed_rate,2,2718,SNN_signed_rate_f2_s2718,22,0.08046265469354133,0.062494129346062736,0.08984262673739288,0.05107871263610117,0.04409192502498627,0.03493393805557452,0.289757325914171,0.23179919994436204
SNN_signed_rate,2,2718,SNN_signed_rate_f2_s2718,23,0.07995069406410109,0.05931390999919838,0.10318392032451354,0.05076819548810944,0.04404748976230621,0.03360352862901611,0.29038306143548753,0.22765809996053576
SNN_signed_rate,2,2718,SNN_signed_rate_f2_s2718,24,0.07882670120721201,0.05901490753102634,0.0990589683809284,0.049339136540151714,0.04299977421760559,0.0316968116127306,0.2909993794229295,0.22866949997842312
SNN_signed_rate,2,2718,SNN_signed_rate_f2_s2718,25,0.07501324964302854,0.0568021093805631,0.09105570131232725,0.04919579154155774,0.04309391602873802,0.03050937756409857,0.2914520078235202,0.22919830004684627
SNN_signed_rate,2,2718,SNN_signed_rate_f2_s2718,26,0.06985737483378834,0.055614546479450334,0.07121414177169008,0.046892029779564894,0.04117399826645851,0.02859015756553191,0.29207516511281334,0.23043490014970303
SNN_signed_rate,2,2718,SNN_signed_rate_f2_s2718,27,0.07062425559806652,0.05364255818227927,0.08490848707893629,0.04565841637715791,0.04014284163713455,0.02757787370011679,0.29296306901507907,0.2288001999258995
SNN_signed_rate,2,2718,SNN_signed_rate_f2_s2718,28,0.06965075571230596,0.05248180724059542,0.08584474235855268,0.04666252244858411,0.04140234366059303,0.026300893939955383,0.29312665661176046,0.22830710001289845
SNN_signed_rate,2,2718,SNN_signed_rate_f2_s2718,29,0.06444708376448371,0.05049458600373732,0.06976248880373198,0.0465133906041313,0.04149577021598816,0.025088101940715694,0.29378635353512234,0.2293662999290973
SNN_signed_rate,2,2718,SNN_signed_rate_f2_s2718,30,0.06230956126990954,0.04946845563956433,0.06420552815172602,0.04474049603291231,0.040026988834142685,0.023567535993848115,0.29459710121154786,0.23263819981366396
SNN_signed_rate,2,2718,SNN_signed_rate_f2_s2718,31,0.06432283369349408,0.05031863292679191,0.07002100383351093,0.04420946128765976,0.03964420408010483,0.022826286037774673,0.29507025877634685,0.2342408001422882
SNN_signed_rate,2,2718,SNN_signed_rate_f2_s2718,32,0.06564848511332368,0.048763400895728004,0.08442542108797835,0.04282817355614835,0.038462646305561066,0.02182763625293642,0.2955157690578037,0.25083700008690357
SNN_signed_rate,2,2718,SNN_signed_rate_f2_s2718,33,0.060435714793615335,0.04673016198600332,0.0685277640380601,0.04182774722816294,0.037589967250823975,0.021188899886694815,0.295948021279441,0.24553570011630654
SNN_signed_rate,2,2718,SNN_signed_rate_f2_s2718,34,0.058827968487138865,0.0469891913028227,0.05919388592158082,0.04213904983284971,0.038099925965070724,0.020195619338894927,0.296376856830385,0.23685039998963475
SNN_signed_rate,2,2718,SNN_signed_rate_f2_s2718,35,0.06336943143500055,0.04551947449023525,0.08924978472382657,0.040553692708570954,0.03658829629421234,0.01982698207179307,0.2965535296334161,0.2299736998975277
SNN_signed_rate,2,2718,SNN_signed_rate_f2_s2718,36,0.055397682870112736,0.04339165339867274,0.06003014735719995,0.040174087828856966,0.03640741482377052,0.018833365025432227,0.2969871772660149,0.23095709993503988
SNN_signed_rate,2,2718,SNN_signed_rate_f2_s2718,37,0.05344021358957735,0.04172678291797638,0.05856715335800485,0.04072394708903659,0.03716213256120682,0.017809072639148847,0.2975605401727888,0.23024820000864565
SNN_signed_rate,2,2718,SNN_signed_rate_f2_s2718,38,0.05302153946853737,0.03993986886408594,0.06540835302225713,0.03910290824597901,0.035640351474285126,0.0173127838584694,0.29763921830389234,0.22807330009527504
SNN_signed_rate,2,2718,SNN_signed_rate_f2_s2718,39,0.053168962022790804,0.039533270719564625,0.06817845651613094,0.03843504961707436,0.035088833421468735,0.016731080978028126,0.29795913497606913,0.22763879992999136
SNN_signed_rate,2,2718,SNN_signed_rate_f2_s2718,40,0.04978014896000202,0.03859262669252025,0.05593761133740886,0.03934801106858096,0.036091871559619904,0.01628069754480531,0.29856008026334974,0.23248260002583265
SNN_signed_rate,2,2718,SNN_signed_rate_f2_s2718,41,0.05268313002082507,0.0382587198788921,0.0721220507096649,0.03838010013200132,0.03516143187880516,0.016093341265980787,0.2985310137271881,0.2316781000699848
SNN_signed_rate,2,2718,SNN_signed_rate_f2_s2718,42,0.04730121215604965,0.0376420268168052,0.04829592669622221,0.038651972439084435,0.03565610200166702,0.014979352187087068,0.298964790503184,0.2324424998369068
SNN_signed_rate,2,2718,SNN_signed_rate_f2_s2718,43,0.050742977968802255,0.03663793218115138,0.07052522893825437,0.03689901482909859,0.033924736082553864,0.014871393732723644,0.2992551028728485,0.23090439988300204
SNN_signed_rate,2,2718,SNN_signed_rate_f2_s2718,44,0.050008814435428865,0.03685528439366155,0.06576765020883663,0.036857949489370316,0.033892154693603516,0.014828973978834004,0.2992638879352146,0.2312620000448078
SNN_signed_rate,2,2718,SNN_signed_rate_f2_s2718,45,0.046687759772954085,0.03565450724110835,0.05516626265922861,0.037237599726075175,0.03439159691333771,0.014230014063687351,0.2995813488960266,0.23279310017824173
SNN_signed_rate,2,2718,SNN_signed_rate_f2_s2718,46,0.04567640530985451,0.03427352648642328,0.057014394117156114,0.03686256191570242,0.03411247581243515,0.013750430516336325,0.3000027490986718,0.23399279988370836
SNN_signed_rate,2,2718,SNN_signed_rate_f2_s2718,47,0.046963963701709806,0.03309661319168906,0.06933675255010377,0.03719426924850405,0.03442799299955368,0.013831381244751854,0.30030378169483607,0.22919119987636805
SNN_signed_rate,2,2718,SNN_signed_rate_f2_s2718,48,0.04366612911408532,0.033509189159505896,0.05078469977289708,0.03603292430685862,0.033408768475055695,0.013120779159014644,0.30015021165211997,0.22904419992119074
SNN_signed_rate,2,2718,SNN_signed_rate_f2_s2718,49,0.04327217660890852,0.03347056051716209,0.049008080458732194,0.0389009608016364,0.0364283062517643,0.012363272749360521,0.3006085733572642,0.22868289984762669
SNN_signed_rate,2,2718,SNN_signed_rate_f2_s2718,50,0.040283878835090624,0.030586293890761833,0.048487924721643996,0.03547634428200083,0.03311130404472351,0.011825201186386624,0.3007685071892209,0.2306351000443101
SNN_signed_rate,2,2718,SNN_signed_rate_f2_s2718,51,0.04211342889163162,0.030755704046330518,0.05678862422650551,0.035841917634265114,0.03349959850311279,0.011711595655761589,0.3009560849931505,0.2385080000385642
SNN_signed_rate,2,2718,SNN_signed_rate_f2_s2718,52,0.041095048567292215,0.02977017033327785,0.05662439117007186,0.03650983813220969,0.03425171598792076,0.011290610721444641,0.3011866827805837,0.22834010003134608
SNN_signed_rate,2,2718,SNN_signed_rate_f2_s2718,53,0.037061279982272675,0.0287143445159826,0.04173467733145035,0.03586778763109824,0.033712200820446014,0.010777934053261126,0.30133009685410395,0.2310609999112785
SNN_signed_rate,2,2718,SNN_signed_rate_f2_s2718,54,0.037162252466731056,0.028701378006695047,0.04230437230018,0.03527878716269526,0.03319660574197769,0.010410907103587821,0.30153432687123616,0.22571229981258512
SNN_signed_rate,2,2718,SNN_signed_rate_f2_s2718,55,0.04046306199067824,0.027794840931892394,0.06334110529392922,0.035502987475692346,0.03336872532963753,0.0106713107302741,0.30163972907596165,0.23076070006936789
SNN_signed_rate,2,2718,SNN_signed_rate_f2_s2718,56,0.03579590120093749,0.02770990350594123,0.04042998847498126,0.035576558631446514,0.033538054674863815,0.010192519782913509,0.3017136474450429,0.2278075001668185
SNN_signed_rate,2,2718,SNN_signed_rate_f2_s2718,57,0.03692615861121111,0.02754826519327859,0.04688946708966257,0.03568788186417096,0.03369705006480217,0.00995415899684395,0.3019645419385698,0.22815280011855066
SNN_signed_rate,2,2718,SNN_signed_rate_f2_s2718,58,0.0361374976641185,0.025733937755123608,0.05201779954497446,0.03507680557277962,0.03312825784087181,0.00974273865953902,0.30197170906596715,0.2281480000820011
SNN_signed_rate,2,2718,SNN_signed_rate_f2_s2718,59,0.03542771183728199,0.02503588374497162,0.05195914046155181,0.034197732162077575,0.03223269805312157,0.009825170544780052,0.30233506825235157,0.2316984001081437
SNN_signed_rate,2,2718,SNN_signed_rate_f2_s2718,60,0.03638954432169229,0.026696142207624184,0.0484670105703405,0.033615611652761654,0.03167189657688141,0.00971857537940121,0.30241646899117364,0.229065400082618
SNN_signed_rate,2,2718,SNN_signed_rate_f2_s2718,61,0.03297086727250195,0.025718635651800367,0.03626115810350795,0.034614890619970376,0.03280108422040939,0.009069031997804922,0.30242011282179093,0.22961769998073578
SNN_signed_rate,2,2718,SNN_signed_rate_f2_s2718,62,0.03302954492561,0.025006388241632118,0.0401157834198894,0.03429479479545189,0.032485779374837875,0.009045077103070048,0.30257270733515423,0.23127570003271103
SNN_signed_rate,2,2718,SNN_signed_rate_f2_s2718,63,0.03360678539799987,0.024561422820099526,0.045226812889501755,0.03316453015271782,0.031411729753017426,0.008764001998501983,0.3027670171525743,0.22928770002909005
SNN_signed_rate,2,2718,SNN_signed_rate_f2_s2718,64,0.03297714265242065,0.02509938557114866,0.03938878540636001,0.03302532302396908,0.031354837119579315,0.008352429521948819,0.3030447026093801,0.22872819984331727
SNN_signed_rate,2,2718,SNN_signed_rate_f2_s2718,65,0.03125320591269441,0.023249462865189547,0.040018715237524316,0.034571935496038216,0.03293527290225029,0.008183312968939612,0.3031953003671434,0.23008869984187186
SNN_signed_rate,2,2718,SNN_signed_rate_f2_s2718,66,0.03361841063856984,0.02251789356685347,0.05550258535858188,0.03356751074617635,0.03190680220723152,0.008303542694724136,0.30264948738945857,0.24319299985654652
SNN_signed_rate,2,2718,SNN_signed_rate_f2_s2718,67,0.029279651162943468,0.02275189784769383,0.03263876657624818,0.0335747755971355,0.032051146030426025,0.007618147833547378,0.30299140016237897,0.25022060004994273
SNN_signed_rate,2,2718,SNN_signed_rate_f2_s2718,68,0.030488095497788567,0.02224531105409066,0.04121392221848955,0.03393473578306902,0.0324447862803936,0.007449747513377096,0.30305714673466155,0.23137399996630847
SNN_signed_rate,2,2718,SNN_signed_rate_f2_s2718,69,0.029273145941780564,0.021605278805105224,0.03833933568337668,0.033857733451079654,0.03235653042793274,0.00750601511573457,0.3028801957766215,0.23720810003578663
SNN_signed_rate,2,2718,SNN_signed_rate_f2_s2718,70,0.027936502959164534,0.02081566077346603,0.03560421092849253,0.0315875679031732,0.030112072825431824,0.007377475388706866,0.3033669650554657,0.2360624000430107
SNN_signed_rate,2,2718,SNN_signed_rate_f2_s2718,71,0.031426290998645724,0.02169506529139148,0.04865612853627122,0.03430191171132599,0.032875508069992065,0.007132018206669633,0.30334510538313125,0.2372403999324888
SNN_signed_rate,2,2718,SNN_signed_rate_f2_s2718,72,0.02909417950114934,0.02177797430712316,0.036581025970130916,0.034148402904697006,0.032668955624103546,0.007397236402967283,0.30298175745540196,0.23615129990503192
SNN_signed_rate,2,2718,SNN_signed_rate_f2_s2718,73,0.026357495060579078,0.019583343160856102,0.033870759498614914,0.03423944983737171,0.032822638750076294,0.007084055436477095,0.303059395816591,0.2301310000475496
SNN_signed_rate,2,2718,SNN_signed_rate_f2_s2718,74,0.02774335155323435,0.02085106410086155,0.03446143726186401,0.032993274535738526,0.03160072863101959,0.006962729523594656,0.3028251263830397,0.23071599984541535
SNN_signed_rate,2,2718,SNN_signed_rate_f2_s2718,75,0.0274721150856474,0.019337316405855946,0.04067399339895725,0.031476535086985676,0.03008902259171009,0.006937562476377934,0.30303545859124925,0.23398060002364218
SNN_signed_rate,2,2718,SNN_signed_rate_f2_s2718,76,0.02737305808857326,0.01927684551725785,0.040481062856576995,0.033544168328707484,0.03218279033899307,0.006806889948572043,0.3032829443613688,0.22762669995427132
SNN_signed_rate,2,2718,SNN_signed_rate_f2_s2718,77,0.024777337005754987,0.019182947909252512,0.027971945482512348,0.03311242612151271,0.03180272504687309,0.006548505373198082,0.3034305685096317,0.22884090011939406
SNN_signed_rate,2,2718,SNN_signed_rate_f2_s2718,78,0.024407325985491893,0.018423383672618202,0.029919711564368453,0.03182791027402997,0.0305915717035532,0.006181692852383866,0.30336162381702,0.23448000010102987
SNN_signed_rate,2,2718,SNN_signed_rate_f2_s2718,79,0.024777514861672807,0.018099733768031,0.03338890546820901,0.03348727081488099,0.03225811943411827,0.006145756903813592,0.3032740440633562,0.2234814001712948
SNN_signed_rate,2,2718,SNN_signed_rate_f2_s2718,80,0.02563548994555764,0.01811032180622634,0.037625840696656525,0.034532374607693074,0.033312905579805374,0.006097345139438494,0.30323482288254633,0.2295460000168532
SNN_signed_rate,2,2718,SNN_signed_rate_f2_s2718,81,0.024439721561149104,0.017847314598556194,0.03296203481296456,0.033288870969874734,0.03206118941307068,0.0061384077840202795,0.3029779447449578,0.23346120002679527
SNN_signed_rate,2,2718,SNN_signed_rate_f2_s2718,82,0.02336910246379744,0.016924743711327513,0.032221793762349606,0.03389485629290451,0.032709501683712006,0.005926773045962506,0.3030890140268538,0.23445219988934696
SNN_signed_rate,2,2718,SNN_signed_rate_f2_s2718,83,0.025883640738552385,0.017619369241098564,0.04132135748726912,0.03408537942980952,0.03289163485169411,0.005968722890577068,0.3031008389261034,0.23120909999124706
SNN_signed_rate,2,2718,SNN_signed_rate_f2_s2718,84,0.024951104104826292,0.01861806642264128,0.03166518841092511,0.03363631373765196,0.03243934363126755,0.005984850531922062,0.30302231974071925,0.23123999987728894
SNN_signed_rate,2,2718,SNN_signed_rate_f2_s2718,85,0.024318017878824906,0.01715511328075081,0.03581452299037048,0.033294256843848714,0.032131701707839966,0.0058127756800437375,0.30315377513567604,0.2312864998821169
SNN_signed_rate,2,2718,SNN_signed_rate_f2_s2718,86,0.021611187420563314,0.015821151352590986,0.028950180339861648,0.03300991171275949,0.031865816563367844,0.0057204757469582505,0.3029302544063992,0.2261659000068903
SNN_signed_rate,2,2718,SNN_signed_rate_f2_s2718,87,0.02233921495300624,0.016687726798570817,0.028257440772177095,0.03269839354809234,0.031577788293361664,0.005603026273653405,0.30332474377420215,0.23154080007225275
SNN_signed_rate,2,2718,SNN_signed_rate_f2_s2718,88,0.022306740114718487,0.016172837080537444,0.030669515170905208,0.03454861480651354,0.03343372419476509,0.0055744530587422715,0.30328073766496444,0.2312159000430256
SNN_signed_rate,2,2718,SNN_signed_rate_f2_s2718,89,0.022438410097371672,0.01639147421034674,0.03023467943512467,0.03382808026675546,0.03275616094470024,0.005359596610276114,0.3032434622446696,0.23114839987829328
SNN_signed_rate,2,2718,SNN_signed_rate_f2_s2718,90,0.0218102224987158,0.015364927808857627,0.03222647344929086,0.0333562084626547,0.03231668099761009,0.0051976373252230436,0.3033543904622396,0.23216899996623397
SNN_signed_rate,3,42,SNN_signed_rate_f3_s42,1,0.4644123261707694,0.3360502767221381,0.6418102472431564,0.6101170014604083,0.5037674903869629,0.5317475553672268,0.251865504309535,0.26678499998524785
SNN_signed_rate,3,42,SNN_signed_rate_f3_s42,2,0.27224172504360633,0.1720306034743165,0.5010556078464491,0.43850231645617094,0.356898695230484,0.4080181061284347,0.2531190309673548,0.2566201000008732
SNN_signed_rate,3,42,SNN_signed_rate_f3_s42,3,0.2226675402049653,0.13962217420339584,0.4152268300078474,0.3613458756146566,0.29730281233787537,0.32021531638390616,0.2541502558936675,0.24630440003238618
SNN_signed_rate,3,42,SNN_signed_rate_f3_s42,4,0.18714109680214341,0.12007069471292198,0.33535201044610713,0.32318645335312157,0.2710358202457428,0.260753165536894,0.25565307556341094,0.24017040012404323
SNN_signed_rate,3,42,SNN_signed_rate_f3_s42,5,0.16889523465396872,0.11083234429437046,0.29031445179799126,0.29868284202128087,0.25533169507980347,0.21675573470738702,0.2580198850482702,0.23724279995076358
SNN_signed_rate,3,42,SNN_signed_rate_f3_s42,6,0.1497553344548996,0.09953344886889681,0.25110942793001395,0.28517809508450376,0.2484247237443924,0.18376685670055684,0.2611353909596801,0.23965579993091524
SNN_signed_rate,3,42,SNN_signed_rate_f3_s42,7,0.14109761781521726,0.09546913689700887,0.228142404591042,0.27567229486603595,0.24430839717388153,0.15681948846077207,0.26385809884717065,0.23649640008807182
SNN_signed_rate,3,42,SNN_signed_rate_f3_s42,8,0.12731358646973276,0.0883050753812616,0.1950425554423556,0.26040056574503956,0.23351237177848816,0.134440969832757,0.2644939503322045,0.23956719995476305
SNN_signed_rate,3,42,SNN_signed_rate_f3_s42,9,0.11973254687315989,0.08478242588656333,0.17475060493298278,0.2566659194858944,0.23344461619853973,0.11610651643677328,0.2686610237384836,0.23314919997937977
SNN_signed_rate,3,42,SNN_signed_rate_f3_s42,10,0.11345896611058943,0.0789592934306711,0.1724983633995917,0.24715634642473464,0.22660869359970093,0.1027382641251685,0.27087944963326055,0.23729550000280142
SNN_signed_rate,3,42,SNN_signed_rate_f3_s42,11,0.10914724747633943,0.07922727811577109,0.14959984680284172,0.24260803066510356,0.22444163262844086,0.0908319901833135,0.2726928712800145,0.24021700001321733
SNN_signed_rate,3,42,SNN_signed_rate_f3_s42,12,0.10710919274098414,0.07303869502114442,0.17035248859919858,0.24033049612944513,0.22346532344818115,0.08432586340631985,0.27513210754841566,0.2373178000561893
SNN_signed_rate,3,42,SNN_signed_rate_f3_s42,13,0.10408290312215651,0.070478932972037,0.16801985075059753,0.23663515167920002,0.22104927897453308,0.07792936352333464,0.2774150933449467,0.23989979992620647
SNN_signed_rate,3,42,SNN_signed_rate_f3_s42,14,0.0996041289929327,0.0700926961217192,0.1475571643560675,0.23817381296054982,0.22375522553920746,0.07209293710671177,0.27793633627394837,0.24218820012174547
SNN_signed_rate,3,42,SNN_signed_rate_f3_s42,15,0.09584464174502767,0.071468148031272,0.12188246856877838,0.22930403148462564,0.2160373479127884,0.06633341785918617,0.2797604709242781,0.24110069987364113
SNN_signed_rate,3,42,SNN_signed_rate_f3_s42,16,0.08773069270173299,0.06458897180467223,0.11570860448530373,0.2298403457359487,0.21765655279159546,0.06091896472176619,0.28241685529549915,0.23501399997621775
SNN_signed_rate,3,42,SNN_signed_rate_f3_s42,17,0.08859040573521837,0.06322551473082665,0.1268244550219586,0.22533874812588658,0.21394139528274536,0.05698676421570609,0.2831679942707221,0.243567300029099
SNN_signed_rate,3,42,SNN_signed_rate_f3_s42,18,0.09136749363806917,0.06628809210087638,0.12539700768596393,0.22464303469967753,0.21391229331493378,0.05365370692371877,0.28557902046789724,0.23615640006028116
SNN_signed_rate,3,42,SNN_signed_rate_f3_s42,19,0.08203389841725502,0.05941354916042959,0.11310174628412717,0.22268226307966166,0.21244168281555176,0.05120290132054953,0.2858660217995445,0.240436099935323
SNN_signed_rate,3,42,SNN_signed_rate_f3_s42,20,0.07994014834875678,0.05913316272199154,0.10403492813382614,0.21819929911690594,0.20858660340309143,0.04806347856907257,0.28728596959263086,0.23909759987145662
SNN_signed_rate,3,42,SNN_signed_rate_f3_s42,21,0.0795992381686464,0.058868203312158585,0.10365517428243909,0.21625561961502937,0.20721720159053802,0.04519209012245677,0.28890950543185073,0.2365647000260651
SNN_signed_rate,3,42,SNN_signed_rate_f3_s42,22,0.07606421097256442,0.056510785730400435,0.09776712621081995,0.21437640926408225,0.2058245837688446,0.04275912747618819,0.2901219359288613,0.2415132001042366
SNN_signed_rate,3,42,SNN_signed_rate_f3_s42,23,0.07765065621477096,0.05615463334834203,0.10748011433214465,0.21130349932733408,0.20328503847122192,0.04009230428056077,0.2902049434681733,0.24255550000816584
SNN_signed_rate,3,42,SNN_signed_rate_f3_s42,24,0.07164182444590504,0.052615890686865896,0.09512966879519574,0.21591519506419746,0.20821253955364227,0.0385132775527759,0.29127861745655537,0.23750060005113482
SNN_signed_rate,3,42,SNN_signed_rate_f3_s42,25,0.0719980238931488,0.052014428625019114,0.09991797634064843,0.21230378315292017,0.20491261780261993,0.03695582675150121,0.29099338098118704,0.2339741000905633
SNN_signed_rate,3,42,SNN_signed_rate_f3_s42,26,0.06898896634566477,0.05207776829289893,0.0845559902638292,0.20795472084816968,0.20097531378269196,0.03489703532738857,0.2914576567709446,0.23710699984803796
SNN_signed_rate,3,42,SNN_signed_rate_f3_s42,27,0.06768300727124611,0.04997191652849627,0.08855545371374922,0.20992708202259638,0.20326213538646698,0.03332473318064702,0.2945439995576938,0.23582040006294847
SNN_signed_rate,3,42,SNN_signed_rate_f3_s42,28,0.06818141482255485,0.0487350097973831,0.09723202512585871,0.2126003781186399,0.206200510263443,0.03199933927598462,0.29379204474389553,0.23916839994490147
SNN_signed_rate,3,42,SNN_signed_rate_f3_s42,29,0.06703021488358658,0.0490569583295534,0.08986628277016591,0.20608986523696485,0.1998537927865982,0.03118036225183322,0.29253634810447693,0.24112020013853908
SNN_signed_rate,3,42,SNN_signed_rate_f3_s42,30,0.06649298821476222,0.048460234325223915,0.09016376944769162,0.20847375958024542,0.20245657861232758,0.030085904839589207,0.2934890417382121,0.24043540004640818
SNN_signed_rate,3,42,SNN_signed_rate_f3_s42,31,0.0671699766518241,0.04946980086242547,0.08850087894699314,0.20466192800403754,0.19888347387313843,0.028892270654495573,0.2942955180381735,0.2381254001520574
SNN_signed_rate,3,42,SNN_signed_rate_f3_s42,32,0.0654555679649511,0.048909734236076474,0.08272916864437312,0.20147218273530873,0.19590029120445251,0.027859457654281043,0.29464830085635185,0.23891640012152493
SNN_signed_rate,3,42,SNN_signed_rate_f3_s42,33,0.061692619962573046,0.04502483061514795,0.08333894673712551,0.20562595326055147,0.20031753182411194,0.026542107182197603,0.29461561515927315,0.23500650003552437
SNN_signed_rate,3,42,SNN_signed_rate_f3_s42,34,0.06078504293687411,0.0448221671989207,0.07981437868976703,0.2034828779637175,0.19832934439182281,0.02576766785947348,0.29618896326671046,0.24664360005408525
SNN_signed_rate,3,42,SNN_signed_rate_f3_s42,35,0.06019572012432125,0.04411230355132526,0.08041708286497992,0.2050704852121065,0.20004601776599884,0.025122337230538316,0.29721761029213667,0.2622932998929173
SNN_signed_rate,3,42,SNN_signed_rate_f3_s42,36,0.060461381527057344,0.04657637090228187,0.06942505312387738,0.20347783959365257,0.19859342277050018,0.024422084115761914,0.2957495128115018,0.2450478000100702
SNN_signed_rate,3,42,SNN_signed_rate_f3_s42,37,0.06015802179701485,0.043907177963167975,0.08125421916923438,0.20473919176563926,0.1999749392271042,0.023821262692675323,0.2959411656484008,0.24015219998545945
SNN_signed_rate,3,42,SNN_signed_rate_f3_s42,38,0.05539977250477318,0.041952163597064406,0.06723804453854389,0.20181833042400016,0.19735103845596313,0.022336459840185147,0.29706841334700584,0.23826410016044974
SNN_signed_rate,3,42,SNN_signed_rate_f3_s42,39,0.057117336500622486,0.04344409474530645,0.06836620877658017,0.20037579172328934,0.1960352063179016,0.021702927026938674,0.29744547543426353,0.23807189986109734
SNN_signed_rate,3,42,SNN_signed_rate_f3_s42,40,0.05774262478144974,0.042862878365364544,0.074398732080426,0.19945985496181806,0.19517220556735992,0.021438246972290742,0.2971883149196704,0.23897979990579188
SNN_signed_rate,3,42,SNN_signed_rate_f3_s42,41,0.05968476134721209,0.04120372067942905,0.09240520333891517,0.20423577728684195,0.19992342591285706,0.02156175686992447,0.2964071997751792,0.23522390006110072
SNN_signed_rate,3,42,SNN_signed_rate_f3_s42,42,0.05376924866801904,0.039782923752985276,0.06993162457516881,0.2041614327691759,0.19979466497898102,0.02183383895097441,0.2973441584035754,0.2386529000941664
SNN_signed_rate,3,42,SNN_signed_rate_f3_s42,43,0.05438502520598241,0.041081798384160116,0.0665161341091115,0.2079357380799088,0.20381906628608704,0.020583358969108883,0.29721652654310066,0.2413083000574261
SNN_signed_rate,3,42,SNN_signed_rate_f3_s42,44,0.07245796865046912,0.05795194518092709,0.0725301173477101,0.2020899442570473,0.19799111783504486,0.02049413211001215,0.2962441671018799,0.2379236000124365
SNN_signed_rate,3,42,SNN_signed_rate_f3_s42,45,0.05216311254882621,0.0392459614862067,0.06458575531309756,0.20601162528333622,0.20210112631320953,0.01955249485063349,0.2980270714809497,0.237464000005275
SNN_signed_rate,3,42,SNN_signed_rate_f3_s42,46,0.05347123346847715,0.038595902660745196,0.0743766540386598,0.20972885239214428,0.20569828152656555,0.02015285432789367,0.29689656508465606,0.23591450019739568
SNN_signed_rate,3,42,SNN_signed_rate_f3_s42,47,0.04974316910491631,0.03653662576592372,0.06603271669496293,0.20031007538376444,0.19644607603549957,0.019319996741324306,0.2970347758382559,0.23689229995943606
SNN_signed_rate,3,42,SNN_signed_rate_f3_s42,48,0.04947133745054586,0.03684322191596342,0.06314057767291222,0.20477401962445216,0.2009827345609665,0.0189564253174284,0.2979939778645833,0.24136419990099967
SNN_signed_rate,3,42,SNN_signed_rate_f3_s42,49,0.052828509885824215,0.03864099407413354,0.0709375790584534,0.2039641707313266,0.20026327669620514,0.018504470175607336,0.2976675077031056,0.239387399982661
SNN_signed_rate,3,42,SNN_signed_rate_f3_s42,50,0.050129204032938725,0.037477885397189915,0.06325659317874406,0.21343307466709285,0.20972901582717896,0.018520294199569545,0.29743882703284424,0.2391056001652032
SNN_signed_rate,3,42,SNN_signed_rate_f3_s42,51,0.051100564288395524,0.03625605891769131,0.07422252685352104,0.21233369014738054,0.20863479375839233,0.01849448194494105,0.29706054739654064,0.2414400998968631
SNN_signed_rate,3,42,SNN_signed_rate_f3_s42,52,0.04908885681361885,0.034540799519163556,0.07274028647227648,0.21418711781509092,0.21033254265785217,0.019272875786193723,0.29764580478270847,0.23685329989530146
SNN_signed_rate,3,42,SNN_signed_rate_f3_s42,53,0.04422479614809669,0.0344501937070163,0.048873012205402,0.2111895413756328,0.20761807262897491,0.017857343733289465,0.2979608817646901,0.24029990006238222
SNN_signed_rate,3,42,SNN_signed_rate_f3_s42,54,0.048783904105380825,0.03715192707022652,0.058159885175771475,0.2161268035855998,0.21257418394088745,0.01776309822356173,0.2981197088956833,0.23804309987463057
SNN_signed_rate,3,42,SNN_signed_rate_f3_s42,55,0.04658755284498168,0.035993178957141936,0.05297186943919872,0.21322067438141565,0.209812194108963,0.01704240136226323,0.2975268547112743,0.24081509979441762
SNN_signed_rate,3,314,SNN_signed_rate_f3_s314,1,0.5775965394342387,0.4501744165706138,0.6371106143181243,0.7156792386897705,0.5992727875709534,0.5820322555940856,0.2712603099644184,0.24108770000748336
SNN_signed_rate,3,314,SNN_signed_rate_f3_s314,2,0.29851461937413376,0.19375165078478554,0.523814842946741,0.514754662077007,0.4197523593902588,0.4750115134337413,0.2744358985995253,0.23795649991370738
SNN_signed_rate,3,314,SNN_signed_rate_f3_s314,3,0.22489077885854614,0.1337923965184018,0.45549191170072173,0.4383377335281492,0.35896754264831543,0.39685095439916884,0.27895318002750474,0.23809099989011884
SNN_signed_rate,3,314,SNN_signed_rate_f3_s314,4,0.19059331205789998,0.1164357472055902,0.37078782426154877,0.4081345915175834,0.34118130803108215,0.3347664174325062,0.2803134508430958,0.24252690002322197
SNN_signed_rate,3,314,SNN_signed_rate_f3_s314,5,0.21552474120144072,0.14776269381400198,0.33881023693719375,0.3894119674239144,0.3322889506816864,0.2856150837111398,0.28157741855829954,0.24290909990668297
SNN_signed_rate,3,314,SNN_signed_rate_f3_s314,6,0.16174548757198073,0.10264628011888514,0.29549603726547796,0.37080071304298046,0.3215303122997284,0.24635200371626037,0.28289238829165697,0.23703600000590086
SNN_signed_rate,3,314,SNN_signed_rate_f3_s314,7,0.14485587112661436,0.09483012710309897,0.2501287201175768,0.3600521086306317,0.3172798752784729,0.213861166760794,0.28523220494389534,0.23679649992845953
SNN_signed_rate,3,314,SNN_signed_rate_f3_s314,8,0.1343152775331108,0.08832590916426852,0.2299468418442113,0.3493957527333273,0.3121036887168884,0.1864603200821944,0.28611043468117714,0.23417180008254945
SNN_signed_rate,3,314,SNN_signed_rate_f3_s314,9,0.12849102908057006,0.08799879871852075,0.20246115181024668,0.34101150757908444,0.30809661746025085,0.16457445059416803,0.28848334526022273,0.23731699981726706
SNN_signed_rate,3,314,SNN_signed_rate_f3_s314,10,0.12192775570988028,0.08233482351837058,0.19796466095754842,0.33406736554542804,0.3048376739025116,0.14614845821458214,0.28937404913206893,0.24295089999213815
SNN_signed_rate,3,314,SNN_signed_rate_f3_s314,11,0.11633328105565617,0.07962289499118924,0.1835519303223346,0.32540966905864344,0.29899999499320984,0.13204837032716793,0.2913057468831539,0.23691929993219674
SNN_signed_rate,3,314,SNN_signed_rate_f3_s314,12,0.11623482363968284,0.07664469734299928,0.1979506314834177,0.3213538709486712,0.2970128655433655,0.12170502702652847,0.29140720268090564,0.23976949998177588
SNN_signed_rate,3,314,SNN_signed_rate_f3_s314,13,0.11226705539331518,0.07678372844626817,0.17741663473523514,0.31173397952679005,0.28953513503074646,0.11099422248021798,0.29317857200900715,0.25679900008253753
SNN_signed_rate,3,314,SNN_signed_rate_f3_s314,14,0.10528855893773707,0.07340279658092186,0.159428811784076,0.3040382112389278,0.2834765315055847,0.10280839866671547,0.295111898953716,0.24945940007455647
SNN_signed_rate,3,314,SNN_signed_rate_f3_s314,15,0.10164451821185334,0.0723934752944236,0.1462552145871488,0.30689831864041917,0.2880081236362457,0.09445097502086709,0.297152370835344,0.24804350011982024
SNN_signed_rate,3,314,SNN_signed_rate_f3_s314,16,0.09931698817813402,0.06988298520445824,0.1471700148683789,0.2999395154999956,0.2823519706726074,0.08793772413694072,0.29747205786406994,0.2356558998581022
SNN_signed_rate,3,314,SNN_signed_rate_f3_s314,17,0.0959564411969618,0.06689463138657932,0.14530904905191244,0.2948724336131423,0.2782646119594574,0.08303910826842459,0.298591036349535,0.23915569996461272
SNN_signed_rate,3,314,SNN_signed_rate_f3_s314,18,0.09327434834991523,0.0679340005250803,0.12670173912417473,0.2961247042080376,0.2806757390499115,0.07724482579063038,0.30021362255016965,0.2433331001084298
SNN_signed_rate,3,314,SNN_signed_rate_f3_s314,19,0.08842599638357873,0.06329205738923822,0.1256696949717026,0.2877809990804244,0.2733033299446106,0.07238834567906909,0.3010496695836385,0.24687679996713996
SNN_signed_rate,3,314,SNN_signed_rate_f3_s314,20,0.08924175145119186,0.06424828632831729,0.12496732561437285,0.28666665114263223,0.27296319603919983,0.06851727551716211,0.30097534010807675,0.24444659985601902
SNN_signed_rate,3,314,SNN_signed_rate_f3_s314,21,0.08441664937493348,0.061569599109740615,0.11423525132596433,0.28731423684407564,0.2744608521461487,0.06426692348963481,0.3017325842132171,0.2436604998074472
SNN_signed_rate,3,314,SNN_signed_rate_f3_s314,22,0.0843657235694923,0.06234509037070287,0.11010316599394722,0.28625026136408294,0.2741459310054779,0.060521651793025294,0.30312472954392433,0.2404458001255989
SNN_signed_rate,3,314,SNN_signed_rate_f3_s314,23,0.08144920317262694,0.057849809381878003,0.11799696895374466,0.2814215021309847,0.26970893144607544,0.058562853424546285,0.3027304441978534,0.23490309994667768
SNN_signed_rate,3,314,SNN_signed_rate_f3_s314,24,0.08192949748093332,0.0589533302700147,0.11488083605459316,0.280143285998196,0.26911652088165283,0.05513382558271569,0.3039016406983137,0.23935390007682145
SNN_signed_rate,3,314,SNN_signed_rate_f3_s314,25,0.07914529311021852,0.0569103507878026,0.1111747116120796,0.2753814053687753,0.26459088921546936,0.053952580766529784,0.30435858728984994,0.23659549979493022
SNN_signed_rate,3,314,SNN_signed_rate_f3_s314,26,0.08045832137002625,0.05701985964939619,0.11719230860315029,0.27317788647013314,0.26273632049560547,0.05220782987263827,0.3041863329708576,0.2335462998598814
SNN_signed_rate,3,314,SNN_signed_rate_f3_s314,27,0.07681535281251615,0.054454628145322204,0.11180362333596976,0.27999004570544705,0.27002641558647156,0.04981815059487737,0.3044350855052471,0.23932109982706606
SNN_signed_rate,3,314,SNN_signed_rate_f3_s314,28,0.07653814966901577,0.05426775747522091,0.11135196096897426,0.2751067276416147,0.26530393958091736,0.049013940303486846,0.3056475166231394,0.24048679997213185
SNN_signed_rate,3,314,SNN_signed_rate_f3_s314,29,0.07471368023212392,0.05441614797261233,0.10148766129755789,0.27229753172944693,0.2630236744880676,0.04636928620689648,0.30538642158110935,0.2423994999844581
SNN_signed_rate,3,314,SNN_signed_rate_f3_s314,30,0.07190363574530524,0.05310915713198483,0.09397239306660206,0.27738145991948976,0.26862451434135437,0.04378472789067704,0.3047371432185173,0.23706030007451773
SNN_signed_rate,3,314,SNN_signed_rate_f3_s314,31,0.06838799551424334,0.0508316476480104,0.08778173933116462,0.2725094953703887,0.26416587829589844,0.04171808537245149,0.30634792645772296,0.23792249988764524
SNN_signed_rate,3,314,SNN_signed_rate_f3_s314,32,0.06896500240428034,0.051211247948231176,0.08876877228024578,0.2801257495063726,0.2721031904220581,0.04011279542157251,0.30626681881646317,0.23502900009043515
SNN_signed_rate,3,314,SNN_signed_rate_f3_s314,33,0.06912797886291755,0.05282199293045172,0.08152992966232916,0.28355280923179743,0.2758803367614746,0.03836236235161412,0.3074357081204653,0.24031489994376898
SNN_signed_rate,3,314,SNN_signed_rate_f3_s314,34,0.0645022018917414,0.04961246887493568,0.07444866508402857,0.2740611686577739,0.2668028771877289,0.036291457350225244,0.30797743052244186,0.23630460002459586
SNN_signed_rate,3,314,SNN_signed_rate_f3_s314,35,0.06625521410632748,0.04862284901901148,0.08816182543658002,0.2816283443513906,0.2745065987110138,0.03560872820188415,0.3072070311754942,0.2402274999767542
SNN_signed_rate,3,314,SNN_signed_rate_f3_s314,36,0.06707933022101277,0.049047940813276604,0.09015694703868078,0.2783013369498552,0.2714307904243469,0.034352732627541294,0.30708061903715134,0.23545609996654093
SNN_signed_rate,3,314,SNN_signed_rate_f3_s314,37,0.0650147200774258,0.04679878387833014,0.0910796809954783,0.2766836047336553,0.26969578862190247,0.03493908055876411,0.3072351062049468,0.2447752000298351
SNN_signed_rate,3,314,SNN_signed_rate_f3_s314,38,0.06305662384128329,0.04619526210202215,0.08430680869630575,0.2817832750040429,0.27485841512680054,0.034624299386211636,0.3079876011858384,0.23632499994710088
SNN_signed_rate,3,314,SNN_signed_rate_f3_s314,39,0.06337481864028056,0.04700720906839706,0.08183804785941752,0.2756982038734018,0.2692594826221466,0.03219360625627597,0.3087258568654458,0.23775809979997575
SNN_signed_rate,3,314,SNN_signed_rate_f3_s314,40,0.06137920458603655,0.044521545821529195,0.08428829382253683,0.28057551297020905,0.2740786075592041,0.03248452705502475,0.3079861116906007,0.23464239994063973
SNN_signed_rate,3,314,SNN_signed_rate_f3_s314,41,0.061128377129905764,0.044842744665705446,0.08142816232100161,0.2792731796103711,0.27295857667922974,0.03157301465570692,0.30849813111126423,0.2381553000304848
SNN_signed_rate,3,314,SNN_signed_rate_f3_s314,42,0.05997021033377242,0.04454964831044587,0.07710281011663274,0.2805364360841454,0.2743756175041199,0.030804092900127568,0.30798841764529544,0.2383138001896441
SNN_signed_rate,3,314,SNN_signed_rate_f3_s314,43,0.05772757034401648,0.04371810975135304,0.0700473029633172,0.28286760226807284,0.2770877480506897,0.028899271086915604,0.3085413947701454,0.24221120006404817
SNN_signed_rate,3,314,SNN_signed_rate_f3_s314,44,0.05846769983541985,0.04215269231644925,0.08157503759485298,0.2853863326836313,0.2797059714794159,0.02840180602107701,0.3095221631228924,0.24167419993318617
SNN_signed_rate,3,2718,SNN_signed_rate_f3_s2718,1,0.6530179932696462,0.5285178297199309,0.6225008177485765,0.8277081256373874,0.7234669923782349,0.5212056662957624,0.25107042118906975,0.24006340000778437
SNN_signed_rate,3,2718,SNN_signed_rate_f3_s2718,2,0.36210070179058956,0.26046276100290316,0.5081897039384318,0.45900895625540294,0.3767327070236206,0.4113812461589118,0.25558756353954476,0.2633298998698592
SNN_signed_rate,3,2718,SNN_signed_rate_f3_s2718,3,0.2387982286631846,0.15332178220463297,0.42738223229275835,0.34173665892590516,0.27598291635513306,0.32876871285386056,0.2591522882382075,0.24825339997187257
SNN_signed_rate,3,2718,SNN_signed_rate_f3_s2718,4,0.19645667223895447,0.1281848803628236,0.34135895938065425,0.31524432693543675,0.2618962824344635,0.26674022250486623,0.2628578009704749,0.23675459995865822
SNN_signed_rate,3,2718,SNN_signed_rate_f3_s2718,5,0.1747301172725549,0.1177235641128694,0.28503276579842757,0.2949553888267691,0.25071972608566284,0.2211783137055313,0.2665407992899418,0.2411538001615554
SNN_signed_rate,3,2718,SNN_signed_rate_f3_s2718,6,0.16571030832022227,0.11608806857839227,0.24811119870914988,0.2827788901872605,0.24547187983989716,0.18653505173681667,0.26831312477588654,0.23696109978482127
SNN_signed_rate,3,2718,SNN_signed_rate_f3_s2718,7,0.16163890199097045,0.1157979959777246,0.2292045300662294,0.2745609493717645,0.2426583617925644,0.1595129378960005,0.2717598481103778,0.23503779992461205
SNN_signed_rate,3,2718,SNN_signed_rate_f3_s2718,8,0.14349830638347771,0.10321416688384488,0.20142069749816427,0.2667505293030221,0.2389191836118698,0.13915672845576169,0.2745418297126889,0.2380652001593262
SNN_signed_rate,3,2718,SNN_signed_rate_f3_s2718,9,0.13619597734707842,0.09940552251646295,0.18395227415307733,0.2561350665560121,0.23130640387535095,0.12414331340330577,0.2764435488109787,0.23757959995418787
SNN_signed_rate,3,2718,SNN_signed_rate_f3_s2718,10,0.12758564892361116,0.08964742432969312,0.18969112296959026,0.25594989062456774,0.23370444774627686,0.11122721439145458,0.27908854248623055,0.24287379998713732
SNN_signed_rate,3,2718,SNN_signed_rate_f3_s2718,11,0.11867099635590454,0.0859447792172432,0.1636310856933067,0.24852493301971154,0.22829928994178772,0.10112821538961908,0.2802516014004747,0.23892790009267628
SNN_signed_rate,3,2718,SNN_signed_rate_f3_s2718,12,0.12011344662776204,0.08831687044585124,0.15898288090955404,0.24388521616540426,0.2254818081855774,0.0920170398991344,0.28249525278806686,0.242066599894315
SNN_signed_rate,3,2718,SNN_signed_rate_f3_s2718,13,0.11830407592208554,0.08412675196692969,0.1708866197757792,0.23949847513680939,0.22256579995155334,0.08466337592628018,0.28423556685447693,0.23852419992908835
SNN_signed_rate,3,2718,SNN_signed_rate_f3_s2718,14,0.10914462265543758,0.0810308445749494,0.14056889040244094,0.241279994278045,0.22556202113628387,0.07858986570880568,0.28572753941019374,0.2365274999756366
SNN_signed_rate,3,2718,SNN_signed_rate_f3_s2718,15,0.10086445040651353,0.07475654823550333,0.1305395108550509,0.23226822183941895,0.21771132946014404,0.07278446189637454,0.28794542017082375,0.2373127001337707
SNN_signed_rate,3,2718,SNN_signed_rate_f3_s2718,16,0.10479031903288671,0.08099213958485052,0.11899089724018101,0.23545120518806878,0.22186820209026337,0.06791501548902701,0.28981540352106094,0.23464180016890168
SNN_signed_rate,3,2718,SNN_signed_rate_f3_s2718,17,0.09940916646183534,0.07301868579816073,0.13195240331837307,0.23358023239569095,0.22082209587097168,0.06379068262359631,0.290277370562156,0.24031939986161888
SNN_signed_rate,3,2718,SNN_signed_rate_f3_s2718,18,0.0925816486804024,0.07005502519314177,0.11263311743630311,0.22402481562955856,0.21200214326381683,0.060113361828708606,0.2914206273853779,0.23720580013468862
SNN_signed_rate,3,2718,SNN_signed_rate_f3_s2718,19,0.09954366165347932,0.07219758505622546,0.13673038298626924,0.22760191482280925,0.2161438763141632,0.05729019254323024,0.29359415856500465,0.24429299985058606
SNN_signed_rate,3,2718,SNN_signed_rate_f3_s2718,20,0.08630622767931516,0.06554367239004932,0.10381277644632918,0.22503267365742077,0.21413986384868622,0.054464049043672726,0.29326700791716576,0.23655760008841753
SNN_signed_rate,3,2718,SNN_signed_rate_f3_s2718,21,0.08987379688444959,0.06626784697679493,0.11802974953827335,0.2210906517975993,0.21060244739055634,0.052441022035214786,0.29599907994270325,0.23517480003647506
SNN_signed_rate,3,2718,SNN_signed_rate_f3_s2718,22,0.08506554294906876,0.06343972579634283,0.10812908576362963,0.21862591350351537,0.2086399495601654,0.04992981971674979,0.2956896958251794,0.2366333999671042
SNN_signed_rate,3,2718,SNN_signed_rate_f3_s2718,23,0.08566034356369907,0.06414305447348549,0.10758644545106794,0.21646462063176217,0.20689384639263153,0.047853871195653236,0.2959701872120301,0.23783320002257824
SNN_signed_rate,3,2718,SNN_signed_rate_f3_s2718,24,0.08218264091316067,0.0610463744669687,0.10568133223095987,0.2188464705137618,0.20967911183834076,0.045836793377105174,0.2976666937271754,0.23636460001580417
SNN_signed_rate,3,2718,SNN_signed_rate_f3_s2718,25,0.08285850704505103,0.0615036137169227,0.10677446664064168,0.21994775814507977,0.2110602855682373,0.04443736288421231,0.2985249838481347,0.2377371999900788
SNN_signed_rate,3,2718,SNN_signed_rate_f3_s2718,26,0.08337282541051043,0.06395588915135401,0.09708468129578211,0.21118698140626785,0.20259875059127808,0.04294115407494886,0.2984852430721124,0.23878269991837442
SNN_signed_rate,3,2718,SNN_signed_rate_f3_s2718,27,0.07865318909665679,0.05774909650790505,0.10452046294375865,0.21303005371318906,0.2046305388212204,0.04199757445984338,0.299192030603687,0.23929219995625317
SNN_signed_rate,3,2718,SNN_signed_rate_f3_s2718,28,0.07439153352445961,0.056721303587134266,0.0883511496866267,0.21190215979752558,0.2038828432559967,0.0400965827076444,0.29947116288046044,0.23735569999553263
SNN_signed_rate,3,2718,SNN_signed_rate_f3_s2718,29,0.07559527160419714,0.05700002977391705,0.09297620915140038,0.2157430836679004,0.2079249918460846,0.039090459109078976,0.30051310174167156,0.2383272999431938
SNN_signed_rate,3,2718,SNN_signed_rate_f3_s2718,30,0.07078135370872446,0.05490223395948609,0.07939559874619187,0.21002015366620214,0.2025020569562912,0.03759048354955472,0.3009830756733815,0.2419665998313576
SNN_signed_rate,3,2718,SNN_signed_rate_f3_s2718,31,0.07258459406205882,0.055271925491979346,0.08656334285039734,0.2098975520520969,0.20254795253276825,0.036747997596643205,0.30222303854922455,0.244991899933666
SNN_signed_rate,3,2718,SNN_signed_rate_f3_s2718,32,0.06754911599528667,0.05171500501455739,0.07917055490364638,0.21296765499282627,0.20585621893405914,0.0355571802938357,0.3019567870845397,0.2409961000084877
SNN_signed_rate,3,2718,SNN_signed_rate_f3_s2718,33,0.06917954310768654,0.0505857873261751,0.09296877890755718,0.21244655491104758,0.20538552105426788,0.035305169283898555,0.3031194396317005,0.24837859999388456
SNN_signed_rate,3,2718,SNN_signed_rate_f3_s2718,34,0.06726069090122,0.05035244652632779,0.084541221874461,0.21014143409980637,0.2031933069229126,0.034740635884468844,0.3024061396718025,0.24828399997204542
SNN_signed_rate,3,2718,SNN_signed_rate_f3_s2718,35,0.0633175874738377,0.048759783239802346,0.07278902117017672,0.20979229516879824,0.20300544798374176,0.03393423592528246,0.30265720064441365,0.2628891000058502
SNN_signed_rate,3,2718,SNN_signed_rate_f3_s2718,36,0.06155807771023056,0.04735875566257164,0.07099661023829461,0.20906715618165314,0.20244549214839935,0.033108320166269,0.3038571507980426,0.25981950014829636
SNN_signed_rate,3,2718,SNN_signed_rate_f3_s2718,37,0.06387359375579299,0.04885816834090898,0.07507712707442,0.20834581981951944,0.20181766152381897,0.03264079147850239,0.3037349457542102,0.24601939995773137
SNN_signed_rate,3,2718,SNN_signed_rate_f3_s2718,38,0.06184736234622722,0.04705204220954329,0.07397660068341967,0.20911064929314216,0.20258180797100067,0.03264420661070742,0.30418755300343037,0.24644659995101392
SNN_signed_rate,3,2718,SNN_signed_rate_f3_s2718,39,0.061774218900551896,0.046859532232701895,0.07457343333924997,0.21013898261528427,0.20376992225646973,0.03184530179407272,0.30466023708383244,0.2453899998217821
SNN_signed_rate,3,2718,SNN_signed_rate_f3_s2718,40,0.059414340255467636,0.04572956697181022,0.06842386641828707,0.20832680993291708,0.20199839770793915,0.03164206112488964,0.30503214461108047,0.24389040004462004
SNN_signed_rate,3,2718,SNN_signed_rate_f3_s2718,41,0.05820797257382087,0.0444400414271513,0.06883965573334783,0.20471684363943016,0.19850972294807434,0.03103560345677905,0.3055319556345542,0.24183280020952225
SNN_signed_rate,3,2718,SNN_signed_rate_f3_s2718,42,0.06071611027363394,0.046108531663776375,0.0730378930492878,0.2076281274174217,0.20140191912651062,0.03113104145455543,0.30639987501005334,0.24002779996953905
SNN_signed_rate,3,2718,SNN_signed_rate_f3_s2718,43,0.05867420342649838,0.044693389097422674,0.06990407164537855,0.20714159788916023,0.20099572837352753,0.03072934757816347,0.30625989971061546,0.24468289990909398
SNN_signed_rate,3,2718,SNN_signed_rate_f3_s2718,44,0.0565074533677326,0.04304939006882099,0.06729031649455804,0.21001230893421585,0.2039140909910202,0.0304910897159782,0.30668782504896325,0.2372710001654923
SNN_signed_rate,3,2718,SNN_signed_rate_f3_s2718,45,0.05624733645831249,0.043428055811091326,0.06409640323610583,0.20586841547613488,0.19982898235321045,0.030197165614622202,0.30627956924339134,0.23878360004164279
SNN_signed_rate,3,2718,SNN_signed_rate_f3_s2718,46,0.05405411113905542,0.04096288748163109,0.06545611828712165,0.203145589050749,0.19720666110515594,0.029694639727965277,0.3063633901377519,0.23555270000360906
SNN_signed_rate,3,2718,SNN_signed_rate_f3_s2718,47,0.05381776759955953,0.03945795895803409,0.07179904320762717,0.2044524591975573,0.19835691154003143,0.030477738287629348,0.3064553489287694,0.23251529992558062
SNN_signed_rate,3,2718,SNN_signed_rate_f3_s2718,48,0.05239205055373919,0.03920933105594789,0.06591359748895648,0.20901047732700806,0.2029358148574829,0.030373312347625685,0.3078249755005042,0.23769500013440847
SNN_signed_rate,3,2718,SNN_signed_rate_f3_s2718,49,0.05802293924754522,0.04288770171115175,0.07567618768196734,0.2083167698168424,0.20219305157661438,0.030618591201140206,0.3077164726952712,0.23811410018242896
SNN_signed_rate,3,2718,SNN_signed_rate_f3_s2718,50,0.05430556877927011,0.040545665115738906,0.068799518317656,0.20882962567928692,0.2027556151151657,0.03037005282060606,0.3084342448661725,0.2389013001229614
SNN_signed_rate,3,2718,SNN_signed_rate_f3_s2718,51,0.051949254178022965,0.03845851600635797,0.06745369085832495,0.2081145890218238,0.2021348774433136,0.029898557892550987,0.30809611082077026,0.23622300010174513
SNN_signed_rate,3,2718,SNN_signed_rate_f3_s2718,52,0.050026761537151576,0.03812599759354877,0.059503819718014,0.20675179463422802,0.20079056918621063,0.029806127240086917,0.30778727245827514,0.24040190014056861
SNN_signed_rate,3,2718,SNN_signed_rate_f3_s2718,53,0.049800203147906084,0.03720036473653939,0.06299919205683348,0.20423374289786955,0.19832821190357208,0.029527654971487367,0.3082777224481106,0.2372793999966234
SNN_signed_rate,3,2718,SNN_signed_rate_f3_s2718,54,0.047908640663176266,0.03646757664682809,0.05720532008174086,0.20662329728924522,0.20064935088157654,0.02986973203834345,0.3092500828206539,0.24311519996263087
SNN_signed_rate,3,2718,SNN_signed_rate_f3_s2718,55,0.04795456377694642,0.03656317407633954,0.05695694850303442,0.20853021699121388,0.20270520448684692,0.029125062521834822,0.30876492025951546,0.23605680000036955
SNN_signed_rate,3,2718,SNN_signed_rate_f3_s2718,56,0.04572800717135131,0.034841085517352134,0.054434608269995875,0.2128143675754809,0.20708398520946503,0.028651911830079282,0.3088586423546076,0.23743429989553988
SNN_signed_rate,3,2718,SNN_signed_rate_f3_s2718,57,0.04681361431584167,0.03444664759445004,0.06183483360695815,0.20605567604018546,0.20024359226226807,0.029060418889586926,0.3092527948319912,0.23665139987133443
SNN_signed_rate,3,2718,SNN_signed_rate_f3_s2718,58,0.044549850846454055,0.03552552065229975,0.04512165097077154,0.2123541601239989,0.2066076695919037,0.028732452660476138,0.31033175997436047,0.24069310002960265
SNN_signed_rate,3,2718,SNN_signed_rate_f3_s2718,59,0.04558113230926389,0.03475412875316882,0.05413501778047536,0.2118792487875743,0.20606012642383575,0.029095611818692697,0.31029947971304256,0.2364085998851806
SNN_signed_rate,3,2718,SNN_signed_rate_f3_s2718,60,0.04277560999828112,0.032900314841147825,0.04937647578566646,0.2125532399102022,0.20679812133312225,0.028775592885399676,0.3099476459125678,0.23515200009569526
SNN_signed_rate,3,2718,SNN_signed_rate_f3_s2718,61,0.044011869555418165,0.0326423245035888,0.056847725259146824,0.21125085036867042,0.20517542958259583,0.030377103930372892,0.31060831621289253,0.23860210017301142
SNN_signed_rate,4,42,SNN_signed_rate_f4_s42,1,0.4546658062602757,0.3243945286764453,0.6513563879191518,0.27445771242891037,0.1741522252559662,0.501527435864721,0.2565265577286482,0.23724750010296702
SNN_signed_rate,4,42,SNN_signed_rate_f4_s42,2,0.2566195638665943,0.16065653401892632,0.47981514923833996,0.20425914469219392,0.12751610577106476,0.3837151946056457,0.2567226843287547,0.23439670004881918
SNN_signed_rate,4,42,SNN_signed_rate_f4_s42,3,0.20491014345538838,0.1256973159421856,0.3960641375660139,0.17117681964522316,0.11169478297233582,0.29741018336443675,0.2600667305911581,0.23596780002117157
SNN_signed_rate,4,42,SNN_signed_rate_f4_s42,4,0.16741028212436956,0.10851552112338443,0.29447380500492554,0.15161452466533298,0.10409607738256454,0.23759223641384217,0.2600889742995302,0.2352468001190573
SNN_signed_rate,4,42,SNN_signed_rate_f4_s42,5,0.14369868976756742,0.09605680563254282,0.238209420675123,0.13750113710051493,0.09871498495340347,0.1939307607355572,0.2627572976052761,0.2388641000725329
SNN_signed_rate,4,42,SNN_signed_rate_f4_s42,6,0.1337765565562211,0.09013954666443169,0.218185049458947,0.12681412266833442,0.09450137615203857,0.1615637325814792,0.26562594808638096,0.24429819989018142
SNN_signed_rate,4,42,SNN_signed_rate_f4_s42,7,0.11599535814573113,0.08027073948566492,0.17862309330033108,0.11855662291958219,0.09099826961755753,0.1377917665101233,0.2695456255848209,0.25824150000698864
SNN_signed_rate,4,42,SNN_signed_rate_f4_s42,8,0.10588258649212996,0.07518093464508031,0.15350825923524825,0.11276760110897677,0.08962331712245941,0.1157214199325868,0.27088867127895355,0.25281189987435937
SNN_signed_rate,4,42,SNN_signed_rate_f4_s42,9,0.10029168994673143,0.07219859701581299,0.1404654646545922,0.10825048968550705,0.08812712877988815,0.10061680452809448,0.2747094727431734,0.23916350002400577
SNN_signed_rate,4,42,SNN_signed_rate_f4_s42,10,0.09221931885882317,0.06647161638829857,0.12873851235262299,0.10524545064994267,0.08776967227458954,0.08737889187676566,0.2772056733568509,0.24084799992851913
SNN_signed_rate,4,42,SNN_signed_rate_f4_s42,11,0.08509870760798784,0.06236459588399157,0.11367055861998139,0.10060289887445314,0.08483412861824036,0.0788438512810639,0.278556448717912,0.24101489991880953
SNN_signed_rate,4,42,SNN_signed_rate_f4_s42,12,0.07925646567857997,0.059577048843493685,0.09839708417543142,0.09873394338325375,0.0845484808087349,0.07092731287259431,0.2804654935995738,0.23869060003198683
SNN_signed_rate,4,42,SNN_signed_rate_f4_s42,13,0.0745883625241785,0.05601329209942681,0.09287535212375837,0.09801614494639493,0.08497566729784012,0.06520238824277406,0.2841680214429895,0.24048230005428195
SNN_signed_rate,4,42,SNN_signed_rate_f4_s42,14,0.07134824851947504,0.055266270598319046,0.08040988960577997,0.09680828901007771,0.0850282609462738,0.05890014031901956,0.2855060479293267,0.23486669990234077
SNN_signed_rate,4,42,SNN_signed_rate_f4_s42,15,0.0698262230124025,0.05442218076010855,0.07702021126146975,0.09548827990978247,0.08482861518859863,0.05329832360591917,0.287848851022621,0.23973169992677867
SNN_signed_rate,4,42,SNN_signed_rate_f4_s42,16,0.06687010399590908,0.05159601603130189,0.07637043982303587,0.0950163949254368,0.08512389659881592,0.04946249163310443,0.29026285745203495,0.23862709989771247
SNN_signed_rate,4,42,SNN_signed_rate_f4_s42,17,0.060217447725924696,0.04677541897399351,0.06721014375965592,0.09351178872044243,0.08417674154043198,0.046675235900052243,0.29006347836305696,0.23723559989593923
SNN_signed_rate,4,42,SNN_signed_rate_f4_s42,18,0.05917472035972212,0.04546465251284341,0.0685503392343935,0.09411649949538212,0.08513209223747253,0.04492203628954788,0.29318413479874533,0.2407897999510169
SNN_signed_rate,4,42,SNN_signed_rate_f4_s42,19,0.05552954238259231,0.042766024358570576,0.0638175901201087,0.09237873894517265,0.08383119106292725,0.04273773941122705,0.29329874614874524,0.2373881998937577
SNN_signed_rate,4,42,SNN_signed_rate_f4_s42,20,0.0516486344258927,0.03990690966505402,0.05870862380419339,0.0918318001868292,0.08368387073278427,0.04073964727022463,0.295163302992781,0.2379577998071909
SNN_signed_rate,4,42,SNN_signed_rate_f4_s42,21,0.051848382484996236,0.03977872603960956,0.06034828222693337,0.09154247188896296,0.08353493362665176,0.04003769131155596,0.29604044556617737,0.24071749998256564
SNN_signed_rate,4,42,SNN_signed_rate_f4_s42,22,0.049781713544506535,0.03889741992073444,0.05442146811886047,0.09152561164505425,0.08362147957086563,0.039520660370943095,0.2977589226017396,0.2356050000526011
SNN_signed_rate,4,42,SNN_signed_rate_f4_s42,23,0.04768959006229164,0.03689270651860473,0.053984417718434576,0.0890654632469107,0.08149063587188721,0.03787413687511746,0.29756903865685064,0.24183830013498664
SNN_signed_rate,4,42,SNN_signed_rate_f4_s42,24,0.04679888707886783,0.03514452387268344,0.05827181603092193,0.08982669654191427,0.08229683339595795,0.037649315729781634,0.2989392103627324,0.24078680016100407
SNN_signed_rate,4,42,SNN_signed_rate_f4_s42,25,0.04243458404869239,0.03446284097420479,0.03985871537243803,0.08792630014830224,0.08079525828361511,0.03565520932343567,0.2997242559989293,0.23954039998352528
SNN_signed_rate,4,42,SNN_signed_rate_f4_s42,26,0.04460697636084421,0.03360565811453853,0.0550065912315284,0.08733549258427784,0.08023634552955627,0.03549573527360778,0.30011935780445737,0.24285230017267168
SNN_signed_rate,4,42,SNN_signed_rate_f4_s42,27,0.04145713768561313,0.032242677708078794,0.04607229988767167,0.09109704193947393,0.08408893644809723,0.03504052745688352,0.301564942424496,0.24114310019649565
SNN_signed_rate,4,42,SNN_signed_rate_f4_s42,28,0.038992362487075376,0.03101587397395633,0.039882442565595186,0.08786400371630276,0.08117834478616714,0.03342829465067813,0.3015127219259739,0.24089359981007874
SNN_signed_rate,4,42,SNN_signed_rate_f4_s42,29,0.039385483133250666,0.029712739638246905,0.048363717475018796,0.08733889725857548,0.08056798577308655,0.03385455742744463,0.3025569673627615,0.24009489989839494
SNN_signed_rate,4,42,SNN_signed_rate_f4_s42,30,0.036375620980681006,0.02894739807622197,0.037141114522295196,0.08723032579202915,0.08080354332923889,0.03213391231395127,0.3031275762865941,0.23592979996465147
SNN_signed_rate,4,42,SNN_signed_rate_f4_s42,31,0.035812392518802874,0.028472284393501468,0.036700540626507024,0.085094090366093,0.07906593382358551,0.03014078271253744,0.30508924772342044,0.2390135999303311
SNN_signed_rate,4,42,SNN_signed_rate_f4_s42,32,0.03668105552188265,0.027397072947981844,0.04641991286950405,0.08833157202140206,0.0819045752286911,0.03213498396355481,0.3048265253504117,0.24087550002150238
SNN_signed_rate,4,42,SNN_signed_rate_f4_s42,33,0.0331954138652612,0.026806799457214463,0.03194307204023372,0.0855672675684937,0.07947435975074768,0.030464539088730123,0.3050037994980812,0.23716949997469783
SNN_signed_rate,4,42,SNN_signed_rate_f4_s42,34,0.03403729992238677,0.027270368295527685,0.03383465813429542,0.08506982408552652,0.07911743223667145,0.029761959244275375,0.3068425841629505,0.23813389986753464
SNN_signed_rate,4,42,SNN_signed_rate_f4_s42,35,0.03217208540085657,0.02538806808782586,0.03392008656515356,0.08534536096134356,0.07951293140649796,0.02916214777422803,0.30778482804695767,0.23683089995756745
SNN_signed_rate,4,42,SNN_signed_rate_f4_s42,36,0.030904580703438086,0.024894856750809897,0.030048619763140928,0.08361538132530681,0.07776327431201935,0.029260535066437332,0.3077368165055911,0.23875069990754128
SNN_signed_rate,4,42,SNN_signed_rate_f4_s42,37,0.030180465136005058,0.024081080104224384,0.03049692515890337,0.08319835537556736,0.07762520015239716,0.027865776115851032,0.3074376055349906,0.23526350012980402
SNN_signed_rate,4,42,SNN_signed_rate_f4_s42,38,0.03269391115404652,0.023405330435101252,0.046442903594726324,0.08432000235765286,0.07804237306118011,0.031388146482363696,0.3076295293867588,0.24317089980468154
SNN_signed_rate,4,42,SNN_signed_rate_f4_s42,39,0.03107967127436358,0.02456826553194939,0.032557028712070946,0.08505086300683962,0.0790504515171051,0.030002057448672573,0.3092614741375049,0.23579950002022088
SNN_signed_rate,4,42,SNN_signed_rate_f4_s42,40,0.030725459440529294,0.023105354465466615,0.03810052487531341,0.08484738566990321,0.07904953509569168,0.02898925287105764,0.3072804097707073,0.24238940002396703
SNN_signed_rate,4,42,SNN_signed_rate_f4_s42,41,0.028197820689909375,0.021904638119546387,0.031465912851814916,0.08429801780065256,0.07831097394227982,0.029935219291863695,0.3087470146516959,0.25395780010148883
SNN_signed_rate,4,42,SNN_signed_rate_f4_s42,42,0.027511643532861563,0.020810041125514545,0.0335080120367351,0.0825591684036356,0.0770169273018837,0.027711205508759513,0.3088728866229455,0.24676690017804503
SNN_signed_rate,4,42,SNN_signed_rate_f4_s42,43,0.027963190612526518,0.022312034280427422,0.02825578166049549,0.08441877956989975,0.07868642359972,0.028661779850898753,0.3098859327534835,0.240684499964118
SNN_signed_rate,4,42,SNN_signed_rate_f4_s42,44,0.028197842210010926,0.02143660515139345,0.033806185293087376,0.08415303228899748,0.07836263626813889,0.028951980104292965,0.30948513373732567,0.2402218000497669
SNN_signed_rate,4,42,SNN_signed_rate_f4_s42,45,0.02516810781028621,0.020014659103859838,0.025767243532131872,0.08257423667852501,0.07715736329555511,0.027084366914849462,0.3104218194882075,0.24105609999969602
SNN_signed_rate,4,42,SNN_signed_rate_f4_s42,46,0.0255120868142608,0.01984847067312027,0.028318080705702648,0.08370613965458082,0.07839079946279526,0.026576700958927783,0.31012776618202526,0.23849330004304647
SNN_signed_rate,4,42,SNN_signed_rate_f4_s42,47,0.024138841778090475,0.0193219798093196,0.024084309843854363,0.0820117067044235,0.07682228833436966,0.025947091850269187,0.3107207591334979,0.23674369999207556
SNN_signed_rate,4,42,SNN_signed_rate_f4_s42,48,0.024224830676233638,0.018247981499977566,0.02988424588128036,0.08283049182569985,0.07750839740037918,0.02661047212660335,0.31213419574002427,0.2399772999342531
SNN_signed_rate,4,42,SNN_signed_rate_f4_s42,49,0.023073740265020543,0.01768501368739332,0.026943632888136098,0.0827267976985812,0.07718439400196075,0.027712018483102188,0.31081027537584305,0.23876059986650944
SNN_signed_rate,4,42,SNN_signed_rate_f4_s42,50,0.022783502524479592,0.017617296097644914,0.025831032134173374,0.08243266695486715,0.07685728371143341,0.02787691621716866,0.31046739282707375,0.23752520000562072
SNN_signed_rate,4,42,SNN_signed_rate_f4_s42,51,0.021217021744015064,0.016646321637381334,0.022853500533168657,0.08234106574656574,0.07699262350797653,0.02674221119294608,0.31153672747313976,0.24331329995766282
SNN_signed_rate,4,42,SNN_signed_rate_f4_s42,52,0.021818050960394793,0.016998858664010186,0.02409596148192303,0.08287272986828438,0.0773758590221405,0.027484354230719397,0.3117595762014389,0.23762969998642802
SNN_signed_rate,4,42,SNN_signed_rate_f4_s42,53,0.021652931780248436,0.01741246212623082,0.02120234827008807,0.081611522420121,0.0763382613658905,0.026366305271152496,0.31201741347710293,0.23692820011638105
SNN_signed_rate,4,42,SNN_signed_rate_f4_s42,54,0.021269913352025688,0.016377459112845827,0.024462271195899315,0.08175039360590745,0.07656719535589218,0.02591599125007633,0.3118703868240118,0.2370458000805229
SNN_signed_rate,4,42,SNN_signed_rate_f4_s42,55,0.021862822364762845,0.016166946773106854,0.028479377958279956,0.08108811414199105,0.0759158656001091,0.025861242709409756,0.3109691012650728,0.23879350000061095
SNN_signed_rate,4,42,SNN_signed_rate_f4_s42,56,0.020322478065713318,0.015900298676569946,0.022110896945716857,0.08178806996717218,0.07696646451950073,0.024108027238357213,0.3128286401430766,0.24242280004546046
SNN_signed_rate,4,42,SNN_signed_rate_f4_s42,57,0.01989383276329504,0.015025478894434249,0.024341769344303942,0.08198769390577494,0.07698291540145874,0.025023892521581034,0.31351616854468983,0.23664010013453662
SNN_signed_rate,4,42,SNN_signed_rate_f4_s42,58,0.018879021978443208,0.01457762769071754,0.021506971438628345,0.0819426629612627,0.07705411314964294,0.024442749058098776,0.3139417866865794,0.23693690006621182
SNN_signed_rate,4,42,SNN_signed_rate_f4_s42,59,0.018557776192189557,0.014770263917550134,0.018937561373197118,0.08120227231631622,0.07635098695755005,0.0242564267938308,0.31310886206726235,0.2378522001672536
SNN_signed_rate,4,42,SNN_signed_rate_f4_s42,60,0.018929210074584372,0.014851430125418119,0.020388899745831277,0.08137639516102527,0.07651498168706894,0.024307067369781655,0.31271063971022767,0.23384060012176633
SNN_signed_rate,4,42,SNN_signed_rate_f4_s42,61,0.01903800241244951,0.014126697210789038,0.024556526008302364,0.0828704485089873,0.0777750089764595,0.025477197662638944,0.3123719599097967,0.23857849999330938
SNN_signed_rate,4,42,SNN_signed_rate_f4_s42,62,0.019634232147255792,0.015874727789196186,0.018797521790298036,0.08221977250850095,0.07726190984249115,0.02478931333004896,0.31354424729943275,0.23910440015606582
SNN_signed_rate,4,42,SNN_signed_rate_f4_s42,63,0.017280671488594232,0.01350318496406544,0.01888743262264395,0.08292385465134257,0.07828028500080109,0.023217848252707406,0.3135918503006299,0.23765700007788837
SNN_signed_rate,4,42,SNN_signed_rate_f4_s42,64,0.018037751153957973,0.013801704568322748,0.021180232928176137,0.08473720563701742,0.07970798015594482,0.02514612740536298,0.31262559692064923,0.24505680007860065
SNN_signed_rate,4,42,SNN_signed_rate_f4_s42,65,0.018853332424741433,0.014043275567625338,0.024050284285580467,0.08281270343732709,0.0776800736784935,0.025663148794167985,0.31282524950802326,0.24158799997530878
SNN_signed_rate,4,42,SNN_signed_rate_f4_s42,66,0.016338414250202073,0.01296562964368301,0.016863923032595297,0.08272295872420295,0.07782205194234848,0.024504533909272312,0.3141143110891183,0.25807119999080896
SNN_signed_rate,4,42,SNN_signed_rate_f4_s42,67,0.016415651409203917,0.012906309517954165,0.01754670945624875,0.08228870783859055,0.07756321132183075,0.02362748258379898,0.3127680129061143,0.2585550998337567
SNN_signed_rate,4,42,SNN_signed_rate_f4_s42,68,0.01592055324954079,0.0122398094269253,0.01840371911307746,0.08342318483750291,0.07866522669792175,0.02378979069790581,0.31315361770490807,0.2821418000385165
SNN_signed_rate,4,42,SNN_signed_rate_f4_s42,69,0.016370503640444598,0.012518626671711294,0.019259384843666513,0.08311570598204049,0.0780244991183281,0.025456034318561988,0.31268690216044587,0.25912699988111854
SNN_signed_rate,4,42,SNN_signed_rate_f4_s42,70,0.015874194257096467,0.011825398020543313,0.020243981182765772,0.08402628953756426,0.0788666233420372,0.025798330977635314,0.31250732329984504,0.2542411999311298
SNN_signed_rate,4,314,SNN_signed_rate_f4_s314,1,0.5501715563480768,0.42325750753904384,0.6345702440451649,0.29430316615672336,0.18669956922531128,0.5380179846570605,0.2734156648317973,0.25157959992066026
SNN_signed_rate,4,314,SNN_signed_rate_f4_s314,2,0.2907870124065713,0.18742282537277788,0.5168209351689671,0.17417477545284088,0.087689608335495,0.4324258355867295,0.2772979053358237,0.26059520011767745
SNN_signed_rate,4,314,SNN_signed_rate_f4_s314,3,0.21279059475851256,0.12920123482278237,0.4179467996786506,0.14273930884542918,0.07259006798267365,0.35074620431377773,0.2807987465833624,0.25217660004273057
SNN_signed_rate,4,314,SNN_signed_rate_f4_s314,4,0.1821665224136836,0.11142783741039845,0.3536934250164259,0.12703985161724546,0.06926403939723969,0.2888790611000288,0.281336532595257,0.24351130006834865
SNN_signed_rate,4,314,SNN_signed_rate_f4_s314,5,0.1586819986450313,0.100594555415834,0.2904372161459865,0.11505868409361159,0.06764982640743256,0.23704428843089512,0.28298299325009185,0.2625079001300037
SNN_signed_rate,4,314,SNN_signed_rate_f4_s314,6,0.14697124778833606,0.09471074972922604,0.2613024902955501,0.10613040515354702,0.06633155047893524,0.19899427337305886,0.28302761539816856,0.2552878998685628
SNN_signed_rate,4,314,SNN_signed_rate_f4_s314,7,0.13243854859393114,0.09015553722080465,0.21141505686563247,0.09931785653034847,0.06555132567882538,0.1688326542576154,0.28341498225927353,0.25734889996238053
SNN_signed_rate,4,314,SNN_signed_rate_f4_s314,8,0.12370385513177529,0.08294044489351411,0.20381705119130578,0.09495861992949531,0.06586048007011414,0.1454906992969059,0.2841276042163372,0.2467280998826027
SNN_signed_rate,4,314,SNN_signed_rate_f4_s314,9,0.11180080689609029,0.07938995511115839,0.1620542589246595,0.0913932568686349,0.06649328023195267,0.1244998831834112,0.28632134447495144,0.2582094999961555
SNN_signed_rate,4,314,SNN_signed_rate_f4_s314,10,0.10317979924658076,0.07347331795608625,0.1485324064524725,0.08768777169996785,0.06596106290817261,0.10863354395897616,0.2880563686291377,0.24656160012818873
SNN_signed_rate,4,314,SNN_signed_rate_f4_s314,11,0.09672192989590138,0.07014987025953208,0.13286029818184647,0.08606300427090555,0.06707043200731277,0.09496286131796383,0.2896211761981249,0.23817249992862344
SNN_signed_rate,4,314,SNN_signed_rate_f4_s314,12,0.09677929399631828,0.07295085592583443,0.11914219035241923,0.0855623191985346,0.06867077201604843,0.08445773591243086,0.2902654328693946,0.2613617000170052
SNN_signed_rate,4,314,SNN_signed_rate_f4_s314,13,0.09252721112017466,0.07121003188270454,0.10658589618735069,0.08345695418970925,0.06832393258810043,0.0756651080080441,0.2916935210426648,0.24758139997720718
SNN_signed_rate,4,314,SNN_signed_rate_f4_s314,14,0.08440364926348026,0.06122222054788532,0.11590714357797473,0.08480738629187856,0.07094188779592514,0.06932749247976712,0.2931945789605379,0.2430107998661697
SNN_signed_rate,4,314,SNN_signed_rate_f4_s314,15,0.0793537479663994,0.059534039037923016,0.09909854464238192,0.08457753708852189,0.07178112864494324,0.06398204221789326,0.29469794407486916,0.24248380004428327
SNN_signed_rate,4,314,SNN_signed_rate_f4_s314,16,0.07464026472552328,0.056074119628950335,0.09283072548286476,0.08472428595558519,0.07296165823936462,0.058813138581102806,0.2961596678942442,0.24069280014373362
SNN_signed_rate,4,314,SNN_signed_rate_f4_s314,17,0.07260166660098082,0.052995845335923754,0.09802910632528528,0.08340654531050296,0.07231541723012924,0.055455640401868594,0.2968429910639922,0.24336129985749722
SNN_signed_rate,4,314,SNN_signed_rate_f4_s314,18,0.07161764375475284,0.05262532945683537,0.09496157148958732,0.08405810055101201,0.0735483467578888,0.05254876896561611,0.2986614325394233,0.25124040013179183
SNN_signed_rate,4,314,SNN_signed_rate_f4_s314,19,0.06726954308049299,0.05042890991899185,0.0842031658075057,0.08333920291137129,0.0733678936958313,0.04985654607769989,0.3000455719108383,0.25120959989726543
SNN_signed_rate,4,314,SNN_signed_rate_f4_s314,20,0.06457123253908809,0.049437203929604344,0.0756701430474187,0.08379338870978072,0.07432427257299423,0.047345580683932416,0.29908393137156963,0.24629369983449578
SNN_signed_rate,4,314,SNN_signed_rate_f4_s314,21,0.06240532287405354,0.047081155542400666,0.07662083665826434,0.0826575341510276,0.07365772873163223,0.04499902709697683,0.30094184043506783,0.47841119999065995
SNN_signed_rate,4,314,SNN_signed_rate_f4_s314,22,0.05996752351171194,0.04609031697812801,0.06938603266791965,0.08325108919470083,0.07476725429296494,0.04241917450867948,0.3021637660761674,0.5303796001244336
SNN_signed_rate,4,314,SNN_signed_rate_f4_s314,23,0.05869967989820373,0.04461231714716026,0.07043681375521736,0.083855887599999,0.07580181211233139,0.04027037743833803,0.3021015090246995,0.28832369996234775
SNN_signed_rate,4,314,SNN_signed_rate_f4_s314,24,0.05290720039804003,0.04084582741294677,0.06030686492546633,0.08379395534328761,0.07621946185827255,0.037872467425075315,0.3023645008603732,0.38143920013681054
SNN_signed_rate,4,314,SNN_signed_rate_f4_s314,25,0.051320735066347434,0.040725949302820176,0.052973928817636275,0.08441743511351801,0.07733356952667236,0.03541932793422824,0.30343777127563953,0.45744100003503263
SNN_signed_rate,4,314,SNN_signed_rate_f4_s314,26,0.05139216324703327,0.03986747272332044,0.057623452618564136,0.08305402010546199,0.07629559189081192,0.03379214107325035,0.3032301173855861,0.5992778998333961
SNN_signed_rate,4,314,SNN_signed_rate_f4_s314,27,0.05008043578094273,0.038559900941133186,0.05760267419904767,0.08401781530119479,0.07750466465950012,0.032565753208473325,0.30497721396386623,0.2840309999883175
SNN_signed_rate,4,314,SNN_signed_rate_f4_s314,28,0.04878937084377314,0.037065452386741526,0.05861959228515808,0.08363070408370168,0.07729475945234299,0.03167972315679349,0.30467909139891464,0.2522892998531461
SNN_signed_rate,4,314,SNN_signed_rate_f4_s314,29,0.04712183215619051,0.036098026864541076,0.055119026458247185,0.0844339215267627,0.07830800861120224,0.030629564577802307,0.3047648121913274,0.24113449989818037
SNN_signed_rate,4,314,SNN_signed_rate_f4_s314,30,0.045824746827363406,0.035495362661701314,0.05164692082831047,0.08415266711974428,0.07831448316574097,0.029190919770016557,0.30529581755399704,0.23305299994535744
SNN_signed_rate,4,314,SNN_signed_rate_f4_s314,31,0.04379979596048933,0.03329549028906816,0.05252152835710589,0.08441424024912218,0.07873287051916122,0.028406848649804792,0.3061718748261531,0.23304469999857247
SNN_signed_rate,4,314,SNN_signed_rate_f4_s314,32,0.04109682803656479,0.03166202362626791,0.04717402205148441,0.08411085685803776,0.07854556292295456,0.02782646967541604,0.3062561036398013,0.2360253999941051
SNN_signed_rate,4,314,SNN_signed_rate_f4_s314,33,0.04284852615150717,0.031198053271509707,0.05825236439998732,0.08590097949197073,0.08035579323768616,0.02772593127142283,0.306693517913421,0.24167759995907545
SNN_signed_rate,4,314,SNN_signed_rate_f4_s314,34,0.03861165066813041,0.029763774073217064,0.04423938297456673,0.08512573691861083,0.07982577383518219,0.026499815417143205,0.3078362339486678,0.24152750009670854
SNN_signed_rate,4,314,SNN_signed_rate_f4_s314,35,0.03775208820941347,0.029450705837613594,0.04150691185899939,0.08522345383341114,0.08014915138483047,0.02537151224290331,0.3067134600132704,0.2314663000870496
SNN_signed_rate,4,314,SNN_signed_rate_f4_s314,36,0.040941480492785745,0.030206239219599713,0.05367620636593013,0.0868137838032895,0.08179876953363419,0.025075071348276523,0.3078896763424079,0.2388873000163585
SNN_signed_rate,4,2718,SNN_signed_rate_f4_s2718,1,0.6352690373164079,0.5169588465554019,0.5915509538050303,0.36010764346236274,0.24813181161880493,0.5598791592177891,0.2541430663938324,0.23412329982966185
SNN_signed_rate,4,2718,SNN_signed_rate_f4_s2718,2,0.4158572265323284,0.32225336390547454,0.4680193131342692,0.2360493892715091,0.15004663169384003,0.43001378788834527,0.2586896413316329,0.23291149991564453
SNN_signed_rate,4,2718,SNN_signed_rate_f4_s2718,3,0.20776474015602098,0.13084407794910172,0.38460331103459616,0.20090419528030212,0.1349097192287445,0.32997238025778813,0.2601550314575434,0.23726790002547204
SNN_signed_rate,4,2718,SNN_signed_rate_f4_s2718,4,0.17374283338641797,0.11227924594034751,0.3073179372303522,0.18064110587040583,0.12955887615680695,0.25541114856799446,0.26432956258455914,0.25230520009063184
SNN_signed_rate,4,2718,SNN_signed_rate_f4_s2718,5,0.15266932283337187,0.10478776881548886,0.23940777008941497,0.16531490325927733,0.12486394494771957,0.20225479155778886,0.26616183668375015,0.25186550011858344
SNN_signed_rate,4,2718,SNN_signed_rate_f4_s2718,6,0.1409355855716368,0.09823992025728027,0.21347832657178253,0.15389867728664763,0.12114722281694412,0.16375727234851747,0.26859225891530514,0.23583929985761642
SNN_signed_rate,4,2718,SNN_signed_rate_f4_s2718,7,0.12623281887724694,0.08901148434961215,0.18610667263817393,0.145615153724239,0.11808262765407562,0.13766263035081683,0.269976941558222,0.23457029997371137
SNN_signed_rate,4,2718,SNN_signed_rate_f4_s2718,8,0.11650608055547583,0.08319681677191208,0.16654631891781876,0.139570275722515,0.11580449342727661,0.11882891147619203,0.27211290318518877,0.24007660010829568
SNN_signed_rate,4,2718,SNN_signed_rate_f4_s2718,9,0.10741861496715484,0.0806547519362842,0.13381931515435314,0.13307390616763207,0.11238113045692444,0.1034638785535381,0.27390082490940887,0.2323436001315713
SNN_signed_rate,4,2718,SNN_signed_rate_f4_s2718,10,0.09985718741691237,0.07482688357898344,0.1251515191896446,0.1314932246435256,0.11331631243228912,0.09088456105618249,0.27582438196986914,0.23604679992422462
SNN_signed_rate,4,2718,SNN_signed_rate_f4_s2718,11,0.0916464678094564,0.06931551447632955,0.11165476666563419,0.1272383802011609,0.11106746643781662,0.08085456881672144,0.27704291449238855,0.24141539982520044
SNN_signed_rate,4,2718,SNN_signed_rate_f4_s2718,12,0.09387639799646098,0.07354361552279443,0.10166391236833283,0.1228963006873216,0.10832253098487854,0.07286884851221527,0.2787396926432848,0.24266449990682304
SNN_signed_rate,4,2718,SNN_signed_rate_f4_s2718,13,0.08587766211187409,0.06426506669959053,0.10806297706141775,0.12045619562623047,0.10678835213184357,0.0683392174719345,0.2803061241284013,0.23594260006211698
SNN_signed_rate,4,2718,SNN_signed_rate_f4_s2718,14,0.0862615192567842,0.06654812670118797,0.09856696277798112,0.11685800317320086,0.10413645207881927,0.06360775547190792,0.28101630322635174,0.2386324000544846
SNN_signed_rate,4,2718,SNN_signed_rate_f4_s2718,15,0.07561156202767248,0.057858277655517064,0.0887664218607771,0.11562179116266114,0.10375567525625229,0.05933057953204427,0.2821303990979989,0.23514450015500188
SNN_signed_rate,4,2718,SNN_signed_rate_f4_s2718,16,0.07385086139392967,0.05676931163179688,0.08540774881066397,0.11503976576651136,0.10386914014816284,0.055853128091742595,0.28325385227799416,0.23863020003773272
SNN_signed_rate,4,2718,SNN_signed_rate_f4_s2718,17,0.07276517917543569,0.055117524384210505,0.08823827395612595,0.11424561202526093,0.10349296033382416,0.05376325845718384,0.28371432920296985,0.2383854000363499
SNN_signed_rate,4,2718,SNN_signed_rate_f4_s2718,18,0.06737838257305721,0.05231600060748557,0.07531190982785825,0.10957278099620626,0.0996350571513176,0.04968861922444332,0.2849967448661725,0.24253019993193448
SNN_signed_rate,4,2718,SNN_signed_rate_f4_s2718,19,0.06248298765566651,0.049764141876949,0.06359422889358762,0.10735790077197764,0.09801241755485535,0.0467274160856115,0.2862562391286095,0.2356273999903351
SNN_signed_rate,4,2718,SNN_signed_rate_f4_s2718,20,0.057914880386843025,0.04611328548829382,0.05900797449274605,0.10983504859774951,0.10114768892526627,0.04343679836241617,0.2861771658062935,0.23732710001058877
SNN_signed_rate,4,2718,SNN_signed_rate_f4_s2718,21,0.06682576213819218,0.05336349372131129,0.06731134208440438,0.10745443924330175,0.09893998503684998,0.04257227103225887,0.28729682105282944,0.23869699984788895
SNN_signed_rate,4,2718,SNN_signed_rate_f4_s2718,22,0.057326587034541486,0.0431176060034583,0.0710449051554159,0.10486112510075882,0.09648305922746658,0.04189032936646115,0.287619495143493,0.23707210016436875
SNN_signed_rate,4,2718,SNN_signed_rate_f4_s2718,23,0.05065690850977797,0.04138933700354149,0.04633785753118239,0.10325804194479826,0.09555158019065857,0.03853230877069845,0.2877486168096463,0.23300840007141232
SNN_signed_rate,4,2718,SNN_signed_rate_f4_s2718,24,0.05264758168432252,0.04074718095944263,0.059502003624399474,0.10269616701773235,0.09512839466333389,0.03783886177199228,0.28906928064922494,0.23841529991477728
SNN_signed_rate,4,2718,SNN_signed_rate_f4_s2718,25,0.052633815775037125,0.04323653181199916,0.04698641981518983,0.10397621930089025,0.0968003049492836,0.03587957175803327,0.2902536367376645,0.23660559998825192
SNN_signed_rate,4,2718,SNN_signed_rate_f4_s2718,26,0.04958928934973894,0.0378135483188089,0.058878705154650206,0.10074903417112571,0.09376363456249237,0.03492699804316674,0.2900565608094136,0.2385610002093017
SNN_signed_rate,4,2718,SNN_signed_rate_f4_s2718,27,0.04759946824688577,0.0368606202294662,0.053694240087097854,0.09868671245252092,0.09184987843036652,0.03418417011077205,0.2905392808218797,0.234393100021407
SNN_signed_rate,4,2718,SNN_signed_rate_f4_s2718,28,0.04576260719165955,0.035861476445764616,0.04950565372947463,0.10013505025234605,0.09347505867481232,0.033299957887668694,0.29103284887969494,0.23919549980200827
SNN_signed_rate,4,2718,SNN_signed_rate_f4_s2718,29,0.04480662226488766,0.034702408986049704,0.05052106639418977,0.09777195974519211,0.0912184938788414,0.03276732933175351,0.2916327590743701,0.2335133000742644
SNN_signed_rate,4,2718,SNN_signed_rate_f4_s2718,30,0.04419750794783769,0.034832313375469916,0.046825972861838816,0.09645187958786708,0.0900658369064331,0.03193021340716985,0.29154812420407933,0.23965920018963516
SNN_signed_rate,4,2718,SNN_signed_rate_f4_s2718,31,0.044416063032044366,0.03515056726852587,0.046327478817592437,0.09693893929300386,0.09096706658601761,0.02985936353493127,0.2927552629262209,0.24090049997903407
SNN_signed_rate,4,2718,SNN_signed_rate_f4_s2718,32,0.039098399314332004,0.032130582107735485,0.0348390860329826,0.09630972880825756,0.09069143235683441,0.028091482257115698,0.2931818310171366,0.23772899992763996
SNN_signed_rate,4,2718,SNN_signed_rate_f4_s2718,33,0.038588554890571836,0.03151458761567483,0.03536983637448502,0.09635349813216765,0.0910390317440033,0.026572331940821772,0.2934057582169771,0.243377499980852
SNN_signed_rate,4,2718,SNN_signed_rate_f4_s2718,34,0.03770242572989154,0.029903437874357525,0.038994939277670046,0.095676205600501,0.09037962555885315,0.02648290020823922,0.29398003593087196,0.23783280001953244
SNN_signed_rate,4,2718,SNN_signed_rate_f4_s2718,35,0.036237962014532284,0.029387606802629307,0.034251776059514905,0.09324939970847308,0.08801715821027756,0.026161207490977608,0.29448445575932664,0.23451129999011755
SNN_signed_rate,4,2718,SNN_signed_rate_f4_s2718,36,0.035747201818230316,0.02814335044240579,0.0380192568791226,0.09269234372979207,0.08767170459032059,0.025103195697357434,0.29477050714194775,0.2513952001463622
SNN_signed_rate,4,2718,SNN_signed_rate_f4_s2718,37,0.03325381321383247,0.02704182346739496,0.031059948732187575,0.09270032621642929,0.08765671402215958,0.025218060971348592,0.29507093752423924,0.2456557999830693
SNN_signed_rate,4,2718,SNN_signed_rate_f4_s2718,38,0.03278340582118857,0.02705090352295277,0.028662511491179005,0.0926027225389234,0.08779122680425644,0.02405747867333481,0.29503160404662293,0.24607630004175007
SNN_signed_rate,4,2718,SNN_signed_rate_f4_s2718,39,0.0331660757570569,0.026199605602111358,0.034832350774727704,0.09149260616506494,0.08661074191331863,0.02440932125873154,0.2953932024538517,0.23641939996741712
SNN_signed_rate,4,2718,SNN_signed_rate_f4_s2718,40,0.033361548122782914,0.025588140153558925,0.03886703984611995,0.09150674168863113,0.0866229459643364,0.024418978621473623,0.2954585788150628,0.23214920004829764
SNN_signed_rate,4,2718,SNN_signed_rate_f4_s2718,41,0.0316143590867335,0.024713200245363016,0.03450579420685241,0.09014169285861065,0.08508152514696121,0.025300838558247225,0.29562066060801345,0.23219920019619167
SNN_signed_rate,4,2718,SNN_signed_rate_f4_s2718,42,0.030867125392239566,0.025192926865808356,0.028370992632156058,0.09128039696907979,0.08660814166069031,0.02336127654194743,0.2961390508959691,0.23459350015036762
SNN_signed_rate,4,2718,SNN_signed_rate_f4_s2718,43,0.02938582063765895,0.02386436939802176,0.027607256198185947,0.08986454283408377,0.08516667783260345,0.023489325007401585,0.29645833435157937,0.23514149989932775
SNN_signed_rate,4,2718,SNN_signed_rate_f4_s2718,44,0.029198955330985276,0.02236521998808409,0.03416867671450594,0.08801868380036294,0.08331908285617828,0.02349800472092327,0.2972421584029992,0.24211700004525483
SNN_signed_rate,4,2718,SNN_signed_rate_f4_s2718,45,0.029087604461672703,0.022085153066048708,0.03501225697811996,0.08991548008817647,0.08502127975225449,0.02447100167960993,0.29704372957348824,0.24411480012349784
SNN_signed_rate,4,2718,SNN_signed_rate_f4_s2718,46,0.028034405751337463,0.021976492258545477,0.030289567463959926,0.09144402657341699,0.086467444896698,0.024882908383595,0.2970979834596316,0.23605219996534288
SNN_signed_rate,4,2718,SNN_signed_rate_f4_s2718,47,0.027363277312053586,0.021455846610479057,0.029537153507872626,0.08898535655301419,0.08413185179233551,0.0242675238033934,0.29729451425373554,0.23294270015321672
SNN_signed_rate,4,2718,SNN_signed_rate_f4_s2718,48,0.026767928355277387,0.021343547477348086,0.027121904389646487,0.08874094627980542,0.08399684727191925,0.023720495039430845,0.29742838504413766,0.23184800008311868
SNN_signed_rate,4,2718,SNN_signed_rate_f4_s2718,49,0.026635899495650466,0.02092713520687539,0.028543821443875378,0.08880674107587852,0.08414991199970245,0.02328414538088033,0.2981705727676551,0.23097619996406138
SNN_signed_rate,4,2718,SNN_signed_rate_f4_s2718,50,0.025152944028054045,0.02020007103662162,0.02476436495716214,0.08950520902833281,0.08493451774120331,0.02285345643564748,0.29901014516750973,0.23789840005338192
SNN_signed_rate,4,2718,SNN_signed_rate_f4_s2718,51,0.02403665305258948,0.019143126482958905,0.024467632848152853,0.088200760844851,0.08383601903915405,0.021823709028484743,0.2980061825364828,0.2387907998636365
SNN_signed_rate,4,2718,SNN_signed_rate_f4_s2718,52,0.024013474289505007,0.01894936117363007,0.02532056557937465,0.08870675236031059,0.0843847468495369,0.021610027553868434,0.299127468218406,0.238118999870494
SNN_signed_rate,4,2718,SNN_signed_rate_f4_s2718,53,0.023260140687601155,0.018364318714399513,0.02447910986600821,0.08912350715919663,0.08468462526798248,0.02219440945607078,0.2986100260168314,0.2421655000653118
SNN_signed_rate,4,2718,SNN_signed_rate_f4_s2718,54,0.023358422095023507,0.018130380791262724,0.026140206518803926,0.08781805765119359,0.083571657538414,0.021232000563897947,0.29890258734424907,0.23714350000955164
SNN_signed_rate,4,2718,SNN_signed_rate_f4_s2718,55,0.023045193344552545,0.018897586342063732,0.02073803501244407,0.08743793108378581,0.08331439644098282,0.020617673214014975,0.2986705197642247,0.23760610003955662
SNN_signed_rate,4,2718,SNN_signed_rate_f4_s2718,56,0.02026269824258846,0.016562642022715107,0.018500281099366772,0.08865941117761568,0.0847274512052536,0.019659799861810393,0.3003525125483672,0.23717320011928678
SNN_signed_rate,4,2718,SNN_signed_rate_f4_s2718,57,0.022020396052980784,0.016666920845940087,0.0267673760352035,0.08728234452752597,0.08318217098712921,0.020500867701983744,0.29918240010738373,0.23644609982147813
SNN_signed_rate,4,2718,SNN_signed_rate_f4_s2718,58,0.020842521378801607,0.016306327811131876,0.02268096783834868,0.08890013081138022,0.08481026440858841,0.020449332013959064,0.2997345657398303,0.23411849979311228
SNN_signed_rate,4,2718,SNN_signed_rate_f4_s2718,59,0.02206959971533022,0.01583748316625133,0.031160582745394433,0.09001368357519995,0.08563198894262314,0.021908473162884114,0.29955688677728176,0.23790310020558536
SNN_signed_rate,4,2718,SNN_signed_rate_f4_s2718,60,0.020464274298075288,0.01598298866398788,0.02240642817043705,0.0904928393982118,0.0863475352525711,0.020726520728203468,0.2998365617046754,0.23214700003154576
SNN_signed_rate,4,2718,SNN_signed_rate_f4_s2718,61,0.020702583129615475,0.016083497612271458,0.023095427586720077,0.08827693687272369,0.08408255875110626,0.020971890608087136,0.2989956308156252,0.23357350006699562
SNN_signed_rate,4,2718,SNN_signed_rate_f4_s2718,62,0.019378488820663977,0.015234046096641881,0.020722213620110456,0.08895589763819728,0.08503173291683197,0.019620823606826543,0.29939602439602214,0.2327829001005739
SNN_signed_rate,4,2718,SNN_signed_rate_f4_s2718,63,0.018512390860314493,0.014403700308927606,0.020543452756934432,0.08895593989149866,0.08502766489982605,0.019641374958363097,0.3002423762033383,0.2341609001159668
SNN_signed_rate,4,2718,SNN_signed_rate_f4_s2718,64,0.017884350590951805,0.014212428286555223,0.01835961152198291,0.08943655280803796,0.08555101603269577,0.019427683876710945,0.2995658355454604,0.23506259988062084
SNN_signed_rate,4,2718,SNN_signed_rate_f4_s2718,65,0.01769126851911342,0.013868359873110117,0.019114543230016504,0.08880940604730443,0.08503855764865875,0.018854241993228372,0.301085206369559,0.23593159997835755
SNN_signed_rate,4,2718,SNN_signed_rate_f4_s2718,66,0.017627988320155667,0.01340869462971265,0.02109646845221508,0.08898466055242656,0.08520620316267014,0.018892286948782082,0.3012881148606539,0.2342924999538809
SNN_signed_rate,4,2718,SNN_signed_rate_f4_s2718,67,0.017009808481825883,0.013115971659620604,0.019469184111026386,0.09079564031281431,0.08699414134025574,0.019007494862792858,0.29993652428189915,0.23701509996317327
SNN_signed_rate,4,2718,SNN_signed_rate_f4_s2718,68,0.01699844983166168,0.013408534289434707,0.017949577711134864,0.0889552118624505,0.08530831336975098,0.018234492463497665,0.29997056784729165,0.2362837998662144
SNN_signed_rate,4,2718,SNN_signed_rate_f4_s2718,69,0.016358057517571297,0.01241440658729213,0.019718254651395834,0.08896681784368064,0.08536294847726822,0.01801934683206214,0.3003497999161482,0.23826279980130494
SNN_signed_rate,4,2718,SNN_signed_rate_f4_s2718,70,0.01660977765758026,0.013354681936713556,0.01627547860433351,0.08817664590148655,0.08478594571352005,0.01695350093983247,0.3010114214072625,0.2551912001799792
SNN_signed_rate,4,2718,SNN_signed_rate_f4_s2718,71,0.015442767370230473,0.012231502621337617,0.016056323744464276,0.0896910877709715,0.08622044324874878,0.017353222611113564,0.3012086320668459,0.24861599993892014
SNN_signed_rate,4,2718,SNN_signed_rate_f4_s2718,72,0.01598836716917539,0.01220312504544078,0.01892621061867304,0.09041912237754635,0.08686091005802155,0.017791061597624017,0.30088487391670543,0.23636869993060827
SNN_signed_rate,5,42,SNN_signed_rate_f5_s42,1,0.4822525354941926,0.3510982636362314,0.6557713592898059,0.4042559844667807,0.29290828108787537,0.5567385168945265,0.2574622491374612,0.23402820015326142
SNN_signed_rate,5,42,SNN_signed_rate_f5_s42,2,0.2960993827719262,0.19383400810572007,0.5113268733310306,0.27904987049740065,0.1908448487520218,0.44102510872689427,0.2593735366438826,0.2384309999179095
SNN_signed_rate,5,42,SNN_signed_rate_f5_s42,3,0.23942488431689313,0.15946426646163067,0.3998030892763123,0.23550585980029226,0.1641111969947815,0.3569733140275538,0.26162606850266457,0.24255080008879304
SNN_signed_rate,5,42,SNN_signed_rate_f5_s42,4,0.2033981584580322,0.13868336418333152,0.32357397137350313,0.2091602013171094,0.14985328912734985,0.29653456094879777,0.2626825623835127,0.23865030007436872
SNN_signed_rate,5,42,SNN_signed_rate_f5_s42,5,0.18396699899098365,0.129516701757287,0.27225148616848327,0.19228932972645985,0.14244115352630615,0.24924088100076844,0.26467875981082517,0.23565739998593926
SNN_signed_rate,5,42,SNN_signed_rate_f5_s42,6,0.17176345858871736,0.12252224201802164,0.2462060828534786,0.18032136649268227,0.1371401697397232,0.21590598376479536,0.2668236695850889,0.23675249982625246
SNN_signed_rate,5,42,SNN_signed_rate_f5_s42,7,0.15519240829093792,0.11083112366031855,0.22180642315309682,0.1706949597939193,0.1329514980316162,0.18871730881151536,0.2688389600565036,0.23766879993490875
SNN_signed_rate,5,42,SNN_signed_rate_f5_s42,8,0.14916993383606886,0.1100133581009383,0.19578287867565278,0.16164051632578455,0.12860774993896484,0.16516383193409856,0.2712470463787516,0.23698740010149777
SNN_signed_rate,5,42,SNN_signed_rate_f5_s42,9,0.14355185521745448,0.10561219486407936,0.18969830176687563,0.15890762432449082,0.12961608171463013,0.14645771304930344,0.27438574594755966,0.23608990013599396
SNN_signed_rate,5,42,SNN_signed_rate_f5_s42,10,0.13062088122284204,0.09518968327514206,0.1771559897384999,0.15007420978022729,0.1238948330283165,0.13089688375955388,0.2756600709011157,0.23552870005369186
SNN_signed_rate,5,42,SNN_signed_rate_f5_s42,11,0.13621353392157778,0.1032925834103177,0.16460475255630033,0.1496786804889686,0.12538039684295654,0.12149141823006032,0.2773000032951434,0.23776320018805563
SNN_signed_rate,5,42,SNN_signed_rate_f5_s42,12,0.12012249950407124,0.09124523473049824,0.14438632386786499,0.14371675112606874,0.12124764919281006,0.11234550966629347,0.27934365160763264,0.24344099988229573
SNN_signed_rate,5,42,SNN_signed_rate_f5_s42,13,0.11443425151579306,0.08509808301459998,0.14668084250596544,0.1412173724035094,0.12092228978872299,0.10147541307393204,0.28122761969765026,0.23769960016943514
SNN_signed_rate,5,42,SNN_signed_rate_f5_s42,14,0.10750677352537719,0.08123270599753596,0.13137033763920614,0.13986883522028912,0.12063578516244888,0.09616525028920117,0.28226444963365793,0.24961100006476045
SNN_signed_rate,5,42,SNN_signed_rate_f5_s42,15,0.10563468030454165,0.07790610000180702,0.13864290151367317,0.13757479207133347,0.11998902261257172,0.08792884729380877,0.28403180309881765,0.24199970019981265
SNN_signed_rate,5,42,SNN_signed_rate_f5_s42,16,0.09985442161830511,0.07289131601767924,0.13481552800312938,0.1368908855796399,0.11955665051937103,0.08667117530134442,0.2855675204967459,0.23927749996073544
SNN_signed_rate,5,42,SNN_signed_rate_f5_s42,17,0.09683232736995089,0.07187942325253971,0.12476452058705585,0.13477705721315816,0.11844109743833542,0.08167979887411372,0.28612524767716724,0.2358136000111699
SNN_signed_rate,5,42,SNN_signed_rate_f5_s42,18,0.0937396086422444,0.07208056042630535,0.10829524107969528,0.1350927656128089,0.11970938742160797,0.07691689095600455,0.2874540810783704,0.24477549991570413
SNN_signed_rate,5,42,SNN_signed_rate_f5_s42,19,0.08920722599034968,0.06734508402102317,0.10931070984663256,0.13202424632959395,0.11729542165994644,0.07364412334823757,0.28894157397250336,0.2369822000619024
SNN_signed_rate,5,42,SNN_signed_rate_f5_s42,20,0.08881193329176851,0.06437878170011875,0.1221657579582488,0.13306774270460126,0.11903437227010727,0.07016685217246998,0.28938092353443307,0.24116149987094104
SNN_signed_rate,5,42,SNN_signed_rate_f5_s42,21,0.08747640216282805,0.062436793300245576,0.12519804431291237,0.13107312927830894,0.11649780720472336,0.0728766103679279,0.290721301920712,0.2387216999195516
SNN_signed_rate,5,42,SNN_signed_rate_f5_s42,22,0.07991356284467377,0.06057440074315915,0.09669581050757303,0.1307783340713384,0.11709068715572357,0.0684382345780742,0.29053749951223534,0.23814769997261465
SNN_signed_rate,5,42,SNN_signed_rate_f5_s42,23,0.08179820283185392,0.061885233667756744,0.09956484582048586,0.1303195055589115,0.11735843122005463,0.06480537169428437,0.2914438971007864,0.2334541000891477
SNN_signed_rate,5,42,SNN_signed_rate_f5_s42,24,0.07795502454402775,0.05885425611631945,0.0955038421385415,0.13107471597369222,0.11889801919460297,0.06088348389544624,0.29193434802194435,0.2347464000340551
SNN_signed_rate,5,42,SNN_signed_rate_f5_s42,25,0.07916900993243538,0.057738850911846384,0.10715079510294499,0.12994996824331068,0.11752437055110931,0.062127988461006735,0.2930250366528829,0.23664539982564747
SNN_signed_rate,5,42,SNN_signed_rate_f5_s42,26,0.07095391385269736,0.055169687616095565,0.07892113118300897,0.1306029026778327,0.11932389438152313,0.056395041481547836,0.2933212611824274,0.24195499997586012
SNN_signed_rate,5,42,SNN_signed_rate_f5_s42,27,0.07754835375554762,0.05781723606438997,0.09865558845578824,0.13201431614225262,0.12069594115018845,0.05659187496032086,0.2941335408637921,0.2382402999792248
SNN_signed_rate,5,42,SNN_signed_rate_f5_s42,28,0.07014403015458442,0.05242324688394243,0.08860391635320992,0.13236304869317397,0.12134404480457306,0.055095019443004545,0.2943931141247352,0.2378805000334978
SNN_signed_rate,5,42,SNN_signed_rate_f5_s42,29,0.06969079291775504,0.051427146090039365,0.09131823413857837,0.13020232304148727,0.11978819966316223,0.05207061689162521,0.2953697070479393,0.23816170007921755
SNN_signed_rate,5,42,SNN_signed_rate_f5_s42,30,0.07293133816702496,0.05578617469291203,0.08572581737056471,0.1311428763508158,0.12089283019304276,0.05125023078886534,0.2948233758409818,0.23960700002498925
SNN_signed_rate,5,42,SNN_signed_rate_f5_s42,31,0.06497420871553573,0.04938778996195955,0.07793209376788102,0.131955524567213,0.12216460704803467,0.04895458759589168,0.2959534289936225,0.2537340000271797
SNN_signed_rate,5,42,SNN_signed_rate_f5_s42,32,0.06740807240583474,0.04996010727093866,0.08723982567448041,0.13034641479806822,0.12073179334402084,0.04807310727023689,0.29609616349140805,0.24630720005370677
SNN_signed_rate,5,42,SNN_signed_rate_f5_s42,33,0.06480548029472483,0.048232195481735594,0.08286642406494614,0.1326555735173155,0.12269444763660431,0.04980562940355589,0.29709716824193794,0.23969549988396466
SNN_signed_rate,5,42,SNN_signed_rate_f5_s42,34,0.062030172449607346,0.04740445861049617,0.07312856919555587,0.13240599406216844,0.12252206355333328,0.049419652544175796,0.2972918190062046,0.23959829984232783
SNN_signed_rate,5,42,SNN_signed_rate_f5_s42,35,0.059235764500607635,0.044440873976175986,0.07397445262215828,0.13124571637813523,0.12225163727998734,0.04497039549073949,0.2974393138041099,0.2444833000190556
SNN_signed_rate,5,42,SNN_signed_rate_f5_s42,36,0.059244657704887814,0.04460222860022137,0.07321214552333212,0.1320828052034379,0.12326930463314056,0.044067502851486674,0.2977896071970463,0.2384065999649465
SNN_signed_rate,5,42,SNN_signed_rate_f5_s42,37,0.05918651114323805,0.042998244103121884,0.08094133520058082,0.1308229518500186,0.12225914001464844,0.04281905917685081,0.29820913759370643,0.24384919996373355
SNN_signed_rate,5,42,SNN_signed_rate_f5_s42,38,0.06002986648131484,0.047117802421174325,0.06456032030070265,0.13447271189019788,0.1262330859899521,0.041198129501228906,0.2991071517268817,0.24036010005511343
SNN_signed_rate,5,42,SNN_signed_rate_f5_s42,39,0.058094462706990514,0.04321955916141936,0.07437451772785575,0.1337586500119043,0.12531828880310059,0.04220180604401859,0.2999453383187453,0.24426529998891056
SNN_signed_rate,5,42,SNN_signed_rate_f5_s42,40,0.0540563586791174,0.04071059069246985,0.06672883993323776,0.13308047073405624,0.12463106960058212,0.04224700566737052,0.29926626694699127,0.24126719986088574
SNN_signed_rate,5,314,SNN_signed_rate_f5_s314,1,0.5651643710321982,0.43950130386898917,0.6283153358160454,0.43524729804235435,0.32438308000564575,0.5543210901835429,0.27569670292238396,0.24335219990462065
SNN_signed_rate,5,314,SNN_signed_rate_f5_s314,2,0.32725975202553315,0.22110309335403144,0.5307832933575086,0.24549793943106757,0.15661610662937164,0.4444091640084795,0.2792906193062663,0.23769519990310073
SNN_signed_rate,5,314,SNN_signed_rate_f5_s314,3,0.2572528239168998,0.16773179355853549,0.44760515179182137,0.18417484319997285,0.10939894616603851,0.3738794851696716,0.2824343976875146,0.24064210010692477
SNN_signed_rate,5,314,SNN_signed_rate_f5_s314,4,0.22970806192821325,0.15085415423770124,0.39426953845256,0.16306654589449834,0.09916594624519348,0.3195029982465243,0.28359530307352543,0.24700259999372065
SNN_signed_rate,5,314,SNN_signed_rate_f5_s314,5,0.2070392016239518,0.13795708500159284,0.3454105831117947,0.15043746763805171,0.09482555836439133,0.278059546368302,0.2838148794447382,0.24436470004729927
SNN_signed_rate,5,314,SNN_signed_rate_f5_s314,6,0.1949080467587533,0.13546110718743876,0.2972346978565728,0.14125697630475154,0.09274383634328842,0.24256569980731552,0.28464691651364166,0.23892439994961023
SNN_signed_rate,5,314,SNN_signed_rate_f5_s314,7,0.17442322240325261,0.12050161198324834,0.2696080521000214,0.1366966459520583,0.09394469112157822,0.21375977415240038,0.2849222207441926,0.24416489992290735
SNN_signed_rate,5,314,SNN_signed_rate_f5_s314,8,0.16387251654115423,0.113840107107535,0.2501620471680961,0.1307359398039257,0.09190162271261215,0.19417158545656774,0.2862951047718525,0.2441956999246031
SNN_signed_rate,5,314,SNN_signed_rate_f5_s314,9,0.15303057141073692,0.10838498868785489,0.22322791361441022,0.126279210236931,0.09155253320932388,0.17363338513803556,0.2876276758809884,0.24020570004358888
SNN_signed_rate,5,314,SNN_signed_rate_f5_s314,10,0.1449005051044557,0.10513443038022767,0.1988303736211402,0.12362415675472163,0.09222621470689774,0.15698971023911948,0.2886235446979602,0.23693259991705418
SNN_signed_rate,5,314,SNN_signed_rate_f5_s314,11,0.14002407327089353,0.10147976374719292,0.19272154761850305,0.11935606329485118,0.09034009277820587,0.14507985258322653,0.29004097605745,0.2383053998928517
SNN_signed_rate,5,314,SNN_signed_rate_f5_s314,12,0.1319624907755549,0.09640064135116215,0.1778092471219638,0.11988789477157143,0.09326422959566116,0.13311832587955133,0.29100700343648594,0.24626890011131763
SNN_signed_rate,5,314,SNN_signed_rate_f5_s314,13,0.1295831650231799,0.09361423878969315,0.17984463116743377,0.11846524343738016,0.0937141478061676,0.12375547815606279,0.2920352276414633,0.24577850010246038
SNN_signed_rate,5,314,SNN_signed_rate_f5_s314,14,0.12207614472403912,0.09120798520355795,0.15434079760240585,0.11772896456737189,0.09508410096168518,0.11322431802843351,0.2933395883689324,0.24783260002732277
SNN_signed_rate,5,314,SNN_signed_rate_f5_s314,15,0.1226980179275992,0.08835655156872235,0.17170733179438416,0.11597213374755386,0.09370835870504379,0.11131887521255035,0.2937282985076308,0.24176540016196668
SNN_signed_rate,5,314,SNN_signed_rate_f5_s314,16,0.11121641157516075,0.08174174695159309,0.14737332311783824,0.11976038002625763,0.09882640838623047,0.10466985820013584,0.29537654916445416,0.24324099998921156
SNN_signed_rate,5,314,SNN_signed_rate_f5_s314,17,0.10767907428490912,0.08098652368547239,0.13346275299718366,0.11558462222885786,0.09572917968034744,0.09927721274255207,0.29593627775708836,0.24310189997777343
SNN_signed_rate,5,314,SNN_signed_rate_f5_s314,18,0.10248642613442567,0.07719737028431457,0.12644527925055551,0.11174175431647297,0.09377554059028625,0.08983106863093357,0.29654794310530025,0.24626679997891188
SNN_signed_rate,5,314,SNN_signed_rate_f5_s314,19,0.10506811391905486,0.07557078337413259,0.14748665272461137,0.11416148682728222,0.09641533344984055,0.0887307668872084,0.29720861340562504,0.24519890011288226
SNN_signed_rate,5,314,SNN_signed_rate_f5_s314,20,0.09835188633864217,0.07495177460562748,0.11700055866507342,0.11584245393228418,0.09902732074260712,0.08407566594838534,0.2975122531255086,0.24678109982050955
SNN_signed_rate,5,314,SNN_signed_rate_f5_s314,21,0.09850284635044297,0.07389074398088269,0.12306051184780137,0.11284504739965939,0.0967470183968544,0.08049014501402493,0.2982345459361871,0.242541000014171
SNN_signed_rate,5,314,SNN_signed_rate_f5_s314,22,0.09834777972271767,0.07111861369533774,0.13614583013689954,0.1130526706920761,0.09698682278394699,0.08032923954064554,0.29897944691280526,0.24295250000432134
SNN_signed_rate,5,314,SNN_signed_rate_f5_s314,23,0.0933945175631859,0.07020084711257368,0.11596835225306108,0.11223979525437942,0.0965997576713562,0.07820018791511608,0.29899374830226105,0.24821659992448986
SNN_signed_rate,5,314,SNN_signed_rate_f5_s314,24,0.08920086328694266,0.06452053037355654,0.12340166456693062,0.11335471903032523,0.09815366566181183,0.07600526684256705,0.29935096266369027,0.2568059000186622
SNN_signed_rate,5,314,SNN_signed_rate_f5_s314,25,0.0887506442843357,0.06559303640581977,0.11578803939257955,0.11197506473686711,0.09688282757997513,0.07546118578445986,0.29967788482705754,0.24830599990673363
SNN_signed_rate,5,314,SNN_signed_rate_f5_s314,26,0.0867945022152471,0.06562212815818687,0.10586187028530113,0.11614236176154524,0.10182072222232819,0.07160819769608524,0.30038539506495,0.24522030004300177
SNN_signed_rate,5,314,SNN_signed_rate_f5_s314,27,0.08022854933923036,0.06054601800860837,0.09841265665310993,0.1160439258095744,0.10222923755645752,0.06907344126558436,0.30083636318643886,0.23843959998339415
SNN_signed_rate,5,314,SNN_signed_rate_f5_s314,28,0.08296056507865322,0.05954932803676153,0.11705618520945847,0.1149202951921279,0.10120396316051483,0.06858166015806533,0.3006232815484206,0.24027359997853637
SNN_signed_rate,5,314,SNN_signed_rate_f5_s314,29,0.07643063308146776,0.05891297340470677,0.08758829838380498,0.11647163589429345,0.10347440093755722,0.06498617478368113,0.3008257361749808,0.23875110014341772
SNN_signed_rate,5,314,SNN_signed_rate_f5_s314,30,0.0769815386812465,0.05641513877587082,0.10283199952687834,0.1158968823316431,0.10312389582395554,0.06386493253843777,0.3013240701208512,0.24022829998284578
SNN_signed_rate,5,314,SNN_signed_rate_f5_s314,31,0.0787162450887333,0.05671327253609585,0.11001486276318719,0.11451917013897321,0.10134982317686081,0.06584673481056198,0.3012721997996171,0.23592939996160567
SNN_signed_rate,5,314,SNN_signed_rate_f5_s314,32,0.07558414977361326,0.05478767467623887,0.1039823754868719,0.11718478594309176,0.10403765738010406,0.06573564281493846,0.301493310679992,0.23836439987644553
SNN_signed_rate,5,314,SNN_signed_rate_f5_s314,33,0.07130817973089149,0.05325731982399399,0.09025429953448748,0.11434188149043552,0.10217086970806122,0.06085505891187152,0.3017056838919719,0.24069010000675917
SNN_signed_rate,5,2718,SNN_signed_rate_f5_s2718,1,0.6403476563001563,0.5190993684033552,0.6062414394840053,0.52186410132819,0.4204348921775818,0.5071460457530412,0.255266339207689,0.24287349986843765
SNN_signed_rate,5,2718,SNN_signed_rate_f5_s2718,2,0.3422001052556573,0.24239150900393724,0.49904298125860036,0.2916591582320771,0.21230891346931458,0.3967512238138127,0.2574701157088081,0.23655940010212362
SNN_signed_rate,5,2718,SNN_signed_rate_f5_s2718,3,0.24540335922988113,0.1643064486949394,0.40548455267470845,0.23304827037940984,0.16973017156124115,0.3165904940908435,0.2612697271009286,0.23911950015462935
SNN_signed_rate,5,2718,SNN_signed_rate_f5_s2718,4,0.21498843461955577,0.1465036707231775,0.34242381948189154,0.21313528897065037,0.16180573403835297,0.256647774661487,0.26423113824178773,0.2346262999344617
SNN_signed_rate,5,2718,SNN_signed_rate_f5_s2718,5,0.19557633410252714,0.13538131746463478,0.3009750831894619,0.20076683646103122,0.15841269493103027,0.2117707076500047,0.2659156322479248,0.2353542000055313
SNN_signed_rate,5,2718,SNN_signed_rate_f5_s2718,6,0.17931721626495348,0.12650966896520308,0.26403773649875206,0.1916980951326261,0.15529415011405945,0.18201972509283315,0.2683953481415908,0.23645889991894364
SNN_signed_rate,5,2718,SNN_signed_rate_f5_s2718,7,0.16689968194383073,0.12027047489148875,0.23314603526170974,0.18402027074364746,0.1523997038602829,0.15810283441682282,0.2693257636080186,0.23930759984068573
SNN_signed_rate,5,2718,SNN_signed_rate_f5_s2718,8,0.15817858587098435,0.11494001125295956,0.21619287309012392,0.17801255555272852,0.1494889110326767,0.1426182226002591,0.2716144770383835,0.2391426998656243
SNN_signed_rate,5,2718,SNN_signed_rate_f5_s2718,9,0.14753276406449603,0.10804792122992997,0.1974242141728303,0.1773587038129006,0.1518576443195343,0.1275052974668314,0.27290433924645185,0.24085209984332323
SNN_signed_rate,5,2718,SNN_signed_rate_f5_s2718,10,0.13753780292351117,0.10339131648652256,0.17073243218494313,0.17566667505452094,0.15223278105258942,0.11716947000965758,0.2741129258647561,0.23578509991057217
SNN_signed_rate,5,2718,SNN_signed_rate_f5_s2718,11,0.13269702218807647,0.0989440261813191,0.1687649800337868,0.16841329787067086,0.14676563441753387,0.10823831726568488,0.27559922945996124,0.2431044999975711
SNN_signed_rate,5,2718,SNN_signed_rate_f5_s2718,12,0.1237993748518444,0.0945993152175409,0.14600029817151758,0.16717562991540014,0.14742699265480042,0.09874318630299854,0.27663544037689763,0.23858250002376735
SNN_signed_rate,5,2718,SNN_signed_rate_f5_s2718,13,0.11961140916152309,0.0911588507393996,0.1422627921106174,0.16643276395334763,0.14778821170330048,0.09322276125023575,0.2782012388731043,0.2374391001649201
SNN_signed_rate,5,2718,SNN_signed_rate_f5_s2718,14,0.11418131918748457,0.08761820136957492,0.1328155890895483,0.16453599488104945,0.14729493856430054,0.08620528158374458,0.2786030924568574,0.2419950000476092
SNN_signed_rate,5,2718,SNN_signed_rate_f5_s2718,15,0.10881949105251898,0.08270427540022258,0.1305760782614819,0.16539585369445806,0.1492694765329361,0.08063188580760977,0.27997671502331894,0.23687759996391833
SNN_signed_rate,5,2718,SNN_signed_rate_f5_s2718,16,0.10734040396391564,0.08021643156340967,0.13561986200252982,0.16068131482439502,0.14509432017803192,0.0779349732318155,0.28072490108509857,0.23807350010611117
SNN_signed_rate,5,2718,SNN_signed_rate_f5_s2718,17,0.10616654660853303,0.08136490082445864,0.12400822892037187,0.16182035750844193,0.14655551314353943,0.07632422182451254,0.2812692318111658,0.23640540009364486
SNN_signed_rate,5,2718,SNN_signed_rate_f5_s2718,18,0.1022299501718651,0.07667222413389634,0.12778863018984396,0.1590711734796517,0.1439879685640335,0.07541602457809092,0.28203717339783907,0.2385254001710564
SNN_signed_rate,5,2718,SNN_signed_rate_f5_s2718,19,0.09855670326297478,0.0732915829285048,0.12632560167234985,0.1593938441013437,0.14464347064495087,0.07375186728196417,0.28276542015373707,0.2401498998515308
SNN_signed_rate,5,2718,SNN_signed_rate_f5_s2718,20,0.0976837028389456,0.07255568935458238,0.12564006742181613,0.15626220649272296,0.1418982297182083,0.07181988387257329,0.2835607019563516,0.23632899997755885
SNN_signed_rate,5,2718,SNN_signed_rate_f5_s2718,21,0.09462839573333519,0.07044004666386172,0.12094174534736735,0.15634835952635176,0.1425989419221878,0.06874708802081973,0.28349600452929735,0.2409235001541674
SNN_signed_rate,5,2718,SNN_signed_rate_f5_s2718,22,0.09215092807404124,0.0712181068956852,0.1046641058917802,0.15825435111070718,0.14519284665584564,0.06530752227430776,0.28415797123064596,0.23855239991098642
SNN_signed_rate,5,2718,SNN_signed_rate_f5_s2718,23,0.08714651567153368,0.0648752037086524,0.11135655981440633,0.15174226727775947,0.13906465470790863,0.06338806284925426,0.2846787761275967,0.2404495000373572
SNN_signed_rate,5,2718,SNN_signed_rate_f5_s2718,24,0.08634952321679572,0.06760824423205729,0.09370639492369211,0.1514093552130339,0.13911794126033783,0.061457069763480296,0.2853936683386564,0.2554520999547094
SNN_signed_rate,5,2718,SNN_signed_rate_f5_s2718,25,0.08336880102344735,0.06387416354846209,0.09747318737492632,0.14853025305108314,0.13703542947769165,0.05747411786695743,0.28607669038077194,0.24872179981321096
SNN_signed_rate,5,2718,SNN_signed_rate_f5_s2718,26,0.08994784720518813,0.07034096317753817,0.09803442013824977,0.14955189825761947,0.1387663185596466,0.053927898489864276,0.2869815317293008,0.23923459998331964
SNN_signed_rate,5,2718,SNN_signed_rate_f5_s2718,27,0.0850661309546004,0.0645426372551204,0.10261746849740001,0.15057411684256353,0.1393958181142807,0.055891493641414075,0.28746627022822696,0.24976899987086654
SNN_signed_rate,5,2718,SNN_signed_rate_f5_s2718,28,0.07533223980494434,0.05707312714851772,0.0912955632821331,0.15263515589460028,0.1416136473417282,0.05510754276436033,0.2871427107602358,0.24060619994997978
SNN_signed_rate,5,2718,SNN_signed_rate_f5_s2718,29,0.07707258177918556,0.05804893647048933,0.09511822654348116,0.14932071102449213,0.13837090134620667,0.05474904839142736,0.2872513389835755,0.24064770014956594
SNN_signed_rate,5,2718,SNN_signed_rate_f5_s2718,30,0.07202299624365552,0.05553924825896198,0.08241873992346767,0.1563973102251466,0.1458408683538437,0.052782209356514585,0.2880957343926032,0.24407460005022585
SNN_signed_rate,5,2718,SNN_signed_rate_f5_s2718,31,0.07032438836778482,0.05531267373589799,0.07505857315943414,0.1461763227970556,0.13629558682441711,0.049403679863192475,0.28792151995003223,0.23799899988807738
SNN_signed_rate,5,2718,SNN_signed_rate_f5_s2718,32,0.06931162096913845,0.05091176216956228,0.09199929399788086,0.15511456975845164,0.1452714055776596,0.04921582090396012,0.28874222189188004,0.2411446999758482
SNN_signed_rate,5,2718,SNN_signed_rate_f5_s2718,33,0.06762180240658693,0.05168464296730235,0.07968579719642288,0.1436496954889523,0.13464374840259552,0.04502973543178383,0.28869143687188625,0.2385494001209736
SNN_signed_rate,5,2718,SNN_signed_rate_f5_s2718,34,0.06607214213895223,0.05001346062150939,0.0802934075872142,0.1480886582480802,0.13892772793769836,0.04580465155190923,0.288966351809601,0.2391981000546366
SNN_signed_rate,5,2718,SNN_signed_rate_f5_s2718,35,0.0650558439308326,0.05044147101580165,0.07307186457515473,0.14888475796824274,0.1401491016149521,0.043678281766453275,0.2893904900799195,0.24145599990151823
SNN_signed_rate,5,2718,SNN_signed_rate_f5_s2718,36,0.06515698956915429,0.04806296111200936,0.08547014228572465,0.145307923255828,0.13618971407413483,0.04559104590846589,0.2901085379223029,0.23826490016654134
SNN_signed_rate,5,2718,SNN_signed_rate_f5_s2718,37,0.06582064873859471,0.04798296712882196,0.08918840804886374,0.14556225677343004,0.13585811853408813,0.048520691196709494,0.2895911689847708,0.23891880013979971
SNN_signed_rate,5,2718,SNN_signed_rate_f5_s2718,38,0.063820523323372,0.047161498267087154,0.08329512528142424,0.14294220248216752,0.13355913758277893,0.04691532449694292,0.289192421361804,0.240185699891299
SNN_signed_rate,5,2718,SNN_signed_rate_f5_s2718,39,0.05969541427770553,0.043979756107243397,0.07857829085231068,0.14671637187703107,0.1371089369058609,0.04803717485585092,0.28997041781743366,0.23950020014308393
SNN_signed_rate,5,2718,SNN_signed_rate_f5_s2718,40,0.06052791478494408,0.04511693643871695,0.07705489173113565,0.14345444220312983,0.13434652984142303,0.04553956180853394,0.28981537247697514,0.2370285999495536
SNN_signed_rate,5,2718,SNN_signed_rate_f5_s2718,41,0.05881120512351303,0.04467359010595828,0.07068807508777376,0.14704169911812734,0.1384948045015335,0.04273447308296911,0.2904687362412612,0.24098180001601577
SNN_signed_rate,5,2718,SNN_signed_rate_f5_s2718,42,0.057697953270078074,0.04350286208015556,0.07097545594961259,0.14016291511927456,0.13194578886032104,0.041085631294767576,0.29055564540127915,0.23694289987906814
SNN_signed_rate,5,2718,SNN_signed_rate_f5_s2718,43,0.05537908987787001,0.04219615085700449,0.06591469510432761,0.14232867077267553,0.13433296978473663,0.03997850493969449,0.29079271915058297,0.24363989988341928
SNN_signed_rate,5,2718,SNN_signed_rate_f5_s2718,44,0.05734295388590268,0.04302086920264022,0.07161042341631228,0.14388233330802194,0.13604624569416046,0.03918043806930746,0.2915345598012209,0.24661040003411472
SNN_signed_rate,5,2718,SNN_signed_rate_f5_s2718,45,0.05434950764196999,0.04132683714851737,0.06511335246726309,0.1467103816778326,0.13895875215530396,0.038758147612643144,0.29142187753071386,0.24627010012045503
SNN_signed_rate,5,2718,SNN_signed_rate_f5_s2718,46,0.05214903017350777,0.03931910693063401,0.06414961621436878,0.14340572277521832,0.13555708527565002,0.03924318749784146,0.2909254462768634,0.237888399977237
SNN_signed_rate,5,2718,SNN_signed_rate_f5_s2718,47,0.05279486287104664,0.03840791197338452,0.07193475448831056,0.15712678183151305,0.14913135766983032,0.03997712080841358,0.2920336164534092,0.23825019993819296
SNN_signed_rate,5,2718,SNN_signed_rate_f5_s2718,48,0.053699061424166035,0.039325312905324004,0.07186874259421018,0.14467795499306868,0.1369144171476364,0.038817689227161396,0.2918295773367087,0.2382567001041025
SNN_signed_rate,5,2718,SNN_signed_rate_f5_s2718,49,0.050365673565616685,0.03738072013948113,0.06492476713067775,0.15067265871139068,0.14300695061683655,0.03832854047277064,0.29153520551820594,0.2434010999277234
SNN_signed_rate,5,2718,SNN_signed_rate_f5_s2718,50,0.05447710741868036,0.04048337634109581,0.06996865538792271,0.14769147880578196,0.14023752510547638,0.037269768501527946,0.29163188487291336,0.23737520002759993
SNN_signed_rate,5,2718,SNN_signed_rate_f5_s2718,51,0.04802721830396478,0.03596877975602789,0.0602921927396844,0.14431159993931622,0.13699065148830414,0.0366047422550604,0.29176600960393745,0.2413933000061661
SNN_signed_rate,5,2718,SNN_signed_rate_f5_s2718,52,0.052061566682027716,0.03787139144454462,0.0709508761874155,0.14631154087273282,0.13879242539405823,0.03759557739337291,0.29195311044653255,0.2437356999143958
SNN_signed_rate,5,2718,SNN_signed_rate_f5_s2718,53,0.047277317928410646,0.0344514201375811,0.0641294889541477,0.14741037581200894,0.13991829752922058,0.037460391413941745,0.29179270068804425,0.23694630013778806
SNN_signed_rate,5,2718,SNN_signed_rate_f5_s2718,54,0.04632061484041405,0.03496512450510636,0.056777451676538436,0.14425314919764262,0.13738469779491425,0.034342257013641825,0.29210934539635974,0.23989120009355247
SNN_signed_rate,5,2718,SNN_signed_rate_f5_s2718,55,0.043310014051239076,0.03231086261803284,0.054995757166031146,0.15094490629352508,0.1442524641752243,0.033462210591503935,0.29223605804145336,0.2371322000399232
SNN_signed_rate,5,2718,SNN_signed_rate_f5_s2718,56,0.0453689903727383,0.03368101889888445,0.05843985736926924,0.14543936139475275,0.13860519230365753,0.03417084545547614,0.2927171519647042,0.241556900087744
SNN_signed_rate,5,2718,SNN_signed_rate_f5_s2718,57,0.042552950781319265,0.03263876341225114,0.04957093684534064,0.14760819780203563,0.14098168909549713,0.03313254353269252,0.2928751775374015,0.2456732999999076
SNN_delta_event,1,42,SNN_delta_event_f1_s42,1,0.491217817168117,0.35781567436125544,0.6670107140343079,0.33672330328979966,0.22297167778015137,0.5687581275482415,0.2561874333355162,0.23322930000722408
SNN_delta_event,1,42,SNN_delta_event_f1_s42,2,0.2829066675286979,0.17643720735278395,0.5323473008795698,0.232716798719216,0.14242680370807648,0.45144997505569756,0.2589025030533473,0.22782979998737574
SNN_delta_event,1,42,SNN_delta_event_f1_s42,3,0.2210302172362141,0.1374473438080814,0.4179143671406636,0.1839738080991763,0.11048084497451782,0.3674648156232923,0.2609671996699439,0.22785639995709062
SNN_delta_event,1,42,SNN_delta_event_f1_s42,4,0.18718007999842592,0.12119558532204892,0.32992247338188513,0.15841645261116116,0.09759251773357391,0.3041196743879363,0.2625381810797585,0.23212220007553697
SNN_delta_event,1,42,SNN_delta_event_f1_s42,5,0.16510608196454069,0.10681832505183088,0.29143878456354905,0.13977501246230994,0.08869485557079315,0.255400784457584,0.26457407540745204,0.22380429995246232
SNN_delta_event,1,42,SNN_delta_event_f1_s42,6,0.15142862443914368,0.10053228150225348,0.25448171468445097,0.12726028295645833,0.08345899730920792,0.21900642823625205,0.2671425180302726,0.22337529994547367
SNN_delta_event,1,42,SNN_delta_event_f1_s42,7,0.1386702345162513,0.09441171456128358,0.22129259977483856,0.11568832599206877,0.07720992714166641,0.19239199425201178,0.26936580803659227,0.22341819992288947
SNN_delta_event,1,42,SNN_delta_event_f1_s42,8,0.1261042351999976,0.08520911719856991,0.20447559000713858,0.10869684843630806,0.07454477995634079,0.1707603423998363,0.27225462959872354,0.2259819998871535
SNN_delta_event,1,42,SNN_delta_event_f1_s42,9,0.11790877613535804,0.07957617067214516,0.19166302731606452,0.10193440241768167,0.07124797999858856,0.15343211209546553,0.27479437324735856,0.2258774999063462
SNN_delta_event,1,42,SNN_delta_event_f1_s42,10,0.11429512302494231,0.07648447589017451,0.18905323567383903,0.09876322378552406,0.07125718891620636,0.13753017434658849,0.27679503460725147,0.22578069986775517
SNN_delta_event,1,42,SNN_delta_event_f1_s42,11,0.10640114148625632,0.07444531270820233,0.15977914389026984,0.09230413735121767,0.06694331765174866,0.12680409849734509,0.27900444467862445,0.2251269998960197
SNN_delta_event,1,42,SNN_delta_event_f1_s42,12,0.10397022009305046,0.07150301962263055,0.16233600235209944,0.08982717974059214,0.06628654897212982,0.11770315384231159,0.2805453624990251,0.2250405999366194
SNN_delta_event,1,42,SNN_delta_event_f1_s42,13,0.09491304841743443,0.06650872664112184,0.14202160888156293,0.0845440876837878,0.06299932301044464,0.10772382336671572,0.28265084425608317,0.22641339991241693
SNN_delta_event,1,42,SNN_delta_event_f1_s42,14,0.09454958637077139,0.06638934299763706,0.14080121686567165,0.0830469428949824,0.062779001891613,0.10133970501684696,0.28481292095449234,0.22815020009875298
SNN_delta_event,1,42,SNN_delta_event_f1_s42,15,0.09124847950715911,0.06476117598099841,0.1324365176308035,0.07915275338114562,0.06039346754550934,0.09379642917818139,0.28714225656456416,0.22403959999792278
SNN_delta_event,1,42,SNN_delta_event_f1_s42,16,0.08335093141085334,0.059304005155960716,0.1202346312744632,0.07609381435775543,0.058332446962594986,0.08880683697580223,0.2883673972553677,0.22759389993734658
SNN_delta_event,1,42,SNN_delta_event_f1_s42,17,0.08311781007274477,0.057959648894353046,0.12579080589195854,0.07671872217283582,0.05939989164471626,0.08659415264059775,0.28959947095976935,0.23068789998069406
SNN_delta_event,1,42,SNN_delta_event_f1_s42,18,0.08338564866862942,0.05803558894743522,0.12675029860597103,0.07685140809566479,0.06010773032903671,0.08371838883314038,0.2913865493403541,0.22841480001807213
SNN_delta_event,1,42,SNN_delta_event_f1_s42,19,0.07796366384187287,0.055280609221922024,0.11341527309975417,0.07486698426932932,0.05856529623270035,0.08150844018314486,0.2925696916050381,0.23446290008723736
SNN_delta_event,1,42,SNN_delta_event_f1_s42,20,0.0729683627319686,0.052692713050378696,0.10137824840794961,0.07141841271439585,0.05608617514371872,0.07666118785338563,0.29328348570399815,0.22323799994774163
SNN_delta_event,1,42,SNN_delta_event_f1_s42,21,0.0710729235398224,0.05031351234970821,0.10379705595057097,0.07009786695787376,0.055127907544374466,0.07484979706749645,0.29476746585634017,0.2241171000059694
SNN_delta_event,1,42,SNN_delta_event_f1_s42,22,0.07199721358484888,0.050125098466459246,0.10936057559194824,0.07297882524551098,0.05818670615553856,0.07396059544986212,0.29579590095414054,0.22974340012297034
SNN_delta_event,1,42,SNN_delta_event_f1_s42,23,0.06680016637504084,0.04877731680042214,0.09011424787309351,0.0718697425190104,0.05814279988408089,0.06863471317464759,0.29657804369926455,0.2262293000239879
SNN_delta_event,1,42,SNN_delta_event_f1_s42,24,0.07448318130925358,0.05100663901410169,0.11738271147575939,0.07078178669032975,0.056283771991729736,0.07249007349300003,0.29763521684540645,0.22586190002039075
SNN_delta_event,1,42,SNN_delta_event_f1_s42,25,0.06756796468340968,0.048894412391301656,0.09336776146054014,0.07064150238197843,0.056823842227458954,0.06908830077259735,0.298448195722368,0.22621840005740523
SNN_delta_event,1,42,SNN_delta_event_f1_s42,26,0.06426494715042058,0.04701589418368207,0.08624526483369253,0.0711425067281867,0.0574604757130146,0.06841015507586046,0.29988607499334546,0.2273311000317335
SNN_delta_event,1,42,SNN_delta_event_f1_s42,27,0.0660309829266832,0.04564811830512351,0.10191432310779841,0.0714004046496619,0.05775076150894165,0.06824821570360122,0.29994098676575554,0.2267672000452876
SNN_delta_event,1,42,SNN_delta_event_f1_s42,28,0.06278493812694959,0.04662258620891306,0.08081175959018268,0.0707093829391205,0.05782008543610573,0.06444648751507388,0.30048058695263336,0.22589240013621747
SNN_delta_event,1,42,SNN_delta_event_f1_s42,29,0.06047695999816662,0.04221397225434582,0.09131493871910404,0.07161257436039141,0.05792966112494469,0.06841456617723363,0.30172328684065075,0.22670570015907288
SNN_delta_event,1,42,SNN_delta_event_f1_s42,30,0.05878202719352767,0.041452464823507604,0.0866478118501003,0.07150828622142288,0.05809835344552994,0.06704966387946473,0.301418231593238,0.2221317000221461
SNN_delta_event,1,42,SNN_delta_event_f1_s42,31,0.056869540957434406,0.0393870198348951,0.0874126056126965,0.07131174245567824,0.05716174468398094,0.0707499888584865,0.3025357206662496,0.224251699866727
SNN_delta_event,1,42,SNN_delta_event_f1_s42,32,0.05745637321728111,0.04029675635716153,0.08579808430059788,0.0714980248344128,0.057481590658426285,0.07008217087993253,0.30269769496387905,0.22197790001519024
SNN_delta_event,1,42,SNN_delta_event_f1_s42,33,0.055507324605733536,0.03949049224870072,0.08008416178516405,0.07232138793990944,0.05895126610994339,0.06685060914983026,0.30348862277136907,0.2234353998210281
SNN_delta_event,1,42,SNN_delta_event_f1_s42,34,0.05380868203821379,0.03831357862282958,0.07747551707692105,0.07321396018046236,0.059353306889534,0.06930326645464181,0.3038976867993673,0.2229021000675857
SNN_delta_event,1,42,SNN_delta_event_f1_s42,35,0.053957774912170096,0.03732431152214607,0.08316731695012015,0.07376588496951114,0.05999324470758438,0.06886320130963378,0.30405363506740996,0.23890489991754293
SNN_delta_event,1,42,SNN_delta_event_f1_s42,36,0.05760605815960292,0.039702351567231946,0.08951853296185489,0.07639585188100392,0.06193487346172333,0.072304892096403,0.3043550610542297,0.23968040011823177
SNN_delta_event,1,314,SNN_delta_event_f1_s314,1,0.5646617793708456,0.4366846688919597,0.6398855523944301,0.4162025439683522,0.3087027072906494,0.537499183388514,0.27801210019323563,0.22735189995728433
SNN_delta_event,1,314,SNN_delta_event_f1_s314,2,0.2939333664281589,0.1864846483286884,0.5372435904973526,0.23100643232418372,0.13901230692863464,0.45997062697774527,0.2829081591632631,0.22343720006756485
SNN_delta_event,1,314,SNN_delta_event_f1_s314,3,0.22369719905511462,0.13449247028264735,0.44602364386233617,0.1773280273577506,0.09946111589670181,0.38933455730524386,0.2874595046043396,0.22209440008737147
SNN_delta_event,1,314,SNN_delta_event_f1_s314,4,0.1911768493562036,0.11268821300731766,0.39244318174442944,0.15429565962229935,0.08725349605083466,0.33521081785732343,0.2884295688735114,0.2225093999877572
SNN_delta_event,1,314,SNN_delta_event_f1_s314,5,0.17893966783372217,0.10772901628580359,0.35605325773959257,0.13947210851859454,0.08109623193740845,0.2918793829059304,0.2895503325594796,0.22378439991734922
SNN_delta_event,1,314,SNN_delta_event_f1_s314,6,0.15328204704870205,0.09482466139727169,0.29228692825715186,0.1304366812277063,0.07955574989318848,0.2544046566725891,0.2903014904922909,0.21853269985876977
SNN_delta_event,1,314,SNN_delta_event_f1_s314,7,0.14249309439178123,0.09112810680849684,0.2568249379164218,0.1204823392351097,0.07582652568817139,0.22327906773469158,0.2914366563161214,0.21905679977498949
SNN_delta_event,1,314,SNN_delta_event_f1_s314,8,0.1333925285520814,0.08591512507862514,0.23738701736728104,0.1141183463704549,0.07481513172388077,0.1965160732328706,0.2932665076520708,0.2258516000583768
SNN_delta_event,1,314,SNN_delta_event_f1_s314,9,0.12157162787918249,0.07840615092880196,0.2158273847519026,0.10894244359800379,0.07334429025650024,0.17799076670751765,0.29485392901632523,0.21842659986577928
SNN_delta_event,1,314,SNN_delta_event_f1_s314,10,0.11967808428823418,0.07665890567004681,0.2150958930909367,0.10420906738003838,0.07158839702606201,0.16310335176988183,0.2966192146142324,0.22069840016774833
SNN_delta_event,1,314,SNN_delta_event_f1_s314,11,0.11778688053508775,0.07660625419682926,0.20590313169129237,0.1035711410196028,0.07302257418632507,0.15274283416638862,0.2982129633426666,0.2242642999626696
SNN_delta_event,1,314,SNN_delta_event_f1_s314,12,0.10800451031333196,0.07212541210982534,0.17939549101753305,0.09960281776304929,0.0716361254453659,0.1398334615884169,0.30013211634424,0.22375020012259483
SNN_delta_event,1,314,SNN_delta_event_f1_s314,13,0.10338079081805426,0.06798207776414024,0.17699356526957005,0.09762207110421123,0.07112700492143631,0.1324753309138746,0.30154503650135467,0.2202398998197168
SNN_delta_event,1,314,SNN_delta_event_f1_s314,14,0.09985594539636947,0.06628514075030884,0.16785402323030318,0.09741129556757824,0.07229563593864441,0.12557829814466917,0.30317745274967617,0.2211232997942716
SNN_delta_event,1,314,SNN_delta_event_f1_s314,15,0.09264281360929982,0.06322835836973455,0.14707227619782634,0.09553300962188627,0.072201669216156,0.1166567020286513,0.304716475142373,0.2266035999637097
SNN_delta_event,1,314,SNN_delta_event_f1_s314,16,0.09088395657833509,0.061442605550918315,0.14720675513708384,0.0932589704401768,0.07123269885778427,0.11013135791196259,0.30644552244080436,0.22128639998845756
SNN_delta_event,1,314,SNN_delta_event_f1_s314,17,0.08946563089944283,0.05957438392150733,0.14945623488967746,0.09050983897587314,0.06895563751459122,0.1077710073064096,0.3072050995296902,0.2256674999371171
SNN_delta_event,1,314,SNN_delta_event_f1_s314,18,0.08645638610764891,0.05922165715859996,0.1361736447452448,0.09406672714550826,0.07405420392751694,0.10006261608995662,0.3082367287741767,0.22101430012844503
SNN_delta_event,1,314,SNN_delta_event_f1_s314,19,0.0801528068017619,0.057744777223302256,0.11204014789229817,0.09028495235223544,0.07121018320322037,0.09537384574507536,0.30925130314297145,0.22651079995557666
SNN_delta_event,1,314,SNN_delta_event_f1_s314,20,0.08425651475002448,0.056386526518811785,0.1393499411560635,0.09140060463693933,0.0731317326426506,0.09134435997144363,0.31023793949021233,0.2196053999941796
SNN_delta_event,1,314,SNN_delta_event_f1_s314,21,0.0804520821682654,0.057116971475382645,0.11667555346441373,0.08826683594935177,0.07091941684484482,0.08673709552253472,0.31137761539883085,0.22113309986889362
SNN_delta_event,1,314,SNN_delta_event_f1_s314,22,0.07938764297759025,0.05169684989377856,0.13845396541905847,0.09223499476619507,0.075075663626194,0.08579665570000529,0.31216511461469865,0.24819569988176227
SNN_delta_event,1,314,SNN_delta_event_f1_s314,23,0.07615347529703993,0.05097496300521824,0.12589256145910838,0.09040992539631337,0.0734579861164093,0.08475969639952032,0.31312810248798795,0.22354530007578433
SNN_delta_event,1,314,SNN_delta_event_f1_s314,24,0.07166409376013137,0.0499822408788734,0.10840926440628978,0.09163379293364528,0.07536519318819046,0.08134299872727407,0.31315506829155815,0.2232808000408113
SNN_delta_event,1,314,SNN_delta_event_f1_s314,25,0.06919796794711085,0.04788092425506976,0.1065852184602054,0.08971154412573835,0.07459226250648499,0.07559640809626686,0.3139067093531291,0.2322406000457704
SNN_delta_event,1,314,SNN_delta_event_f1_s314,26,0.06887705029299637,0.0457787916271223,0.11549129332937046,0.08992898180285858,0.07538007944822311,0.0727445117731773,0.3147688468297323,0.2274555000476539
SNN_delta_event,1,314,SNN_delta_event_f1_s314,27,0.06614457045196963,0.04719155106900467,0.09476509691482474,0.09062316632600403,0.0768725648522377,0.06875300736883162,0.3153292543358273,0.22294899984262884
SNN_delta_event,1,314,SNN_delta_event_f1_s314,28,0.07202387990966888,0.044500302264673844,0.1376178882249752,0.09035057602859337,0.07560883462429047,0.07370870702151452,0.31570128467347885,0.22034340002574027
SNN_delta_event,1,314,SNN_delta_event_f1_s314,29,0.06370000776684773,0.04363283198326826,0.10033587891789726,0.08827036681750389,0.07402081042528152,0.07124778196111183,0.3162531428866916,0.22238709987141192
SNN_delta_event,1,314,SNN_delta_event_f1_s314,30,0.06809249656215394,0.046379371422032516,0.10856562570060703,0.08949777762721818,0.07559141516685486,0.0695318123018166,0.31644328898853724,0.22287920000962913
SNN_delta_event,1,314,SNN_delta_event_f1_s314,31,0.06726751822145358,0.04335789505599274,0.11954811582730412,0.09082001506200066,0.07682392001152039,0.06998047525240138,0.3166616287496355,0.22575880005024374
SNN_delta_event,1,314,SNN_delta_event_f1_s314,32,0.06299740136318942,0.04193740021437407,0.10530000574407679,0.08947219897435857,0.07519333064556122,0.07139434164398671,0.31663350661595663,0.22088310006074607
SNN_delta_event,1,314,SNN_delta_event_f1_s314,33,0.06007899505098446,0.040382496464169686,0.09848249293407389,0.09015672327454471,0.07666929811239243,0.06743712581076146,0.3168972432613373,0.22480960004031658
SNN_delta_event,1,314,SNN_delta_event_f1_s314,34,0.05894131126262904,0.03972697528079152,0.09607167990918761,0.08985425490563927,0.076753631234169,0.06550311835735131,0.317137559917238,0.23080959985964
SNN_delta_event,1,314,SNN_delta_event_f1_s314,35,0.057593596834186016,0.03912422287588318,0.09234686979151417,0.09129025047868375,0.07866042852401733,0.06314910977333203,0.3172587209277683,0.24475640011951327
SNN_delta_event,1,314,SNN_delta_event_f1_s314,36,0.05582787714807952,0.03937525595538318,0.08226310596348169,0.08986299291467788,0.07822108268737793,0.05820955113649972,0.31847136749161614,0.2252275999635458
SNN_delta_event,1,2718,SNN_delta_event_f1_s2718,1,0.658674183226926,0.5352414558331172,0.6171636369690433,0.5416501586162413,0.4308543801307678,0.5539788924273673,0.25230737196074593,0.22034460003487766
SNN_delta_event,1,2718,SNN_delta_event_f1_s2718,2,0.33207935562431995,0.23207335588004854,0.5000299987213572,0.27287711553391636,0.17923197150230408,0.4682257201580615,0.25617973970042335,0.22164619993418455
SNN_delta_event,1,2718,SNN_delta_event_f1_s2718,3,0.22637536529859767,0.1444595281034708,0.4095791859756345,0.19535331131420403,0.11588682979345322,0.39733240760375405,0.2619371039999856,0.2280472000129521
SNN_delta_event,1,2718,SNN_delta_event_f1_s2718,4,0.1876661330859481,0.11651437402599388,0.3557587952997712,0.16962582221840772,0.10182634741067886,0.33899737403864433,0.2658366594049666,0.2259559000376612
SNN_delta_event,1,2718,SNN_delta_event_f1_s2718,5,0.16494518185934806,0.1064860491702954,0.29229566344526337,0.15315316992385364,0.09619352966547012,0.28479820129191763,0.2683431976371341,0.22479210002347827
SNN_delta_event,1,2718,SNN_delta_event_f1_s2718,6,0.1485199658083438,0.09930356467763583,0.24608200565353996,0.14100655115003527,0.09212188422679901,0.2444233346161813,0.27085520558887055,0.22286890004761517
SNN_delta_event,1,2718,SNN_delta_event_f1_s2718,7,0.13982116549011397,0.09228245802223682,0.23769353733938575,0.135052559885002,0.09235405176877975,0.21349254058111122,0.27335530983077155,0.2232200000435114
SNN_delta_event,1,2718,SNN_delta_event_f1_s2718,8,0.12898267586586332,0.08639755089663798,0.2129256248461268,0.1261387438942153,0.08885998278856277,0.1863938055282627,0.2752603511015574,0.22428999980911613
SNN_delta_event,1,2718,SNN_delta_event_f1_s2718,9,0.1252789753118844,0.08482894725683662,0.20225014027523874,0.12333119916163873,0.08986131846904755,0.16734940346295588,0.2780777305364609,0.2179998999927193
SNN_delta_event,1,2718,SNN_delta_event_f1_s2718,10,0.11608189054081686,0.0794987281370494,0.1829158120188372,0.12051635034869765,0.09020932018756866,0.15153515080564492,0.27944157587157353,0.23052250011824071
SNN_delta_event,1,2718,SNN_delta_event_f1_s2718,11,0.10776012459691622,0.07322099612404903,0.17269564236433602,0.11488277340743029,0.08751440793275833,0.1368418273733598,0.28173352082570396,0.2308630000334233
SNN_delta_event,1,2718,SNN_delta_event_f1_s2718,12,0.10411212932517751,0.07414881798128287,0.1498165567194733,0.11363197588266057,0.08843041211366653,0.12600781884497014,0.2836540679136912,0.2224924999754876
SNN_delta_event,1,2718,SNN_delta_event_f1_s2718,13,0.1014108890377346,0.07080620858404371,0.15302340226845457,0.11147525545337304,0.08801218122243881,0.11731537115467115,0.2852901425626543,0.22582639986649156
SNN_delta_event,1,2718,SNN_delta_event_f1_s2718,14,0.09975634780862228,0.07301284129627877,0.13371753256171742,0.10807429395418766,0.08646464347839355,0.1080482523789705,0.2865169412559933,0.22311179991811514
SNN_delta_event,1,2718,SNN_delta_event_f1_s2718,15,0.09197796413570958,0.06651228113720814,0.1273284149925072,0.10928790668425994,0.08902567625045776,0.1013111521690109,0.28792574206988014,0.2225516999606043
SNN_delta_event,1,2718,SNN_delta_event_f1_s2718,16,0.09638860820876641,0.06998605117615726,0.1320127851630457,0.10833588035910671,0.0891256257891655,0.09605127284970609,0.2894194417529636,0.22664879984222353
SNN_delta_event,1,2718,SNN_delta_event_f1_s2718,17,0.08464558428747974,0.0613366864518159,0.11654448917831925,0.10408315221631081,0.08621252328157425,0.08935314467368281,0.2904799573951297,0.21761150006204844
SNN_delta_event,1,2718,SNN_delta_event_f1_s2718,18,0.09002520758398863,0.0653104209030668,0.12357393340460925,0.10167476521671469,0.08452478051185608,0.08574992352429302,0.29119618203904896,0.21762169990688562
SNN_delta_event,1,2718,SNN_delta_event_f1_s2718,19,0.08112836782709265,0.05836612622564038,0.11381120800726131,0.10331178870812244,0.08695951849222183,0.08176135107950305,0.2922939439614614,0.21872539981268346
SNN_delta_event,1,2718,SNN_delta_event_f1_s2718,20,0.08108213589594021,0.057796620515485606,0.11642757690227297,0.10083077366606005,0.08481338620185852,0.08008693732100762,0.29287085665596857,0.2205514998640865
SNN_delta_event,1,2718,SNN_delta_event_f1_s2718,21,0.08026249712515879,0.055907014053728846,0.12177741535714973,0.10099112655746974,0.0855296328663826,0.07730746845543571,0.2940194388230642,0.2226051001343876
SNN_delta_event,1,2718,SNN_delta_event_f1_s2718,22,0.07594691769847764,0.05496257389378217,0.1049217190234774,0.1010466648948109,0.086342953145504,0.07351855874653454,0.2946553289890289,0.22245469992049038
SNN_delta_event,1,2718,SNN_delta_event_f1_s2718,23,0.07586268594907887,0.0532659408946832,0.11298372527197825,0.0996362112238539,0.08576344698667526,0.06936382118589318,0.29502256843778824,0.22980490000918508
SNN_delta_event,1,2718,SNN_delta_event_f1_s2718,24,0.07325611957410152,0.05202463927368323,0.10615740150209155,0.10020057680659762,0.08646437525749207,0.06868100774552777,0.29572310315238104,0.2287763999775052
SNN_delta_event,1,2718,SNN_delta_event_f1_s2718,25,0.0687738363151851,0.051204740845908724,0.08784547734638186,0.0995488370969497,0.08661330491304398,0.0646776609195286,0.29581819242901275,0.22874889988452196
SNN_delta_event,1,2718,SNN_delta_event_f1_s2718,26,0.067090928734125,0.04852647993506657,0.09282224399529222,0.100081272440095,0.08768229931592941,0.06199486562082794,0.29651340113745794,0.2261274999473244
SNN_delta_event,1,2718,SNN_delta_event_f1_s2718,27,0.06807944160660115,0.04778963217718734,0.10144904714706905,0.0957899230836116,0.08360668271780014,0.0609162018290573,0.29680488308270775,0.2214204000774771
SNN_delta_event,1,2718,SNN_delta_event_f1_s2718,28,0.0684962859710587,0.047770735673192476,0.10362775148933111,0.09724028584886796,0.08493474125862122,0.06152772295123367,0.29713250928454926,0.22614520019851625
SNN_delta_event,1,2718,SNN_delta_event_f1_s2718,29,0.06335772117797221,0.04522865913911826,0.09064531019426968,0.0998689689450082,0.08744095265865326,0.06214008143177472,0.2974310259024302,0.22246049996465445
SNN_delta_event,1,2718,SNN_delta_event_f1_s2718,30,0.06020939730233405,0.04381058178842068,0.08199407756956682,0.09544542479906173,0.08367089927196503,0.058872627635483524,0.29719748232099746,0.22612190013751388
SNN_delta_event,1,2718,SNN_delta_event_f1_s2718,31,0.0623964636591612,0.043753472684572144,0.09321495487294526,0.09556132572285274,0.08443445712327957,0.05563434299786584,0.29775134126345315,0.2238241999875754
SNN_delta_event,1,2718,SNN_delta_event_f1_s2718,32,0.058740676808429,0.042781816009018155,0.0797943039970542,0.09691062481600989,0.08581706136465073,0.055467817256795796,0.29792415102322894,0.22547830012626946
SNN_delta_event,1,2718,SNN_delta_event_f1_s2718,33,0.059920663955586456,0.04302129149436951,0.08449686230608473,0.09911406584752788,0.08839932829141617,0.05357368778055853,0.2984728283352322,0.22348199994303286
SNN_delta_event,1,2718,SNN_delta_event_f1_s2718,34,0.05626718231793293,0.04098060242831707,0.07643289944807934,0.09373155736476124,0.08341530710458755,0.051581251300868464,0.2986038770940569,0.23801740002818406
SNN_delta_event,1,2718,SNN_delta_event_f1_s2718,35,0.05884773179430934,0.04202431459497247,0.08411708599668435,0.0994384935851763,0.08898326009511948,0.052276167450284135,0.29869361519813536,0.2311408999375999
SNN_delta_event,1,2718,SNN_delta_event_f1_s2718,36,0.054903272150866544,0.04018849742391871,0.07357387363473915,0.09277090376486706,0.08319879323244095,0.047860552662130545,0.2989847309059567,0.22270749998278916
SNN_delta_event,1,2718,SNN_delta_event_f1_s2718,37,0.05528900785760704,0.03973067948180768,0.07779164187899681,0.09703266195671464,0.08712450414896011,0.04954078903877266,0.29892203344239127,0.22703720000572503
SNN_delta_event,1,2718,SNN_delta_event_f1_s2718,38,0.05786210129848138,0.040057842860308786,0.08902129219086288,0.09355058372136774,0.08318723738193512,0.0518167316971631,0.2991944458749559,0.2285243000369519
SNN_delta_event,1,2718,SNN_delta_event_f1_s2718,39,0.05332654555449428,0.03948862249445584,0.0691896153001921,0.09801146863745032,0.08834078907966614,0.04835339778892093,0.2991112172603607,0.23071649996563792
SNN_delta_event,1,2718,SNN_delta_event_f1_s2718,40,0.049974005398028876,0.03716412596404552,0.0640493971699167,0.0976118555673575,0.08829683810472488,0.046575087313163115,0.29938257601526047,0.2235239001456648
SNN_delta_event,1,2718,SNN_delta_event_f1_s2718,41,0.05116992390986219,0.0359790769767844,0.07595423466538898,0.09877947049559242,0.08907131105661392,0.04854079719489249,0.2991840018166436,0.22791190003044903
SNN_delta_event,1,2718,SNN_delta_event_f1_s2718,42,0.051393740647066435,0.03671344207185838,0.07340149287604025,0.09585349893312019,0.08662987500429153,0.046118119644143286,0.2992627580960592,0.22214480000548065
SNN_delta_event,1,2718,SNN_delta_event_f1_s2718,43,0.049759933311344075,0.034880931044204366,0.0743950113356985,0.09704404274396297,0.08804178982973099,0.04501126457115989,0.29923751817809213,0.2258475001435727
SNN_delta_event,1,2718,SNN_delta_event_f1_s2718,44,0.04688236819386283,0.03440593005054527,0.06238219071658782,0.09480410046355416,0.08579804003238678,0.04503030215583689,0.29936510920524595,0.22132319980300963
SNN_delta_event,1,2718,SNN_delta_event_f1_s2718,45,0.047334218454741235,0.033438797196787266,0.06947710628976976,0.09497887827947045,0.08580004423856735,0.0458941702045155,0.29978728691736856,0.22249739989638329
SNN_delta_event,1,2718,SNN_delta_event_f1_s2718,46,0.0482203873589371,0.032553635439318086,0.078333759598095,0.09726218086156727,0.08728576451539993,0.04988208173083669,0.2995218992233276,0.22415329981595278
SNN_delta_event,1,2718,SNN_delta_event_f1_s2718,47,0.0460443290986676,0.03312716856598854,0.06458580266339523,0.09792200399038303,0.08847332000732422,0.047243419915294085,0.2999315434032016,0.22180690011009574
SNN_delta_event,1,2718,SNN_delta_event_f1_s2718,48,0.0464944690530598,0.0321871733189457,0.07153647867057053,0.09809314449461369,0.08812593668699265,0.0498360390381052,0.29954260256555343,0.22433580015785992
SNN_delta_event,1,2718,SNN_delta_event_f1_s2718,49,0.04772325039257286,0.031209587740401428,0.0825683132608572,0.09834186584386262,0.08792997151613235,0.05205947163865128,0.29954954584439597,0.2238902000244707
SNN_delta_event,1,2718,SNN_delta_event_f1_s2718,50,0.04412340275100004,0.03169412620158659,0.06214638274706725,0.1006351359926144,0.09079056978225708,0.04922283105178653,0.2995882789293925,0.2201143999118358
SNN_delta_event,1,2718,SNN_delta_event_f1_s2718,51,0.04559908077495046,0.031387887072438996,0.07105596851255734,0.10269326682949244,0.09250572323799133,0.05093771795750555,0.2998589674631755,0.22285979986190796
SNN_delta_event,2,42,SNN_delta_event_f2_s42,1,0.4798788638931933,0.34689638358023434,0.6649124015647945,0.2283484180618382,0.12917359173297882,0.49587413164429694,0.25683992306391396,0.22179620014503598
SNN_delta_event,2,42,SNN_delta_event_f2_s42,2,0.2830944198606379,0.17864549789163803,0.5222446098449998,0.1546171005604402,0.08053463697433472,0.3704123179305275,0.2598775376876195,0.22198519995436072
SNN_delta_event,2,42,SNN_delta_event_f2_s42,3,0.23246567754159791,0.1504111645122369,0.41027256514680527,0.12083906918295526,0.06392453610897064,0.28457266536992304,0.26151632136768765,0.22019259980879724
SNN_delta_event,2,42,SNN_delta_event_f2_s42,4,0.19436987906925202,0.12964575340350468,0.3236206283287368,0.09949834823046091,0.054286062717437744,0.22606142756511582,0.2634560452567207,0.2223678999580443
SNN_delta_event,2,42,SNN_delta_event_f2_s42,5,0.1728601715775604,0.11800587102770806,0.27427150274926165,0.08424894928088728,0.04774274304509163,0.18253103117897823,0.2655169794956843,0.22873149998486042
SNN_delta_event,2,42,SNN_delta_event_f2_s42,6,0.16207761092787584,0.11257661659684447,0.247504971655157,0.07325702370712592,0.04346419870853424,0.1489641249929584,0.2679213335116704,0.21966429986059666
SNN_delta_event,2,42,SNN_delta_event_f2_s42,7,0.14022259174633467,0.09780645540191067,0.21208068172211997,0.06561533986491228,0.04049448296427727,0.12560428450317504,0.27005624108844334,0.22073309984989464
SNN_delta_event,2,42,SNN_delta_event_f2_s42,8,0.13056084179346378,0.0931246479973197,0.18718096898072045,0.05938022248470371,0.038210563361644745,0.10584829561529482,0.2723541541232003,0.22198989987373352
SNN_delta_event,2,42,SNN_delta_event_f2_s42,9,0.12112833428852127,0.08953091243488921,0.15798710926816037,0.0544842190707817,0.03657934069633484,0.08952439187223431,0.27517403264840445,0.224992600036785
SNN_delta_event,2,42,SNN_delta_event_f2_s42,10,0.11691094826053884,0.08463988888284399,0.16135529688847422,0.04995211125943083,0.034358032047748566,0.07797039605841134,0.2768587307797538,0.22838520002551377
SNN_delta_event,2,42,SNN_delta_event_f2_s42,11,0.1052263529484438,0.07841037656697962,0.134079881907321,0.04685367636792596,0.03334026411175728,0.0675670612808434,0.27920068899790446,0.2254570999648422
SNN_delta_event,2,42,SNN_delta_event_f2_s42,12,0.0999144189239536,0.07562808591044612,0.12143166506753747,0.044166985717514214,0.03225558251142502,0.059557016030445976,0.28058733178509604,0.21924020000733435
SNN_delta_event,2,42,SNN_delta_event_f2_s42,13,0.10094964905643806,0.07504467523346345,0.12952486911487307,0.04248279845728627,0.031813930720090866,0.053344338685977016,0.2817827883693907,0.223921500146389
SNN_delta_event,2,42,SNN_delta_event_f2_s42,14,0.09030303698242265,0.07017625706891219,0.10063389956755225,0.040987210948629386,0.031517960131168365,0.0473462540873051,0.28318631649017334,0.22705250000581145
SNN_delta_event,2,42,SNN_delta_event_f2_s42,15,0.0915725943219434,0.06927780960169104,0.11147392360126174,0.037498529704065066,0.028856880962848663,0.04320824370608202,0.28465476168526543,0.22404020000249147
SNN_delta_event,2,42,SNN_delta_event_f2_s42,16,0.08651388506494859,0.06533124840093983,0.10591318332004378,0.03541095427741185,0.02752126194536686,0.03944846166022496,0.2855518188741472,0.22091550007462502
SNN_delta_event,2,42,SNN_delta_event_f2_s42,17,0.08335668573383911,0.06308480561193493,0.10135940060952099,0.034450151912235424,0.0272502601146698,0.03599945898782813,0.2858855472670661,0.23116640001535416
SNN_delta_event,2,42,SNN_delta_event_f2_s42,18,0.07949659744218762,0.06053961730665631,0.09478490067765652,0.03348381114268453,0.02679639682173729,0.0334370716047362,0.2871815284093221,0.23509750002995133
SNN_delta_event,2,42,SNN_delta_event_f2_s42,19,0.07782155972590504,0.059792902962201175,0.0901432838185194,0.03170656233118062,0.02556752972304821,0.030695163040662058,0.2879272268878089,0.23454670002683997
SNN_delta_event,2,42,SNN_delta_event_f2_s42,20,0.08090470253857229,0.057511320249694915,0.11696691144438684,0.031020714024714423,0.025089045986533165,0.02965834019090629,0.2878589140044318,0.22512009995989501
SNN_delta_event,2,42,SNN_delta_event_f2_s42,21,0.07319247469991559,0.05717568923201826,0.08008392733948663,0.03132295712881353,0.025784559547901154,0.027691987904561857,0.28832086357805464,0.2212940000463277
SNN_delta_event,2,42,SNN_delta_event_f2_s42,22,0.06949301955338964,0.05498232305981219,0.07255348246788722,0.029704103513837517,0.024623123928904533,0.02540489792466492,0.28915142284499273,0.22080740006640553
SNN_delta_event,2,42,SNN_delta_event_f2_s42,23,0.0690366447744963,0.052965928645183645,0.08035358064656328,0.028383858198997032,0.023623621091246605,0.023801185538752136,0.2893740001651976,0.22830779990181327
SNN_delta_event,2,42,SNN_delta_event_f2_s42,24,0.06963044237429351,0.05165926799333344,0.0898558719048003,0.031195682323180467,0.0266494732350111,0.022731045440846826,0.2901626163058811,0.22492139996029437
SNN_delta_event,2,42,SNN_delta_event_f2_s42,25,0.06714909111748497,0.051331525709893966,0.07908782703795497,0.028175402328565295,0.023922009393572807,0.02126696467496244,0.2907568547460768,0.21881599980406463
SNN_delta_event,2,42,SNN_delta_event_f2_s42,26,0.06306297179091438,0.049612398580130605,0.0672528660539189,0.026707368292465054,0.022716591134667397,0.019953885788988296,0.2913180881076389,0.22690419992431998
SNN_delta_event,2,42,SNN_delta_event_f2_s42,27,0.0640954604407923,0.05007684447595643,0.07009307982417944,0.026159922165837162,0.022377103567123413,0.018914092993568745,0.29128810365994773,0.2262309999205172
SNN_delta_event,2,42,SNN_delta_event_f2_s42,28,0.0653445345655448,0.0514526325588425,0.06945951003351139,0.02856033373076422,0.024972908198833466,0.017937127659653763,0.29211576614114976,0.22874319995753467
SNN_delta_event,2,42,SNN_delta_event_f2_s42,29,0.06040897386845566,0.04801074592396617,0.06199113972244744,0.026539611074452598,0.02308482490479946,0.017273930848265687,0.29236604438887703,0.22348989988677204
SNN_delta_event,2,42,SNN_delta_event_f2_s42,30,0.059667133300906325,0.0461078497270743,0.06779641786916012,0.02501344620449316,0.021709296852350235,0.016520746760714633,0.2919492430157132,0.22493980010040104
SNN_delta_event,2,42,SNN_delta_event_f2_s42,31,0.05919254438454122,0.044462811801996495,0.07364866291272357,0.027182955514601544,0.023892829194664955,0.01645063159968294,0.2925274110502667,0.22431829990819097
SNN_delta_event,2,42,SNN_delta_event_f2_s42,32,0.05566632269137644,0.0426944683254179,0.06485927182979274,0.02447153834440107,0.02134082280099392,0.015653577717035752,0.2928960045178731,0.2250883998349309
SNN_delta_event,2,42,SNN_delta_event_f2_s42,33,0.059166901622400354,0.04316559214558866,0.08000654738405842,0.024078620325147217,0.02105853334069252,0.015100434922273474,0.29294206334484946,0.22467080014757812
SNN_delta_event,2,42,SNN_delta_event_f2_s42,34,0.05223763354905793,0.04119337332538432,0.055221301118368,0.02454338515751392,0.021647034212946892,0.014481754722835133,0.29264702995618186,0.2214698998723179
SNN_delta_event,2,42,SNN_delta_event_f2_s42,35,0.05324680659988121,0.039600513751308124,0.06823146424286541,0.025345107294976382,0.02250729873776436,0.014189042786060124,0.2931701531012853,0.22783079999499023
SNN_delta_event,2,42,SNN_delta_event_f2_s42,36,0.05296218934004465,0.04173008772648043,0.056160508067821094,0.02419394085009483,0.02148279920220375,0.013555708239455386,0.2933447904056973,0.22436580015346408
SNN_delta_event,2,42,SNN_delta_event_f2_s42,37,0.05312481229070365,0.04049782682106727,0.06313492734818195,0.025814773026435,0.023173967376351357,0.013204028250418207,0.29444879790147144,0.22545149992220104
SNN_delta_event,2,42,SNN_delta_event_f2_s42,38,0.05170301343887563,0.03777797493773202,0.069625192505718,0.027284703651961503,0.024635089561343193,0.013248070453091542,0.2932363357808855,0.22450120002031326
SNN_delta_event,2,42,SNN_delta_event_f2_s42,39,0.046961896750427584,0.037317256577726866,0.04822320086350364,0.024665579775263374,0.022227909415960312,0.012188351796515309,0.2934703936179479,0.21705839992500842
SNN_delta_event,2,42,SNN_delta_event_f2_s42,40,0.04769122931772694,0.0371532345811526,0.05268997368287167,0.024952706705644118,0.02259661629796028,0.011780452038419181,0.2939384996891022,0.2295758998952806
SNN_delta_event,2,42,SNN_delta_event_f2_s42,41,0.04519123113884367,0.035260371387832695,0.04965429875505488,0.025441889157423563,0.02315019629895687,0.011458464292333454,0.2940904378890991,0.22615580004639924
SNN_delta_event,2,42,SNN_delta_event_f2_s42,42,0.04700124968903956,0.035702585480693314,0.05649332104173123,0.025921550354804646,0.023636076599359512,0.01142736877722566,0.2942481054200066,0.22365999990142882
SNN_delta_event,2,42,SNN_delta_event_f2_s42,43,0.04513137958188675,0.035029692953038545,0.05050843314424102,0.025266033970105094,0.023049084469676018,0.011084747502145375,0.2942889041370816,0.22587780002504587
SNN_delta_event,2,42,SNN_delta_event_f2_s42,44,0.04202740175956839,0.033528097936262685,0.04249651911652851,0.024200667505607933,0.022110339254140854,0.010451641257335402,0.2948982656002045,0.22820699983276427
SNN_delta_event,2,42,SNN_delta_event_f2_s42,45,0.042066045752542434,0.033573431744136746,0.04246307004202845,0.024981919296624713,0.02298973686993122,0.00996091213346746,0.2950814538531833,0.2210484000388533
SNN_delta_event,2,42,SNN_delta_event_f2_s42,46,0.041695461472003606,0.033131656495647296,0.04281902488178158,0.025157264608255757,0.0232208501547575,0.00968207226749129,0.2953095535437266,0.22609289991669357
SNN_delta_event,2,42,SNN_delta_event_f2_s42,47,0.039336758502757106,0.03121711569838226,0.04059821402187428,0.027890464326428284,0.026035523042082787,0.00927470642172749,0.2953688820203145,0.22798529989086092
SNN_delta_event,2,42,SNN_delta_event_f2_s42,48,0.03997807252460602,0.031205629852289956,0.04386221336158031,0.025207496333754558,0.023380137979984283,0.009136791768851368,0.2960833854145474,0.2286471000406891
SNN_delta_event,2,314,SNN_delta_event_f2_s314,1,0.595908237901988,0.47064423453476695,0.626320016836105,0.31410664924098264,0.19675365090370178,0.5867649916864042,0.2800166779094272,0.22421780019067228
SNN_delta_event,2,314,SNN_delta_event_f2_s314,2,0.3217339473226156,0.21825644075870515,0.5173875328195523,0.17429946447131017,0.07888555526733398,0.47706954601988094,0.28469081421693165,0.22530120005831122
SNN_delta_event,2,314,SNN_delta_event_f2_s314,3,0.24478734777637134,0.1575825760141015,0.4360238588113494,0.13248930729878772,0.055420514196157455,0.38534396551315137,0.28888665437698363,0.22023930004797876
SNN_delta_event,2,314,SNN_delta_event_f2_s314,4,0.20855737355944606,0.13580846384995512,0.36374454854745486,0.11120268145915847,0.04871363937854767,0.312445210403054,0.28999744753042855,0.22629160014912486
SNN_delta_event,2,314,SNN_delta_event_f2_s314,5,0.18511226183546128,0.12295366372499202,0.3107929905523465,0.09680363341884793,0.0450826920568943,0.25860470680976816,0.29176363680097794,0.24209160008467734
SNN_delta_event,2,314,SNN_delta_event_f2_s314,6,0.17607674898266462,0.11894844720760982,0.28564150887527384,0.08749233667768024,0.044268395751714706,0.21611970462982763,0.29265681637658014,0.24212970002554357
SNN_delta_event,2,314,SNN_delta_event_f2_s314,7,0.15608478831148784,0.11025246679782867,0.22916160756829582,0.07820955641802002,0.04164360463619232,0.18282975890913847,0.29333175354533725,0.21894640009850264
SNN_delta_event,2,314,SNN_delta_event_f2_s314,8,0.14762311870454511,0.10149228597680728,0.23065416363868918,0.07309611629764988,0.04200400039553642,0.1554605795105673,0.2946553548177083,0.22192630008794367
SNN_delta_event,2,314,SNN_delta_event_f2_s314,9,0.1370997871341291,0.09814498924339811,0.19477398945365512,0.06718347625162616,0.040152858942747116,0.13515308654439523,0.29591858718130326,0.22830469999462366
SNN_delta_event,2,314,SNN_delta_event_f2_s314,10,0.1268307128226568,0.094179851654917,0.16325430583869882,0.06341522989900045,0.03995996713638306,0.11727631381308695,0.2975346154636807,0.23142699990421534
SNN_delta_event,2,314,SNN_delta_event_f2_s314,11,0.12076027981509643,0.08865669431785743,0.16051792748619487,0.05950068292752752,0.038885921239852905,0.10307380843837306,0.29895475573009916,0.2316698997747153
SNN_delta_event,2,314,SNN_delta_event_f2_s314,12,0.12106889547536898,0.08784469150317212,0.16612101986098424,0.0567783474320042,0.03841192647814751,0.0918321047692835,0.30041831069522434,0.223473499994725
SNN_delta_event,2,314,SNN_delta_event_f2_s314,13,0.11074242349406142,0.08333939835429191,0.13701512569884755,0.05485976878155328,0.03837106376886368,0.08244352506344799,0.3014920671780904,0.224343900103122
SNN_delta_event,2,314,SNN_delta_event_f2_s314,14,0.10430080089032547,0.07777414452284574,0.1326332818373985,0.05335529649442753,0.038564883172512054,0.07395206660957737,0.3026597201824188,0.22476420016027987
SNN_delta_event,2,314,SNN_delta_event_f2_s314,15,0.10538647394016863,0.07825461988233857,0.13565927028915023,0.05073984135984906,0.03721703961491585,0.06761400872466605,0.3032136599222819,0.22702979994937778
SNN_delta_event,2,314,SNN_delta_event_f2_s314,16,0.09862093080253849,0.073996151280072,0.12312389761233246,0.05018647793610141,0.0379616916179657,0.061123931590678554,0.303835517168045,0.2250779999885708
SNN_delta_event,2,314,SNN_delta_event_f2_s314,17,0.09247752031575822,0.07069170557790333,0.10892907368927443,0.04846694051657083,0.037308815866708755,0.05579062324931036,0.3051033271683587,0.22504450008273125
SNN_delta_event,2,314,SNN_delta_event_f2_s314,18,0.09736602659310688,0.06822041672033569,0.14572804936385603,0.0471157242794691,0.036767009645700455,0.05174357316884323,0.3058617439534929,0.2274613999761641
SNN_delta_event,2,314,SNN_delta_event_f2_s314,19,0.08566471498995239,0.06597704771492216,0.09843833637515115,0.046502438746861316,0.036984119564294815,0.047591595912832504,0.30605120261510216,0.22743239998817444
SNN_delta_event,2,314,SNN_delta_event_f2_s314,20,0.08727603648473839,0.06386141314481696,0.11707311669960731,0.04580202696294342,0.03698557987809181,0.04408223542425805,0.3064745346705119,0.22520880005322397
SNN_delta_event,2,314,SNN_delta_event_f2_s314,21,0.08192036353038648,0.06206114415286316,0.09929609688761667,0.0448022420833227,0.03663183003664017,0.04085206023341267,0.30688453449143305,0.22418739995919168
SNN_delta_event,2,314,SNN_delta_event_f2_s314,22,0.08271722022745814,0.06058484745832781,0.11066186384565169,0.04382739244585376,0.03617371246218681,0.03826839991833475,0.3072765562269423,0.22858799993991852
SNN_delta_event,2,314,SNN_delta_event_f2_s314,23,0.07658587265931965,0.05971416341037386,0.08435854624472895,0.043893305574010756,0.03676925599575043,0.03562024789130163,0.3076406757036845,0.22427659993991256
SNN_delta_event,2,314,SNN_delta_event_f2_s314,24,0.07597548632470749,0.05741017231096824,0.09282657006869624,0.04292790813769841,0.03625228628516197,0.03337810926268217,0.3083315160539415,0.23331520007923245
SNN_delta_event,2,314,SNN_delta_event_f2_s314,25,0.07472032656468754,0.05714498366125756,0.08787671451714986,0.043856179900584547,0.037534404546022415,0.03160887677281064,0.30826930933528474,0.2272264000494033
SNN_delta_event,2,314,SNN_delta_event_f2_s314,26,0.07118578713921933,0.053488523471686575,0.08848631833766372,0.041779630947682375,0.03585547208786011,0.029620794299111332,0.30875068373150294,0.2262927999254316
SNN_delta_event,2,314,SNN_delta_event_f2_s314,27,0.07850060270719597,0.055883476169159015,0.11308563269018489,0.04153603504763319,0.03579580411314964,0.028701154672417722,0.309234086672465,0.22633170010522008
SNN_delta_event,2,314,SNN_delta_event_f2_s314,28,0.06599259736795196,0.0517600369743175,0.07116280196817223,0.04218785287519483,0.03675059974193573,0.02718626566629552,0.3086619337399801,0.22575800004415214
SNN_delta_event,2,314,SNN_delta_event_f2_s314,29,0.06741017083176139,0.049709927197545765,0.08850121817107807,0.04157755249431767,0.03634187579154968,0.02617838351383993,0.30882379478878447,0.22497930005192757
SNN_delta_event,2,314,SNN_delta_event_f2_s314,30,0.06213927656604151,0.04815492984942264,0.06992173358309432,0.04050077333290762,0.03559229522943497,0.024542390517363285,0.3091626544793447,0.22368940012529492
SNN_delta_event,2,314,SNN_delta_event_f2_s314,31,0.058722650872271596,0.04566395597325431,0.0652934744950864,0.03914032082500979,0.03449549153447151,0.023224146452691382,0.30952379173702665,0.23123859986662865
SNN_delta_event,2,314,SNN_delta_event_f2_s314,32,0.06282732389245285,0.04445400644714634,0.09186658722653256,0.038764184878043735,0.03421049937605858,0.022768427509925786,0.30928504864374795,0.22180970013141632
SNN_delta_event,2,314,SNN_delta_event_f2_s314,33,0.06318877505439312,0.04692560827566518,0.08131583389363971,0.037804949416972274,0.03340767323970795,0.02198638088632164,0.3094351344638401,0.2264757000375539
SNN_delta_event,2,314,SNN_delta_event_f2_s314,34,0.057520755856682114,0.04350356709005104,0.07008594383315535,0.037572236242557656,0.03338131308555603,0.02095461578500814,0.30916798048549227,0.23125439998693764
SNN_delta_event,2,314,SNN_delta_event_f2_s314,35,0.05549937708420872,0.042925177990562384,0.06287099546823165,0.03734484173700143,0.03336731716990471,0.019887622835483613,0.3093430671426985,0.24256100016646087
SNN_delta_event,2,314,SNN_delta_event_f2_s314,36,0.05556722367578689,0.04129912476572725,0.07134049455029814,0.03745241842446439,0.033627431839704514,0.019124932923799368,0.30955280462900797,0.2418490001000464
SNN_delta_event,2,314,SNN_delta_event_f2_s314,37,0.058781103363300176,0.04229701493556301,0.08242044213868592,0.037633262025807405,0.03390021249651909,0.018665247646441577,0.30939734445677863,0.24870710005052388
SNN_delta_event,2,314,SNN_delta_event_f2_s314,38,0.04892694676400323,0.03835325135538976,0.05286847704306734,0.03625188723013227,0.032763682305812836,0.01744102462159716,0.3095976961983575,0.2462999999988824
SNN_delta_event,2,314,SNN_delta_event_f2_s314,39,0.05444990564288922,0.038444258790049285,0.08002823426419971,0.03541544939754472,0.03196896240115166,0.017232434981965326,0.30954344007703993,0.2664890999440104
SNN_delta_event,2,314,SNN_delta_event_f2_s314,40,0.05029062000614771,0.03691285789633791,0.06688881054904902,0.03579735647336398,0.032461199909448624,0.016680782819576793,0.30920281012852985,0.24164510006085038
SNN_delta_event,2,314,SNN_delta_event_f2_s314,41,0.04955188171989208,0.036551564404120045,0.06500158657886017,0.03509937688992388,0.031831562519073486,0.016339071854251968,0.3092377139462365,0.24077669996768236
SNN_delta_event,2,314,SNN_delta_event_f2_s314,42,0.051778863500843465,0.03597205192781985,0.07903405786511809,0.0351011688766837,0.031851183623075485,0.016249926268041087,0.3089694870842828,0.24079399998299778
SNN_delta_event,2,314,SNN_delta_event_f2_s314,43,0.052002649668609346,0.0357943259490033,0.0810416185980302,0.03428316888288132,0.031060855835676193,0.016111565236025634,0.3084499438603719,0.24845320009626448
SNN_delta_event,2,314,SNN_delta_event_f2_s314,44,0.04456599280052755,0.03361743805516097,0.05474277372683292,0.0338110349538777,0.03077513724565506,0.015179488541113225,0.30858571463161044,0.24092719983309507
SNN_delta_event,2,314,SNN_delta_event_f2_s314,45,0.04479107450276722,0.033286089450120925,0.05752492526323144,0.03364318589217164,0.030703546479344368,0.014698197064136371,0.30895405809084575,0.2387626999989152
SNN_delta_event,2,314,SNN_delta_event_f2_s314,46,0.04491430351955197,0.032896233986442286,0.06009034766554841,0.03390804221860935,0.031038135290145874,0.014349534642317406,0.30875566601753235,0.23946790001355112
SNN_delta_event,2,314,SNN_delta_event_f2_s314,47,0.04453529118945147,0.0318073478837808,0.06363971652835337,0.033955137603857655,0.031169984489679337,0.013925765570891587,0.3084361447228326,0.23734849994070828
SNN_delta_event,2,314,SNN_delta_event_f2_s314,48,0.04221094546989198,0.03139525060024526,0.054078474348233554,0.034415499214800485,0.03175228089094162,0.013316091619294325,0.3088979800542196,0.23606900009326637
SNN_delta_event,2,314,SNN_delta_event_f2_s314,49,0.04009805350196742,0.030787627481751973,0.04655213010107722,0.03285585368226382,0.0303032249212265,0.012763143805186587,0.3089962111579047,0.2416664999909699
SNN_delta_event,2,314,SNN_delta_event_f2_s314,50,0.04479199714167144,0.031039798720222382,0.06876099210724526,0.03231067405949177,0.02975706197321415,0.012768060431388095,0.30898866388532853,0.24635539995506406
SNN_delta_event,2,314,SNN_delta_event_f2_s314,51,0.03968062742534393,0.029877396885098682,0.04901615270122625,0.03298216114558701,0.03052072785794735,0.012307166438198314,0.3089341978232066,0.2356281999964267
SNN_delta_event,2,314,SNN_delta_event_f2_s314,52,0.04041061452227805,0.03009910800287293,0.05155753259702561,0.03255169378183548,0.030125752091407776,0.012129708452138512,0.3087188939253489,0.2391133001074195
SNN_delta_event,2,314,SNN_delta_event_f2_s314,53,0.04072272806682597,0.02919412787175841,0.05764300097533776,0.03240635787207141,0.030017079785466194,0.011946390433026092,0.30873908466762967,0.22928580013103783
SNN_delta_event,2,314,SNN_delta_event_f2_s314,54,0.03719058188506339,0.028477263957675962,0.04356658963693716,0.031034486927165292,0.02876277081668377,0.011358580552407618,0.3086961911784278,0.23459280002862215
SNN_delta_event,2,314,SNN_delta_event_f2_s314,55,0.03712612142085448,0.027458792896423903,0.0483366426221529,0.030751285774211556,0.028593692928552628,0.010787964228294648,0.3088148686620924,0.22389140003360808
SNN_delta_event,2,314,SNN_delta_event_f2_s314,56,0.03528181207123902,0.02665697658020589,0.043124177455165606,0.03179221419188481,0.0296635739505291,0.010643201206778558,0.3086256437831455,0.22640889999456704
SNN_delta_event,2,314,SNN_delta_event_f2_s314,57,0.035535478902784155,0.026873913008926643,0.04330782946928756,0.03283605940919662,0.03076842613518238,0.010338166370071213,0.3087251557244195,0.23112710006535053
SNN_delta_event,2,314,SNN_delta_event_f2_s314,58,0.037470465019567564,0.02647997370093233,0.05495245659317613,0.032349552259364596,0.030260873958468437,0.010443391504480778,0.3083575732178158,0.23096869979053736
SNN_delta_event,2,314,SNN_delta_event_f2_s314,59,0.03419561776698797,0.025352995133855277,0.04421311316566346,0.03130027824781437,0.02928033657371998,0.010099708370471947,0.3082593129740821,0.23970190016552806
SNN_delta_event,2,314,SNN_delta_event_f2_s314,60,0.03381434992125015,0.024151747699619995,0.04831301110815078,0.03137404447376769,0.029377557337284088,0.00998243568241801,0.3079188393221961,0.23016440006904304
SNN_delta_event,2,314,SNN_delta_event_f2_s314,61,0.0312855240992834,0.02379873873045047,0.03743392684416462,0.031021506293616757,0.02910502441227436,0.009582409406711975,0.3083741724491119,0.22650020010769367
SNN_delta_event,2,314,SNN_delta_event_f2_s314,62,0.032895874843206455,0.0237677202353047,0.04564077303950878,0.03069361735779628,0.028825074434280396,0.009342714617579425,0.30838907493485346,0.23128219996578991
SNN_delta_event,2,314,SNN_delta_event_f2_s314,63,0.032009411774551084,0.02375505489504172,0.04127178439754684,0.03222296097530374,0.0303815845400095,0.009206882176471217,0.30807239015897114,0.22413019998930395
SNN_delta_event,2,314,SNN_delta_event_f2_s314,64,0.030671464877877305,0.022816981830530696,0.039272415236733034,0.031282096529399984,0.029553063213825226,0.008645166577873809,0.30841561489635044,0.22645089984871447
SNN_delta_event,2,314,SNN_delta_event_f2_s314,65,0.03141329055393801,0.022796965017914773,0.04308162768011617,0.031421040542205535,0.029656780883669853,0.008821298292678423,0.30838867757055494,0.22656890004873276
SNN_delta_event,2,314,SNN_delta_event_f2_s314,66,0.029407797323613455,0.021330538557635413,0.04038629382989019,0.029962399922385988,0.028252236545085907,0.008550816886500402,0.3084966070122189,0.2238729998935014
SNN_delta_event,2,314,SNN_delta_event_f2_s314,67,0.028911957660392916,0.021457298669136232,0.03727329495628343,0.02973069564100361,0.02805095538496971,0.008398701280169483,0.3082373347547319,0.2256160001270473
SNN_delta_event,2,314,SNN_delta_event_f2_s314,68,0.02907269323417309,0.021610829466953873,0.0373093188360961,0.030215413573903834,0.028610991314053535,0.008022111299251494,0.3087850385242038,0.22019030014052987
SNN_delta_event,2,314,SNN_delta_event_f2_s314,69,0.02987560991516501,0.02087850581544141,0.044985520498617995,0.029408275936027323,0.027744997292757034,0.008316393216351433,0.30805592603153653,0.2283391000237316
SNN_delta_event,2,314,SNN_delta_event_f2_s314,70,0.02718225000569581,0.020172966657102935,0.035046416742964374,0.029968731155737637,0.02835071086883545,0.00809010143451094,0.3082803938123915,0.22481170017272234
SNN_delta_event,2,314,SNN_delta_event_f2_s314,71,0.030047036255559382,0.020296144977004993,0.048754456392771955,0.03162148939474169,0.02994496561586857,0.008382618894365633,0.307773804002338,0.22256070002913475
SNN_delta_event,2,314,SNN_delta_event_f2_s314,72,0.027883215648955392,0.01966394951256613,0.0410963306819463,0.030860671826825718,0.029256809502840042,0.008019311619928377,0.30793717238638135,0.2210035000462085
SNN_delta_event,2,314,SNN_delta_event_f2_s314,73,0.026861458142407594,0.020017962975220547,0.03421747583593522,0.030191588763377495,0.028640830889344215,0.007753789370166396,0.30840133163664074,0.22564380010589957
SNN_delta_event,2,314,SNN_delta_event_f2_s314,74,0.026085022840485226,0.019423453059668343,0.03330784890408442,0.029888808242804606,0.02837969735264778,0.007545554450784119,0.3085575150118934,0.2303633000701666
SNN_delta_event,2,314,SNN_delta_event_f2_s314,75,0.026865810297598235,0.018744301909787788,0.04060754193905223,0.03123535911301107,0.029729625210165977,0.0075286695142254625,0.30877992179658675,0.2261691999156028
SNN_delta_event,2,314,SNN_delta_event_f2_s314,76,0.0250761147216636,0.018135071832997104,0.03470521444333249,0.029595399041372386,0.028076568618416786,0.007594152114778001,0.30809442069795395,0.23342889989726245
SNN_delta_event,2,314,SNN_delta_event_f2_s314,77,0.025987186365890057,0.018221851976381407,0.03882667194754323,0.030841306357731628,0.029374444857239723,0.007334307502459518,0.30819587773746915,0.22952549997717142
SNN_delta_event,2,314,SNN_delta_event_f2_s314,78,0.024670155479761903,0.0184509637998417,0.03109595839960099,0.031128210834163072,0.029662134125828743,0.007330383541671642,0.308380733595954,0.23222720017656684
SNN_delta_event,2,314,SNN_delta_event_f2_s314,79,0.023242751924665673,0.017189112367729346,0.030268197784681657,0.03209037437897729,0.030669448897242546,0.007104627408673722,0.30839266379674274,0.23304790002293885
SNN_delta_event,2,314,SNN_delta_event_f2_s314,80,0.022953382773907936,0.01711982503119442,0.029167788713567556,0.030776730416281844,0.02943791262805462,0.006694088941136134,0.30890697439511616,0.22320690006017685
SNN_delta_event,2,314,SNN_delta_event_f2_s314,81,0.022247528246759574,0.016558767280851802,0.028443804829538837,0.030522844351402706,0.02924264967441559,0.00640097338493559,0.30941188004281783,0.22483860002830625
SNN_delta_event,2,314,SNN_delta_event_f2_s314,82,0.023292167244461936,0.01762094166285048,0.028356127908057294,0.029605997469533914,0.028325339779257774,0.006403288451380699,0.3091004457738664,0.22599369985982776
SNN_delta_event,2,314,SNN_delta_event_f2_s314,83,0.02255890107726605,0.016097269947123197,0.032308155650714265,0.03227495142475426,0.030985204502940178,0.006448734609070438,0.30940884219275583,0.22170300013385713
SNN_delta_event,2,314,SNN_delta_event_f2_s314,84,0.02303129705100409,0.01572456361932887,0.036533667158376096,0.03193148805915068,0.030629247426986694,0.006511203160819908,0.3094272275765737,0.22360679996199906
SNN_delta_event,2,2718,SNN_delta_event_f2_s2718,1,0.6479527016452193,0.5258367213937971,0.6105799012571109,0.3762870188272974,0.2747360169887543,0.5077550091927157,0.2541241579585605,0.22480829991400242
SNN_delta_event,2,2718,SNN_delta_event_f2_s2718,2,0.3505739694562676,0.2535092088911268,0.48532380282570403,0.19391160969839155,0.11300910264253616,0.404512535279277,0.25724307000637053,0.22269489988684654
SNN_delta_event,2,2718,SNN_delta_event_f2_s2718,3,0.2519628395991401,0.1695565804425213,0.4120312957830942,0.13908817881214544,0.07455360889434814,0.32267284958898645,0.26261926591396334,0.22548160003498197
SNN_delta_event,2,2718,SNN_delta_event_f2_s2718,4,0.21210840877526035,0.14304613984293407,0.34531134466163144,0.11821574934154938,0.06531958281993866,0.26448083260805355,0.2662123060888714,0.22945260000415146
SNN_delta_event,2,2718,SNN_delta_event_f2_s2718,5,0.18343638970074053,0.12789994147088793,0.277682241149263,0.10540072160696834,0.06201872229576111,0.21690999655603613,0.2684259659714169,0.22878849995322526
SNN_delta_event,2,2718,SNN_delta_event_f2_s2718,6,0.16304945617739838,0.11580634493794706,0.23621555619725657,0.09585844754891576,0.06020348519086838,0.17827481179023688,0.2712100969420539,0.22513459995388985
SNN_delta_event,2,2718,SNN_delta_event_f2_s2718,7,0.1520638887610423,0.1096247169499596,0.2121958590554136,0.08685487511491626,0.05684599652886391,0.15004439293026176,0.27308105793264176,0.23090499988757074
SNN_delta_event,2,2718,SNN_delta_event_f2_s2718,8,0.13889736619403223,0.09980961374110646,0.19543876226462883,0.08060025593277606,0.054958198219537735,0.1282102885661916,0.27509636746512517,0.24072810006327927
SNN_delta_event,2,2718,SNN_delta_event_f2_s2718,9,0.13163562062676756,0.09640669009337823,0.17614465266694673,0.07610167021154421,0.05390702188014984,0.11097324165697181,0.27689279317855836,0.2226317001041025
SNN_delta_event,2,2718,SNN_delta_event_f2_s2718,10,0.1253015652607121,0.09388793305390411,0.15706816103403984,0.07101754683298322,0.051482588052749634,0.09767479390116797,0.278514297803243,0.2247478999197483
SNN_delta_event,2,2718,SNN_delta_event_f2_s2718,11,0.11415402042653586,0.08516778798980845,0.14493116218363705,0.06745257596385743,0.050114117562770844,0.08669229200543287,0.2799336466524336,0.22698989999480546
SNN_delta_event,2,2718,SNN_delta_event_f2_s2718,12,0.10988752140312111,0.08426948127647241,0.12809020063324345,0.06505305320844523,0.049673594534397125,0.07689729337024051,0.28116760121451484,0.22354239993728697
SNN_delta_event,2,2718,SNN_delta_event_f2_s2718,13,0.10989653082028042,0.08197073640508784,0.13962897207596295,0.06197058126049222,0.0479661263525486,0.0700222745397181,0.2829104999701182,0.22057550004683435
SNN_delta_event,2,2718,SNN_delta_event_f2_s2718,14,0.09966230080437985,0.07580361449056201,0.1192934315690892,0.05970595867074323,0.0469185896217823,0.06393684524480464,0.28351783288849725,0.2248261000495404
SNN_delta_event,2,2718,SNN_delta_event_f2_s2718,15,0.09609770583966654,0.0738449529123803,0.11126376463643112,0.057135590165970654,0.04559050872921944,0.057725407183756065,0.28499673638078904,0.22895190003328025
SNN_delta_event,2,2718,SNN_delta_event_f2_s2718,16,0.09562844246093734,0.07255521447708209,0.1153661399192762,0.055917259251007684,0.04532187432050705,0.05297692465250316,0.2861737701627943,0.2212332000490278
SNN_delta_event,2,2718,SNN_delta_event_f2_s2718,17,0.08875572915990697,0.06982308993529943,0.09466319612303771,0.0537437313852492,0.04404199495911598,0.048508682130666086,0.287890440887875,0.2253900000359863
SNN_delta_event,2,2718,SNN_delta_event_f2_s2718,18,0.0854515512455875,0.06649603005498647,0.09477760595300505,0.05216842887946551,0.04325073957443237,0.04458844652516568,0.2888678438133664,0.2276097999420017
SNN_delta_event,2,2718,SNN_delta_event_f2_s2718,19,0.08250465953442214,0.06524190264236596,0.0863137844602809,0.049099571032965056,0.040911804884672165,0.040938830741464434,0.2896297487947676,0.22419239999726415
SNN_delta_event,2,2718,SNN_delta_event_f2_s2718,20,0.08575794244443496,0.06601396691468027,0.09871987764877345,0.05151325771116517,0.043838631361722946,0.03837313174721111,0.290265072716607,0.2238957998342812
SNN_delta_event,2,2718,SNN_delta_event_f2_s2718,21,0.07961098108913905,0.06315234266221523,0.08229319213461908,0.048447754419930045,0.04130937531590462,0.03569189552012714,0.291581177049213,0.2278179000131786
SNN_delta_event,2,2718,SNN_delta_event_f2_s2718,22,0.07686006362092303,0.059164651286684806,0.08847706167119115,0.045634960686003076,0.038824744522571564,0.034051080817157554,0.29189944797092016,0.231711600208655
SNN_delta_event,2,2718,SNN_delta_event_f2_s2718,23,0.07691492666880372,0.05623095508457886,0.10341985792112425,0.045187190159710136,0.038621142506599426,0.03283023826555355,0.29220103555255467,0.22536360006779432
SNN_delta_event,2,2718,SNN_delta_event_f2_s2718,24,0.07607944893304512,0.05601317054695553,0.1003313919304479,0.04381267614082767,0.0376095175743103,0.031015792832586844,0.29291478660371567,0.22935789986513555
SNN_delta_event,2,2718,SNN_delta_event_f2_s2718,25,0.07215125245673576,0.05395438987761736,0.09098431289559199,0.043763739823147,0.03776704519987106,0.029983473116379677,0.29321788218286304,0.22954349988140166
SNN_delta_event,2,2718,SNN_delta_event_f2_s2718,26,0.06702559320567035,0.05291854180395603,0.07053525700857158,0.04178279313200253,0.03618181496858597,0.02800489081708281,0.2939511908425225,0.2286430997774005
SNN_delta_event,2,2718,SNN_delta_event_f2_s2718,27,0.06776614746766933,0.05081751330031289,0.08474317083678219,0.04049713014970598,0.035084035247564316,0.027065474510708322,0.2949371569686466,0.2291772998869419
SNN_delta_event,2,2718,SNN_delta_event_f2_s2718,28,0.06689426598604074,0.049895031843334436,0.08499617071353152,0.04071728526661465,0.03555066138505936,0.025833119407776484,0.29488004909621346,0.22750499984249473
SNN_delta_event,2,2718,SNN_delta_event_f2_s2718,29,0.06189527198266778,0.047932702023535965,0.06981284979565912,0.040412906275142525,0.03549793362617493,0.024574863244837986,0.2955860416094462,0.22705280012451112
SNN_delta_event,2,2718,SNN_delta_event_f2_s2718,30,0.05974814856550946,0.04712050625950926,0.06313821153000096,0.038881396531016105,0.034273914992809296,0.02303740769103404,0.2965152429209815,0.22716529993340373
SNN_delta_event,2,2718,SNN_delta_event_f2_s2718,31,0.06205523269199106,0.048114954452547765,0.06970139119721656,0.03886297658861925,0.03440219163894653,0.022303924748363596,0.2969348397519853,0.22519239992834628
SNN_delta_event,2,2718,SNN_delta_event_f2_s2718,32,0.06374451776168312,0.046599177674700815,0.08572670043491148,0.03741624678660817,0.03314540907740593,0.021354188546011187,0.2974432852533129,0.22347100009210408
SNN_delta_event,2,2718,SNN_delta_event_f2_s2718,33,0.057864241849983206,0.04431073514537679,0.06776753352303211,0.03620850489252253,0.032066456973552704,0.02071023959484912,0.2978473828898536,0.22615520004183054
SNN_delta_event,2,2718,SNN_delta_event_f2_s2718,34,0.05633446859772877,0.04472318823552794,0.05805640181100413,0.036553670236014954,0.032620951533317566,0.019663593513486937,0.29832286569807265,0.22440239996649325
SNN_delta_event,2,2718,SNN_delta_event_f2_s2718,35,0.06149256943321594,0.04342553589699997,0.0903351676810798,0.03560437684817205,0.031712837517261505,0.019457696654552697,0.2985141509109073,0.22579709999263287
SNN_delta_event,2,2718,SNN_delta_event_f2_s2718,36,0.05337717397253812,0.041393444128334525,0.059918649221017944,0.03480173599821334,0.031129350885748863,0.018361925562322374,0.2989568882518344,0.22624309989623725
SNN_delta_event,2,2718,SNN_delta_event_f2_s2718,37,0.05144098782057612,0.03983401406245927,0.058034868790584275,0.035235768130998005,0.03176184371113777,0.017369622099301166,0.2993832727273305,0.22263149986974895
SNN_delta_event,2,2718,SNN_delta_event_f2_s2718,38,0.05097179862162127,0.03811300994000501,0.06429394340808131,0.03348427984658511,0.030100714415311813,0.01691782715636651,0.2995990647210015,0.22593810013495386
SNN_delta_event,2,2718,SNN_delta_event_f2_s2718,39,0.051121487844109366,0.03772494748441709,0.06698270179846136,0.03305084486100998,0.029775358736515045,0.016377430622474695,0.29976316491762794,0.22253999998793006
SNN_delta_event,2,2718,SNN_delta_event_f2_s2718,40,0.04806386442406521,0.036910613005359964,0.05576625709352628,0.03355994071459995,0.030378373339772224,0.015907836874138635,0.300408367978202,0.22592480015009642
SNN_delta_event,2,2718,SNN_delta_event_f2_s2718,41,0.051138628817726385,0.036641265772696996,0.07248681522514688,0.032798784029283476,0.029637429863214493,0.015806770830344898,0.30040660434299044,0.22273349994793534
SNN_delta_event,2,2718,SNN_delta_event_f2_s2718,42,0.04555072648700379,0.0360787632357743,0.047359816256147415,0.033069809316803915,0.030126459896564484,0.014716747101197171,0.3007766471968757,0.22764379996806383
SNN_delta_event,2,2718,SNN_delta_event_f2_s2718,43,0.049562217924097575,0.035247784185533725,0.07157216869281927,0.03144039361645415,0.028510160744190216,0.014651164361319663,0.301136941379971,0.23672779998742044
SNN_delta_event,2,2718,SNN_delta_event_f2_s2718,44,0.04816202450831903,0.03539578235811657,0.06383121075101231,0.031343425732961144,0.02841011993587017,0.014666528985454882,0.30104738540119597,0.22856999980285764
SNN_delta_event,2,2718,SNN_delta_event_f2_s2718,45,0.04513344206854384,0.03415537424799469,0.05489033910274577,0.03142430040423038,0.028613924980163574,0.014051877120334023,0.30131472282939487,0.22614099993370473
SNN_delta_event,2,2718,SNN_delta_event_f2_s2718,46,0.04431098176327094,0.03325208333424396,0.05529449214513491,0.03120930347090833,0.028488745912909508,0.013602787789994112,0.30167125595940486,0.2240699001122266
SNN_delta_event,2,2718,SNN_delta_event_f2_s2718,47,0.046138553680133615,0.0320743756265276,0.07032089026803014,0.031285995557983316,0.028542887419462204,0.01371554069260557,0.30181603762838577,0.2238158001564443
SNN_delta_event,2,2718,SNN_delta_event_f2_s2718,48,0.042575675889600255,0.032610926389073334,0.04982374750263457,0.030595179001622067,0.027988184243440628,0.01303497379090719,0.3016769117779202,0.21936079999431968
SNN_delta_event,2,2718,SNN_delta_event_f2_s2718,49,0.04238231592528748,0.03275167680241996,0.04815319561433762,0.03237227617533081,0.029926536604762077,0.012228697852843657,0.3022806452380286,0.2238203000742942
SNN_delta_event,2,2718,SNN_delta_event_f2_s2718,50,0.039277530981783826,0.02985485911162363,0.047113359350801014,0.029630141283338598,0.027278903871774673,0.011756187057819615,0.30238942901293436,0.22388890013098717
SNN_delta_event,2,2718,SNN_delta_event_f2_s2718,51,0.04152729295030538,0.029996443229417007,0.05765424860444182,0.029587866577668313,0.027262065559625626,0.011629005090213444,0.3025852666960822,0.22367549990303814
SNN_delta_event,2,2718,SNN_delta_event_f2_s2718,52,0.0403982770553223,0.02912674833399554,0.05635764360663377,0.030069611764479275,0.02782399393618107,0.01122808914149104,0.3027826064162784,0.21975659998133779
SNN_delta_event,2,2718,SNN_delta_event_f2_s2718,53,0.03644112266720874,0.02819951271845235,0.041208049743781956,0.029361066502663923,0.02720523625612259,0.010779151232706665,0.30297126240200467,0.2197173999156803
SNN_delta_event,2,2718,SNN_delta_event_f2_s2718,54,0.03641874437062709,0.028074766431624692,0.04171988969501199,0.028793858713148244,0.02669866383075714,0.010475974411955512,0.30309319496154785,0.22430449980311096
SNN_delta_event,2,2718,SNN_delta_event_f2_s2718,55,0.03991692117253284,0.02726284844490389,0.06327036363814473,0.0284831921150615,0.026329264044761658,0.010769640351499216,0.3030656165546841,0.22371989977546036
SNN_delta_event,2,2718,SNN_delta_event_f2_s2718,56,0.03514013287303736,0.027156550975309477,0.039917909488639415,0.02886340454284471,0.026809506118297577,0.010269492122735653,0.30310384962293835,0.2267332999035716
SNN_delta_event,2,2718,SNN_delta_event_f2_s2718,57,0.03625533476613367,0.027172092720866202,0.045416210226337336,0.02855153974001413,0.02655431069433689,0.009986145228386194,0.3034435894754198,0.22499120002612472
SNN_delta_event,2,2718,SNN_delta_event_f2_s2718,58,0.03577785756091553,0.025489799093662037,0.05144029233626748,0.02822974221033349,0.026268567889928818,0.009805871602023349,0.3035676684644487,0.22443230007775128
SNN_delta_event,2,2718,SNN_delta_event_f2_s2718,59,0.035164712560906926,0.02483285619980759,0.051659281805496705,0.027499295508382114,0.025511255487799644,0.009940200102912357,0.3038350813918643,0.22146769985556602
SNN_delta_event,2,2718,SNN_delta_event_f2_s2718,60,0.036031154356636654,0.026519720496920248,0.047557169298582024,0.027249914910021947,0.025283219292759895,0.009833478086310257,0.30402405659357706,0.22317719995044172
SNN_delta_event,2,2718,SNN_delta_event_f2_s2718,61,0.03274995407568548,0.02555317176092002,0.03598391157382729,0.02748869139653537,0.025648493319749832,0.00920099038392768,0.30398834811316594,0.21974730002693832
SNN_delta_event,2,2718,SNN_delta_event_f2_s2718,62,0.03266055538035179,0.02470667706285086,0.03976939158750469,0.027075427543494922,0.025248926132917404,0.009132507052887583,0.3042704655064477,0.22522570006549358
SNN_delta_event,2,2718,SNN_delta_event_f2_s2718,63,0.03296895710731888,0.02412053945267366,0.0442420882732261,0.026355320372978962,0.024580420926213264,0.008874497233828493,0.3045494000116984,0.2184766000136733
SNN_delta_event,2,2718,SNN_delta_event_f2_s2718,64,0.03269960479634288,0.024895722713942327,0.03901941041200274,0.02619694063955048,0.024501705542206764,0.008476175486718586,0.3048086709446377,0.2236239998601377
SNN_delta_event,2,2718,SNN_delta_event_f2_s2718,65,0.03093437766756984,0.022961688137406275,0.039863447650817806,0.027150072587244712,0.02549576945602894,0.008271515656078861,0.30507716668976675,0.22622620011679828
SNN_delta_event,2,2718,SNN_delta_event_f2_s2718,66,0.03323089235131793,0.02213232226980229,0.05549285040757819,0.026523521706218824,0.024834901094436646,0.0084431030589109,0.30459381805525887,0.21822299994528294
SNN_delta_event,2,2718,SNN_delta_event_f2_s2718,67,0.029075428032314627,0.022569062974717884,0.03253182528798372,0.025904548077418692,0.024355147033929825,0.007747005217444333,0.3049997223748101,0.2257979998830706
SNN_delta_event,2,2718,SNN_delta_event_f2_s2718,68,0.030029633067869085,0.02176373547150029,0.04132948798184395,0.02624333033823985,0.024731766432523727,0.007557819528580619,0.3051321420404646,0.22288509993813932
SNN_delta_event,2,2718,SNN_delta_event_f2_s2718,69,0.028859357261072284,0.021237954512859383,0.0381070137410645,0.026115949375418737,0.024594491347670555,0.007607290138740901,0.30500898162523904,0.22471440001390874
SNN_delta_event,2,2718,SNN_delta_event_f2_s2718,70,0.02754976097733405,0.020493142870772217,0.03528309053280915,0.024455833606569846,0.022971969097852707,0.007419322543585696,0.3057486706309848,0.22441709996201098
SNN_delta_event,2,2718,SNN_delta_event_f2_s2718,71,0.031031169749565768,0.021235211328085927,0.048979792107399216,0.026379070001897407,0.024950670078396797,0.007141999617503054,0.30582495596673753,0.2225705999881029
SNN_delta_event,2,2718,SNN_delta_event_f2_s2718,72,0.02852157251075538,0.021363120381202964,0.035792260647762066,0.02537132570386422,0.02387004904448986,0.007506383296871798,0.30542253255844115,0.2263346000108868
SNN_delta_event,2,2718,SNN_delta_event_f2_s2718,73,0.025888751048504303,0.019128403714340596,0.033801736670818566,0.02579774419323881,0.024369344115257263,0.007142000389907731,0.3054046975241767,0.22481110016815364
SNN_delta_event,2,2718,SNN_delta_event_f2_s2718,74,0.027435566878938205,0.02055529879613055,0.03440134041403826,0.02518931001592823,0.02379470132291317,0.006973043465075294,0.305433319012324,0.2271406000945717
SNN_delta_event,2,2718,SNN_delta_event_f2_s2718,75,0.027243575053400134,0.019156208235977426,0.04043683408711352,0.024128105637940298,0.02274036593735218,0.0069386985029405825,0.3055864910284678,0.22098710015416145
SNN_delta_event,2,2718,SNN_delta_event_f2_s2718,76,0.027034567404958538,0.018833006659729614,0.04100780372614463,0.02526258227650776,0.02389339916408062,0.006845915562135706,0.3057054122289022,0.22463160008192062
SNN_delta_event,2,2718,SNN_delta_event_f2_s2718,77,0.02444076909583675,0.018912638553107777,0.02764065271364487,0.024548627857584507,0.023243043571710587,0.006527921429369598,0.30597651137246024,0.22054460016079247
SNN_delta_event,2,2718,SNN_delta_event_f2_s2718,78,0.024143564924476484,0.018133428516901202,0.030050682037876402,0.023865025815967274,0.022638831287622452,0.0061309726417241115,0.30607891546355354,0.22479330003261566
SNN_delta_event,2,2718,SNN_delta_event_f2_s2718,79,0.024131712396257804,0.017588928000380595,0.03271392197938602,0.024664957639506838,0.02343282476067543,0.006160664394157044,0.3059767074055142,0.24065960012376308
SNN_delta_event,2,2718,SNN_delta_event_f2_s2718,80,0.025438888416436142,0.017874542559083138,0.03782172928676502,0.025592896007017873,0.024365808814764023,0.006135435961269254,0.30586508181360034,0.23001340008340776
SNN_delta_event,2,2718,SNN_delta_event_f2_s2718,81,0.023848055427568893,0.017214075268970595,0.03316990079299147,0.024772775174329444,0.023546619340777397,0.006130779167760234,0.30557488799095156,0.2301998999901116
SNN_delta_event,2,2718,SNN_delta_event_f2_s2718,82,0.023049281946763766,0.01663995951207148,0.03204661217346144,0.024810136014303857,0.023629190400242805,0.005904728070305258,0.3057864586512248,0.22784800012595952
SNN_delta_event,2,2718,SNN_delta_event_f2_s2718,83,0.025649656547463397,0.01730153035864027,0.041740630944115634,0.02466646959809125,0.023474322631955147,0.005960734830680523,0.30588073200649685,0.22089899983257055
SNN_delta_event,2,2718,SNN_delta_event_f2_s2718,84,0.024519077414666024,0.01819302286538813,0.031630272746389465,0.024784258606332227,0.02360488846898079,0.005896850686757196,0.3058588763078054,0.22208500001579523
SNN_delta_event,2,2718,SNN_delta_event_f2_s2718,85,0.024193222290713978,0.01695553214651429,0.03618845072099845,0.02473979516584703,0.0235944464802742,0.005726743427864144,0.3060660355620914,0.2232667999342084
SNN_delta_event,2,2718,SNN_delta_event_f2_s2718,86,0.02117489489158687,0.0154363421878467,0.02869276351870084,0.02387453759612249,0.022748762741684914,0.005628874272187884,0.30592487388186984,0.22082810010761023
SNN_delta_event,2,2718,SNN_delta_event_f2_s2718,87,0.021652481722025472,0.016044426114401884,0.02804027803811795,0.024009120038762884,0.022907914593815804,0.0055060272247354075,0.30626392828093635,0.22640760010108352
SNN_delta_event,2,2718,SNN_delta_event_f2_s2718,88,0.021837218645058706,0.015774432078210845,0.030313932834239325,0.0249078378984236,0.023816052824258804,0.00545892537082399,0.3062984546025594,0.22290909988805652
SNN_delta_event,2,2718,SNN_delta_event_f2_s2718,89,0.021792082728722774,0.015756834337177377,0.030176241957726994,0.02478256498941011,0.0237414613366127,0.00520551826398704,0.306321116288503,0.22259449982084334
SNN_delta_event,2,2718,SNN_delta_event_f2_s2718,90,0.021542837142015263,0.015011323287358715,0.032657569273282734,0.02383796674252851,0.022837301716208458,0.005003325131600254,0.3064811514483558,0.2244041000958532
SNN_delta_event,2,2718,SNN_delta_event_f2_s2718,91,0.02103449495609307,0.014716890193004576,0.03158802381544247,0.025182361039902307,0.024144049733877182,0.005191556530125635,0.30645255976253083,0.2189849999267608
SNN_delta_event,2,2718,SNN_delta_event_f2_s2718,92,0.01960934257177125,0.015301365449300244,0.021539885612355023,0.02408520332445521,0.023091301321983337,0.0049695100123593565,0.30627948774231806,0.22703740000724792
SNN_delta_event,2,2718,SNN_delta_event_f2_s2718,93,0.019828645311866868,0.0146671149879694,0.02580765161948733,0.024776217593742263,0.02379906363785267,0.004885769779447967,0.30658717486593456,0.22686010017059743
SNN_delta_event,2,2718,SNN_delta_event_f2_s2718,94,0.021086864427206118,0.01462657605168513,0.032301441877604926,0.024414245837848375,0.023417126387357712,0.00498559725245332,0.306800060139762,0.23089620005339384
SNN_delta_event,2,2718,SNN_delta_event_f2_s2718,95,0.020937868022701926,0.014697540287549297,0.03120163867576315,0.02519563021869201,0.024214114993810654,0.00490757612440678,0.30629988577630785,0.2211874001659453
SNN_delta_event,2,2718,SNN_delta_event_f2_s2718,96,0.019154594207877722,0.01394845193458928,0.026030711366442215,0.025069338491033842,0.024130452424287796,0.004694430333730229,0.3067987428771125,0.22312030009925365
SNN_delta_event,2,2718,SNN_delta_event_f2_s2718,97,0.01760753278510515,0.013421224259460966,0.020931542628220914,0.026006967473311868,0.025104055181145668,0.004514561460830993,0.30680517355600995,0.218857100000605
SNN_delta_event,2,2718,SNN_delta_event_f2_s2718,98,0.019360806191700282,0.01353520392957661,0.029128011310618367,0.025079282372136514,0.024223651736974716,0.004278153175808989,0.3071718759006924,0.2278209999203682
SNN_delta_event,2,2718,SNN_delta_event_f2_s2718,99,0.01875731941130503,0.013377535803657439,0.02689891803823794,0.0245296396626701,0.023615282028913498,0.004571788168783005,0.3066725472609202,0.21924189990386367
SNN_delta_event,2,2718,SNN_delta_event_f2_s2718,100,0.016558145538625613,0.01272539463566823,0.019163754514786916,0.0245674711667796,0.023705866187810898,0.00430802489484352,0.3067764229244656,0.22257339977659285
SNN_delta_event,2,2718,SNN_delta_event_f2_s2718,101,0.017671563868527994,0.012979377490571804,0.023460931889780955,0.02383921819134087,0.023003270849585533,0.004179736708776672,0.3072295738591088,0.22046390012837946
SNN_delta_event,2,2718,SNN_delta_event_f2_s2718,102,0.016994176333491692,0.012834677907327811,0.020797492130819415,0.025540258457830926,0.02472808212041855,0.004060881687061892,0.30726316306326124,0.222806999925524
SNN_delta_event,2,2718,SNN_delta_event_f2_s2718,103,0.017303108082131088,0.012236957572814492,0.025330752546582992,0.024781260716435265,0.023958459496498108,0.0041140060996857864,0.3074992100397746,0.22310489998199046
SNN_delta_event,2,2718,SNN_delta_event_f2_s2718,104,0.01682025739900455,0.01260894160821206,0.021056578953962457,0.024749713233187386,0.02394765429198742,0.004010294705999828,0.3071956839826372,0.22410849994048476
SNN_delta_event,2,2718,SNN_delta_event_f2_s2718,105,0.01612239399959476,0.012093507547655867,0.020144432259694454,0.025104639674214727,0.024346593767404556,0.0037902295340508595,0.30733482042948407,0.22761510009877384
SNN_delta_event,3,42,SNN_delta_event_f3_s42,1,0.4688797694487919,0.33988305965128046,0.6449835489875576,0.611261436926119,0.5053249597549438,0.5296823858558757,0.25524875211218995,0.2335462998598814
SNN_delta_event,3,42,SNN_delta_event_f3_s42,2,0.2703430923636177,0.17023380155054232,0.5005464540653769,0.4361310432935661,0.355254590511322,0.4043822639112203,0.25710042255620164,0.2351051999721676
SNN_delta_event,3,42,SNN_delta_event_f3_s42,3,0.21956248268534848,0.13759729786155125,0.40982592411898605,0.3596175180928512,0.2966636121273041,0.31476952982773565,0.2582845051462452,0.23561650002375245
SNN_delta_event,3,42,SNN_delta_event_f3_s42,4,0.18325897903793034,0.11758977395948023,0.3283460253922506,0.3231011133720665,0.2723873555660248,0.2535687890302085,0.26007297200461227,0.24066799995489419
SNN_delta_event,3,42,SNN_delta_event_f3_s42,5,0.1651622711695442,0.10860115761170164,0.28280556778921273,0.29664512082184635,0.25488296151161194,0.20881079655117207,0.2625362128019333,0.23463460011407733
SNN_delta_event,3,42,SNN_delta_event_f3_s42,6,0.14629179215227553,0.09736056470622619,0.24465613723024657,0.2828110953251708,0.24757084250450134,0.17620126410334738,0.2658999301493168,0.23354280018247664
SNN_delta_event,3,42,SNN_delta_event_f3_s42,7,0.1378786697159242,0.09355137134358908,0.22163649186167547,0.2726990176242946,0.2425682544708252,0.15065381576734704,0.26865031104534864,0.23392160004004836
SNN_delta_event,3,42,SNN_delta_event_f3_s42,8,0.12424212881782097,0.08659814222482964,0.1882199329649565,0.2569757520704993,0.23107179999351501,0.12951976038492138,0.26923177018761635,0.239383100066334
SNN_delta_event,3,42,SNN_delta_event_f3_s42,9,0.11719043832072612,0.08315262125688605,0.17018908531920038,0.2530165794955672,0.23047380149364471,0.1127138900096124,0.2731176769981782,0.2501860000193119
SNN_delta_event,3,42,SNN_delta_event_f3_s42,10,0.11134366358685989,0.07742655657542248,0.16958553505718701,0.24382508923036028,0.22368404269218445,0.10070523269087919,0.2750689011688034,0.2448327001184225
SNN_delta_event,3,42,SNN_delta_event_f3_s42,11,0.10735563696070614,0.07790932715094338,0.14723154904881378,0.2397263958523015,0.2218792736530304,0.08923561099635542,0.2767095270877083,0.2420401000417769
SNN_delta_event,3,42,SNN_delta_event_f3_s42,12,0.1063746138177711,0.07188240324224655,0.1724610528776228,0.2369120530492433,0.2201870083808899,0.08362522334176695,0.2788071014607946,0.23808209993876517
SNN_delta_event,3,42,SNN_delta_event_f3_s42,13,0.10322703282080374,0.06929265754782439,0.1696718763648967,0.2336108387618929,0.21813341975212097,0.07738709504885963,0.2810640453050534,0.24071449995972216
SNN_delta_event,3,42,SNN_delta_event_f3_s42,14,0.09870522122587337,0.06899252707565513,0.1485634707510911,0.2362539567219082,0.22197720408439636,0.07138376318755905,0.2811634649212162,0.2389157998841256
SNN_delta_event,3,42,SNN_delta_event_f3_s42,15,0.0953656673002628,0.07089384080609307,0.12235913247084874,0.2267879287933099,0.21367263793945312,0.06557645426928388,0.28274169750511646,0.23613239987753332
SNN_delta_event,3,42,SNN_delta_event_f3_s42,16,0.08692764487862133,0.06363477460884799,0.11646435134886668,0.22722037083510332,0.21522516012191772,0.05997605356592802,0.28527533666541177,0.2381593999452889
SNN_delta_event,3,42,SNN_delta_event_f3_s42,17,0.08774955787129719,0.06261055972815181,0.12569499071572687,0.22170447710602773,0.2104983925819397,0.05603042262044015,0.2857893891632557,0.2328254000749439
SNN_delta_event,3,42,SNN_delta_event_f3_s42,18,0.09188377136356389,0.0663650363033715,0.127593675300962,0.22070679002754837,0.21019144356250763,0.05257673232520362,0.2880882440755765,0.23376110009849072
SNN_delta_event,3,42,SNN_delta_event_f3_s42,19,0.08190928046236556,0.05882604920770973,0.11541615627327918,0.21873834791350172,0.2086438238620758,0.050472620257129605,0.2881019425888856,0.23319689999334514
SNN_delta_event,3,42,SNN_delta_event_f3_s42,20,0.07996904533850506,0.05892195735941641,0.10523543989544328,0.21445523344891135,0.2049986869096756,0.04728273269617871,0.289291450753808,0.23662939993664622
SNN_delta_event,3,42,SNN_delta_event_f3_s42,21,0.07936375403044969,0.05826725261673952,0.10548250706855082,0.21247088824369528,0.20359790325164795,0.04436492496023669,0.2906686731924613,0.23465760005638003
SNN_delta_event,3,42,SNN_delta_event_f3_s42,22,0.07579294179387593,0.05586879230395425,0.09962074744960837,0.21039823229310436,0.20202672481536865,0.04185753738867857,0.2919340009490649,0.2347980998456478
SNN_delta_event,3,42,SNN_delta_event_f3_s42,23,0.07769082169948219,0.055824179406045005,0.10933321146718594,0.20693049358452945,0.19910560548305511,0.039124440507371704,0.29168416435519856,0.2355231000110507
SNN_delta_event,3,42,SNN_delta_event_f3_s42,24,0.07158681427928791,0.05214585174690001,0.09720481266193949,0.2123801484847084,0.2048623412847519,0.03758903599978255,0.2924966088806589,0.2400301001034677
SNN_delta_event,3,42,SNN_delta_event_f3_s42,25,0.07224569048168768,0.05172283671466479,0.10261426883511438,0.20870668664507264,0.2014838010072708,0.036114428189009104,0.2922172015532851,0.23586250003427267
SNN_delta_event,3,42,SNN_delta_event_f3_s42,26,0.06889776481515593,0.051711908308789134,0.085929282531834,0.20429609521915962,0.19749009609222412,0.03402999563467742,0.29270656903584796,0.23463040008209646
SNN_delta_event,3,42,SNN_delta_event_f3_s42,27,0.06773411875537126,0.04969372848669688,0.09020195134337185,0.20650165120805994,0.20001645386219025,0.03242598672934849,0.2957329638302326,0.23238990013487637
SNN_delta_event,3,42,SNN_delta_event_f3_s42,28,0.06857342609131976,0.048542111292287395,0.10015657399516187,0.20942301650872783,0.20319528877735138,0.031138638656882205,0.29474948657055694,0.2333350998815149
SNN_delta_event,3,42,SNN_delta_event_f3_s42,29,0.0670654050186813,0.0485948005807586,0.09235302218961351,0.20385954059956232,0.1977410465478897,0.030592470258363057,0.29323079499105614,0.24048299994319677
SNN_delta_event,3,42,SNN_delta_event_f3_s42,30,0.06711193389341248,0.048383797674129404,0.09364068109641537,0.20555446126202484,0.1996334046125412,0.02960528324741823,0.294272322828571,0.23504139995202422
SNN_delta_event,3,42,SNN_delta_event_f3_s42,31,0.06760239872908276,0.04924811141609098,0.09177143656495886,0.2025780830963415,0.19688743352890015,0.028453247837206853,0.29530286882072687,0.2381563000380993
SNN_delta_event,3,42,SNN_delta_event_f3_s42,32,0.06566789517735737,0.048695566724442564,0.08486164226457406,0.19955057031439863,0.194057434797287,0.027465677585558228,0.29521185749520856,0.23544470011256635
SNN_delta_event,3,42,SNN_delta_event_f3_s42,33,0.06209149041357135,0.04492418861870343,0.08583650897433959,0.20316630796391705,0.19796022772789001,0.026030401180135145,0.2951288530603051,0.2393615001346916
SNN_delta_event,3,42,SNN_delta_event_f3_s42,34,0.061062115992124966,0.04469955474390493,0.08181280624110016,0.20137301441269587,0.196292445063591,0.025402846745524333,0.2968642857546608,0.23249319987371564
SNN_delta_event,3,42,SNN_delta_event_f3_s42,35,0.060596973728426505,0.04394357853258649,0.08326697597920003,0.20365899345656688,0.19869078695774078,0.02484103249413043,0.29800035400937,0.23432759987190366
SNN_delta_event,3,42,SNN_delta_event_f3_s42,36,0.06066012475344564,0.04632525166380219,0.07167436544821724,0.20162659136398325,0.1967783272266388,0.02424132068672235,0.29633354768157005,0.23498330009169877
SNN_delta_event,3,42,SNN_delta_event_f3_s42,37,0.06061253959881679,0.04367630347405793,0.08468118062379427,0.2029369378325298,0.19821955263614655,0.023586925981916286,0.296333412018915,0.23652390018105507
SNN_delta_event,3,42,SNN_delta_event_f3_s42,38,0.055556227218730464,0.04155233160903057,0.07001947804849949,0.20007692567071345,0.19568762183189392,0.021946519194097614,0.2973777934287985,0.23564169998280704
SNN_delta_event,3,42,SNN_delta_event_f3_s42,39,0.05773388846112196,0.04333360492698072,0.07200141767070616,0.1984759283712816,0.19421082735061646,0.021325505103325797,0.29789062589406967,0.2352724999655038
SNN_delta_event,3,42,SNN_delta_event_f3_s42,40,0.05771122133221871,0.042486904252048895,0.07612158540084912,0.19708150551737133,0.19286485016345978,0.021083276769557804,0.2979635962595542,0.23763179988600314
SNN_delta_event,3,42,SNN_delta_event_f3_s42,41,0.060068120960654225,0.040764673127947994,0.09651723916353117,0.20273331025435953,0.1984972357749939,0.02118037239682814,0.2972268331795931,0.23615729995071888
SNN_delta_event,3,42,SNN_delta_event_f3_s42,42,0.05434718351618282,0.039693137722982406,0.07327022896600209,0.20272160486362834,0.1984100639820099,0.021557704408092234,0.29796264693140984,0.24296730011701584
SNN_delta_event,3,42,SNN_delta_event_f3_s42,43,0.05485744842712739,0.041052938705737084,0.06902254860695153,0.2056795787782029,0.201653853058815,0.020128628596939507,0.2979261614382267,0.2514845000114292
SNN_delta_event,3,42,SNN_delta_event_f3_s42,44,0.07144779207072637,0.05637782367800052,0.07534984196362927,0.19973030722374976,0.19572743773460388,0.020014347445729348,0.29662190719197196,0.23904339992441237
SNN_delta_event,3,42,SNN_delta_event_f3_s42,45,0.05223066588531627,0.03894240285080741,0.06644131517254424,0.20379636617459038,0.20000047981739044,0.018979431785999666,0.29869506942729157,0.23708679992705584
SNN_delta_event,3,42,SNN_delta_event_f3_s42,46,0.05378558915495394,0.03824436553986743,0.07770611807543254,0.2083577042757519,0.2044192999601364,0.019692021578077354,0.2980912262573838,0.236269700108096
SNN_delta_event,3,42,SNN_delta_event_f3_s42,47,0.050001623947752184,0.03625188841639707,0.0687486776567756,0.1975399555337473,0.1937808394432068,0.0187955804527027,0.2980418565372626,0.23378070001490414
SNN_delta_event,3,42,SNN_delta_event_f3_s42,48,0.049565916654263076,0.03651352670567576,0.06526194974293657,0.2020460598741412,0.19838638603687286,0.01829836918634169,0.2993305120617151,0.23668759991414845
SNN_delta_event,3,42,SNN_delta_event_f3_s42,49,0.0531821460564855,0.0382405978840931,0.07470774086196205,0.2001720372237501,0.19660033285617828,0.017858521837859017,0.29885470991333324,0.239698400022462
SNN_delta_event,3,42,SNN_delta_event_f3_s42,50,0.04993641786743958,0.03692792066916203,0.06504248599138779,0.21209639700700722,0.20854350924491882,0.017764438810441995,0.2987368404865265,0.2409582999534905
SNN_delta_event,3,42,SNN_delta_event_f3_s42,51,0.05129115734660094,0.0358031047314095,0.07744026307595717,0.20861117388427833,0.20506025850772858,0.017754576882748695,0.29841389941672486,0.2403356998693198
SNN_delta_event,3,42,SNN_delta_event_f3_s42,52,0.049169365036131785,0.034172900695314944,0.07498232170408418,0.21290796812672794,0.20918428897857666,0.018618395740756435,0.29906900972127914,0.23595879995264113
SNN_delta_event,3,42,SNN_delta_event_f3_s42,53,0.04413608603558178,0.03409329510274498,0.05021395466418394,0.20927070051209076,0.20587754249572754,0.016965790081816087,0.29961548062662285,0.23511350015178323
SNN_delta_event,3,42,SNN_delta_event_f3_s42,54,0.04952712180350465,0.03737438004463911,0.06076370879432769,0.2132672056768883,0.20988048613071442,0.01693359773086952,0.2993901918331782,0.23465959983877838
SNN_delta_event,3,42,SNN_delta_event_f3_s42,55,0.046569904993529455,0.03545761845210412,0.05556143270712669,0.210162564625648,0.20691616833209991,0.01623198146774044,0.29938924002150696,0.2383640999905765
SNN_delta_event,3,314,SNN_delta_event_f3_s314,1,0.5744829224989519,0.44706720191364485,0.6370786029265351,0.7123906648196514,0.5944686532020569,0.5896100580879727,0.2787372525781393,0.23338809981942177
SNN_delta_event,3,314,SNN_delta_event_f3_s314,2,0.29153519567285896,0.18681942271844795,0.523578864772055,0.5065676579422921,0.4105534851551056,0.48007086393593246,0.2828689257924755,0.23477210011333227
SNN_delta_event,3,314,SNN_delta_event_f3_s314,3,0.218687728082012,0.12773757323157042,0.4547507742522079,0.43380927594015434,0.35390371084213257,0.39952782549010885,0.28798923175781965,0.23731969995424151
SNN_delta_event,3,314,SNN_delta_event_f3_s314,4,0.18473530528720739,0.11128351474568869,0.3672589527075934,0.4047616252687367,0.3378199338912964,0.3347084568872017,0.28965888110299903,0.24135109991766512
SNN_delta_event,3,314,SNN_delta_event_f3_s314,5,0.20879574806668813,0.14174574931773046,0.33524999374478837,0.38737252016768514,0.33056020736694336,0.28406156400370897,0.2906684012462695,0.23394769988954067
SNN_delta_event,3,314,SNN_delta_event_f3_s314,6,0.15655431784093227,0.09828448955280085,0.291349141440657,0.36923286118878507,0.3204711377620697,0.24380861713357693,0.292028537640969,0.23841360001824796
SNN_delta_event,3,314,SNN_delta_event_f3_s314,7,0.13991832191830583,0.09054528619162738,0.24686517863339227,0.35888353500866665,0.3167265057563782,0.2107851462614424,0.2944562466194232,0.2409097000490874
SNN_delta_event,3,314,SNN_delta_event_f3_s314,8,0.12953424474475927,0.08424834134833266,0.22642951698213296,0.34913516485466145,0.3123578727245331,0.18388646065064196,0.29549953651924926,0.23810359998606145
SNN_delta_event,3,314,SNN_delta_event_f3_s314,9,0.12377834920968289,0.08385251368357179,0.19962917763055543,0.3419471143312612,0.3095551133155823,0.16196000507839448,0.2979760728776455,0.23786409990862012
SNN_delta_event,3,314,SNN_delta_event_f3_s314,10,0.11754993808942826,0.07844014438645293,0.19554896851487666,0.33392993200172044,0.30522242188453674,0.14353755058591844,0.29888617744048435,0.23559719999320805
SNN_delta_event,3,314,SNN_delta_event_f3_s314,11,0.11234150495011108,0.07585972205076057,0.1824089144967526,0.32746529529749785,0.30154016613960266,0.12962564578947594,0.3006890205045541,0.23887980007566512
SNN_delta_event,3,314,SNN_delta_event_f3_s314,12,0.11238705970094416,0.07297998837505777,0.19703535662943195,0.32339924191528896,0.2995300889015198,0.11934576506884594,0.30096177974094945,0.24182859994471073
SNN_delta_event,3,314,SNN_delta_event_f3_s314,13,0.108231580779235,0.0729696611330534,0.17630959823090805,0.31471040220661733,0.2929297983646393,0.10890301920989023,0.3025241444508235,0.23722320003435016
SNN_delta_event,3,314,SNN_delta_event_f3_s314,14,0.10161995555720804,0.06975657345416646,0.15931691051520788,0.3062387778987206,0.28605368733406067,0.10092545282329966,0.30440334727366763,0.24652669997885823
SNN_delta_event,3,314,SNN_delta_event_f3_s314,15,0.09800298817577303,0.06896924015018158,0.14516874012795733,0.3107206532437612,0.29220137000083923,0.09259641621460986,0.30655653215944767,0.24478979990817606
SNN_delta_event,3,314,SNN_delta_event_f3_s314,16,0.09574924406987496,0.06645417212954878,0.14647535970163103,0.30392339727624595,0.286713182926178,0.08605107175033984,0.3068667259067297,0.24746329989284277
SNN_delta_event,3,314,SNN_delta_event_f3_s314,17,0.09271854223221858,0.06370552263979334,0.1450650979621261,0.29821219721961323,0.28184595704078674,0.08183120089413234,0.3079908601939678,0.2425842999946326
SNN_delta_event,3,314,SNN_delta_event_f3_s314,18,0.0903229716527697,0.06488138556596823,0.12720793043400733,0.3008756626795673,0.2856519818305969,0.07611840424485178,0.30948255645732087,0.23993580020032823
SNN_delta_event,3,314,SNN_delta_event_f3_s314,19,0.08553716594393697,0.06055709548915426,0.12490035227391354,0.29238058198055944,0.27808865904808044,0.07145961466239496,0.3106473796069622,0.24600650020875037
SNN_delta_event,3,314,SNN_delta_event_f3_s314,20,0.0863694310097926,0.06131120530092934,0.12529112854431626,0.29200999589578347,0.2784408628940582,0.06784566500862627,0.3101775422692299,0.24687290005385876
SNN_delta_event,3,314,SNN_delta_event_f3_s314,21,0.08169222756473156,0.05866856151988031,0.11511833022425627,0.2918002152253153,0.2789579927921295,0.06421111216592901,0.3109574367602666,0.2613127001095563
SNN_delta_event,3,314,SNN_delta_event_f3_s314,22,0.08158071960094758,0.059378990990808234,0.11100864305069665,0.29088923073754464,0.27875691652297974,0.060661571072824536,0.3121086961279313,0.2474102999549359
SNN_delta_event,3,314,SNN_delta_event_f3_s314,23,0.07931495362018333,0.05528473450734358,0.12015109556419878,0.28599243192142754,0.2742714285850525,0.058605016681875254,0.31224758364260197,0.24457350000739098
SNN_delta_event,3,314,SNN_delta_event_f3_s314,24,0.07949219355101056,0.05627777571013818,0.11607208920436185,0.28431964919351793,0.2732738256454468,0.05522911774035567,0.3131759998699029,0.24689959990791976
SNN_delta_event,3,314,SNN_delta_event_f3_s314,25,0.0768618404809164,0.05441475241241278,0.1122354403425181,0.28038871591477277,0.2695659101009369,0.054114029069179254,0.3134798152993123,0.23968180012889206
SNN_delta_event,3,314,SNN_delta_event_f3_s314,26,0.07823723309839799,0.05451497598551214,0.11861128556442928,0.2774671788686453,0.26697126030921936,0.05247959279712968,0.3134604226797819,0.24561970005743206
SNN_delta_event,3,314,SNN_delta_event_f3_s314,27,0.07474137026724241,0.052058885912022866,0.11341242177609777,0.2846184549215923,0.27456197142601013,0.050282417477911,0.3131378845622142,0.24134619999676943
SNN_delta_event,3,314,SNN_delta_event_f3_s314,28,0.07462192236491234,0.05192133785264256,0.11350292256134893,0.2807584461699234,0.2708361744880676,0.04961135840927889,0.31466715534528095,0.24472140008583665
SNN_delta_event,3,314,SNN_delta_event_f3_s314,29,0.0728183824933098,0.05222012171482978,0.10299130389240009,0.276639500395307,0.2672191560268402,0.04710172184233396,0.31449720698098343,0.24141189991496503
SNN_delta_event,3,314,SNN_delta_event_f3_s314,30,0.06961747646143947,0.050420061219483614,0.09598707620977925,0.28086810844089344,0.27193960547447205,0.04464251483210696,0.31347968087842065,0.2370062000118196
SNN_delta_event,3,314,SNN_delta_event_f3_s314,31,0.06648466287944597,0.04845531411895839,0.09014674380243791,0.2760248403025076,0.2675028145313263,0.04261012885590676,0.3154168010999759,0.24000789993442595
SNN_delta_event,3,314,SNN_delta_event_f3_s314,32,0.06688856974673907,0.048793923061263435,0.09047323342737813,0.2846665259860983,0.27643883228302,0.041138468515391484,0.3152107745409012,0.24226109986193478
SNN_delta_event,3,314,SNN_delta_event_f3_s314,33,0.06688346114211413,0.050255998040180806,0.08313731550966662,0.2879154238977276,0.28007930517196655,0.03918059362880534,0.3159038629382849,0.24115999997593462
SNN_delta_event,3,314,SNN_delta_event_f3_s314,34,0.06223681421003014,0.047002244794081584,0.07617284707974277,0.2765957536057528,0.26917731761932373,0.037092179932145385,0.31658216503759223,0.24176619993522763
SNN_delta_event,3,314,SNN_delta_event_f3_s314,35,0.0641504172532919,0.0462179875515479,0.08966214850872002,0.2833986235808277,0.27609381079673767,0.03652406392044991,0.31586751031378907,0.2428898001089692
SNN_delta_event,3,314,SNN_delta_event_f3_s314,36,0.0646498004920657,0.04610043974147023,0.09274680375297739,0.2798736273158201,0.2728559374809265,0.03508844917446797,0.3159950077533722,0.2483099999371916
SNN_delta_event,3,314,SNN_delta_event_f3_s314,37,0.06267993491424395,0.04391434973028178,0.09382792591981091,0.27805859848745634,0.27088943123817444,0.03584583624640959,0.31598537787795067,0.2421818000730127
SNN_delta_event,3,314,SNN_delta_event_f3_s314,38,0.060812593035021935,0.04350087834366908,0.0865585734567643,0.2817719327368475,0.2746928334236145,0.035395496566164884,0.31660671532154083,0.23812259989790618
SNN_delta_event,3,314,SNN_delta_event_f3_s314,39,0.061055176611618876,0.04424378198261062,0.08405697314504125,0.27538932488235474,0.2688271403312683,0.0328109227554322,0.3175221085548401,0.2424850999377668
SNN_delta_event,3,314,SNN_delta_event_f3_s314,40,0.0587837102812754,0.04144664230989292,0.0866853398569124,0.2802409879479897,0.2736489176750183,0.03296035136485694,0.3167887379725774,0.24752760003320873
SNN_delta_event,3,314,SNN_delta_event_f3_s314,41,0.05847814035689064,0.04179149270445729,0.08343323826216671,0.2779072995831071,0.27151328325271606,0.03197008165195525,0.31744181364774704,0.23837370006367564
SNN_delta_event,3,314,SNN_delta_event_f3_s314,42,0.05715509874426797,0.04135620574137041,0.0789944650144878,0.27926480556685923,0.27305009961128235,0.031073529777884395,0.3168132845312357,0.24113059998489916
SNN_delta_event,3,314,SNN_delta_event_f3_s314,43,0.05523025654778996,0.04074235099445408,0.0724395277666794,0.2796627560180887,0.27382785081863403,0.029174525997273434,0.3173750800391038,0.24302649986930192
SNN_delta_event,3,314,SNN_delta_event_f3_s314,44,0.056036628055015254,0.039289063250180334,0.08373782402417462,0.28210395474150873,0.27636435627937317,0.028697992310677684,0.3180731888860464,0.24818750005215406
SNN_delta_event,3,314,SNN_delta_event_f3_s314,45,0.05623983309116095,0.04149502536165528,0.07372403864752831,0.28543002541554774,0.27964356541633606,0.028932299996058473,0.31738539040088654,0.2420576000586152
SNN_delta_event,3,314,SNN_delta_event_f3_s314,46,0.053046726778215945,0.0385160790028749,0.0726532388767052,0.2876154430278829,0.2820688784122467,0.027732823078180868,0.31728271519144374,0.24238929990679026
SNN_delta_event,3,314,SNN_delta_event_f3_s314,47,0.05316108399583478,0.037579952710075304,0.07790565642879742,0.2764386573666121,0.27096614241600037,0.027362574753058637,0.31759711044530076,0.2387190000154078
SNN_delta_event,3,314,SNN_delta_event_f3_s314,48,0.05261681502787896,0.036732873578633495,0.07941970724622732,0.27678199535751213,0.2715260982513428,0.02627948553084671,0.3180756277094285,0.24150450015440583
SNN_delta_event,3,314,SNN_delta_event_f3_s314,49,0.047451528465242886,0.035075072170002386,0.06188228147620247,0.2870839289244288,0.2821430265903473,0.024704511670407443,0.31916707071165246,0.24351659999229014
SNN_delta_event,3,314,SNN_delta_event_f3_s314,50,0.048222576258826144,0.03552467468095225,0.06348950788936945,0.28527207259481197,0.28053146600723267,0.023703032937896603,0.3181065550694863,0.23717359988950193
SNN_delta_event,3,314,SNN_delta_event_f3_s314,51,0.05154749913762476,0.03557158700035264,0.07987956068636058,0.28415985452734616,0.27944087982177734,0.02359487352784395,0.31888278760015965,0.24370520003139973
SNN_delta_event,3,314,SNN_delta_event_f3_s314,52,0.047568087627916034,0.03423452269635163,0.06666782465782202,0.28910596512945563,0.2845846116542816,0.022606767375870026,0.31849989481270313,0.23902130010537803
SNN_delta_event,3,314,SNN_delta_event_f3_s314,53,0.04563056286076034,0.03323927583793799,0.06195643511411175,0.287243078099593,0.2829561233520508,0.021434773737711115,0.31902805032829445,0.25570910004898906
SNN_delta_event,3,314,SNN_delta_event_f3_s314,54,0.04447686059599404,0.03253064064483624,0.05973109975578902,0.2883942891200477,0.2842263877391815,0.02083950690433102,0.3188293433437745,0.25822019996121526
SNN_delta_event,3,2718,SNN_delta_event_f3_s2718,1,0.6770700820839953,0.5546497573765615,0.6121016235371693,0.8427439765791473,0.7385361194610596,0.5210392855904388,0.2529005268588662,0.24378270003944635
SNN_delta_event,3,2718,SNN_delta_event_f3_s2718,2,0.37191396377592945,0.27112714798810583,0.5039340789391181,0.4651934769937077,0.38286128640174866,0.41166095295979543,0.2579436572268605,0.24246039986610413
SNN_delta_event,3,2718,SNN_delta_event_f3_s2718,3,0.2410689332254902,0.15627280374368033,0.42398064740904945,0.3423380778739288,0.2764797806739807,0.3292914859997402,0.262326388930281,0.24283970007672906
SNN_delta_event,3,2718,SNN_delta_event_f3_s2718,4,0.1971791876027058,0.12895468280961117,0.3411225239654732,0.3130052887568684,0.2598129212856293,0.2659618373561955,0.26665323817481595,0.24066520016640425
SNN_delta_event,3,2718,SNN_delta_event_f3_s2718,5,0.17382400548057142,0.11698434932623059,0.2841982807717041,0.29107575604656954,0.24715258181095123,0.2196158711780917,0.2705696613217394,0.23810560000129044
SNN_delta_event,3,2718,SNN_delta_event_f3_s2718,6,0.16534672533891845,0.11593934408544253,0.24703690626737954,0.27687043526262606,0.23995165526866913,0.18459389996978473,0.2721953649694721,0.24391419999301434
SNN_delta_event,3,2718,SNN_delta_event_f3_s2718,7,0.16139718018502122,0.11572066343311842,0.22838258375951404,0.26800236105497155,0.23647859692573547,0.15761882064618032,0.27548651956021786,0.2459539999254048
SNN_delta_event,3,2718,SNN_delta_event_f3_s2718,8,0.1428733775799145,0.10264462872873992,0.20114374425587292,0.2608662305992542,0.23344959318637848,0.13708318706437853,0.2780056418851018,0.24544269987381995
SNN_delta_event,3,2718,SNN_delta_event_f3_s2718,9,0.13530418646404985,0.0987145909651493,0.18294797749450278,0.24872034192296133,0.22434905171394348,0.12185645104508917,0.2794806581611435,0.24022299982607365
SNN_delta_event,3,2718,SNN_delta_event_f3_s2718,10,0.12712647786567344,0.08916053728898987,0.1898297028834178,0.24757946373812809,0.2258230596780777,0.10878202030025189,0.28205145833392936,0.2430083998478949
SNN_delta_event,3,2718,SNN_delta_event_f3_s2718,11,0.11840376782540556,0.08556989857849355,0.16416934623456012,0.23938210009474237,0.21959741413593292,0.09892342979404724,0.2827128078788519,0.24204579996876419
SNN_delta_event,3,2718,SNN_delta_event_f3_s2718,12,0.11997163633012693,0.08797366637736559,0.15998984976380667,0.23409995063881642,0.2160692811012268,0.09015334768794804,0.28477132009963196,0.24688590015284717
SNN_delta_event,3,2718,SNN_delta_event_f3_s2718,13,0.11786523918547294,0.08342718639566253,0.17219026394905199,0.22846318167312152,0.21189317107200623,0.08285005300557652,0.28632798977196217,0.24121030000969768
SNN_delta_event,3,2718,SNN_delta_event_f3_s2718,14,0.10830141182620645,0.08009946682917264,0.14100972498516898,0.22989190159951273,0.21452634036540985,0.07682780617051435,0.28757527594765026,0.24466049997135997
SNN_delta_event,3,2718,SNN_delta_event_f3_s2718,15,0.10027294431412496,0.07396990786461781,0.13151518224753575,0.22071158631288873,0.2065259963274002,0.07092794992744265,0.2897657596816619,0.24807079997844994
SNN_delta_event,3,2718,SNN_delta_event_f3_s2718,16,0.10528667757687427,0.0812999392413379,0.11993369167768175,0.22279142108986025,0.20958460867404938,0.06603406207905439,0.2915235757827759,0.2478826001752168
SNN_delta_event,3,2718,SNN_delta_event_f3_s2718,17,0.09903466455059336,0.07238902808361065,0.13322818233491351,0.22050476614397557,0.20807476341724396,0.06215001363365812,0.29215765930712223,0.24139500013552606
SNN_delta_event,3,2718,SNN_delta_event_f3_s2718,18,0.09208779262283255,0.06927419852581806,0.11406797048507249,0.21122224656566274,0.19951635599136353,0.0585294528714961,0.2932127558936675,0.2418917000759393
SNN_delta_event,3,2718,SNN_delta_event_f3_s2718,19,0.09867237493923725,0.07106122399757926,0.13805575470828993,0.21467688737513274,0.20350760221481323,0.05584642580159758,0.29532348550856113,0.24309200001880527
SNN_delta_event,3,2718,SNN_delta_event_f3_s2718,20,0.08578210163716156,0.06475368733905877,0.10514207149051402,0.2120643114622495,0.2014695107936859,0.052974003342817884,0.2952315267175436,0.24683870002627373
SNN_delta_event,3,2718,SNN_delta_event_f3_s2718,21,0.08904888599294784,0.0651075265777763,0.11970679707585763,0.2080832330922965,0.19788110256195068,0.05101065265172917,0.2978424758960803,0.24033790011890233
SNN_delta_event,3,2718,SNN_delta_event_f3_s2718,22,0.08427278314463064,0.06241221217593799,0.1093028548434632,0.20619531697043036,0.19647935032844543,0.048579833209924636,0.2976611324896415,0.2422533999197185
SNN_delta_event,3,2718,SNN_delta_event_f3_s2718,23,0.08498201546163749,0.06308605336622956,0.10947981047703959,0.20332066490332473,0.19399817287921906,0.04661246012052837,0.29829793361326057,0.238342700060457
SNN_delta_event,3,2718,SNN_delta_event_f3_s2718,24,0.08135396397501106,0.05976360941228146,0.10795177281364797,0.20661948957978368,0.19771426916122437,0.044526102092796525,0.2999860309064388,0.24521990003995597
SNN_delta_event,3,2718,SNN_delta_event_f3_s2718,25,0.08212558086898673,0.06022504951882487,0.10950265675080934,0.20761234130109982,0.1990184783935547,0.042969314537725685,0.3008512357870738,0.2449475999455899
SNN_delta_event,3,2718,SNN_delta_event_f3_s2718,26,0.08179486398937265,0.062082212719057374,0.09856325635157637,0.19954978241002386,0.19124062359333038,0.04154579408346739,0.3009250207493703,0.23975700000301003
SNN_delta_event,3,2718,SNN_delta_event_f3_s2718,27,0.07768051842376687,0.05628542078193277,0.10697548820917047,0.20053250426549535,0.1924208104610443,0.04055846902225518,0.3014430074642102,0.24234610004350543
SNN_delta_event,3,2718,SNN_delta_event_f3_s2718,28,0.07362097913897596,0.05544098306787267,0.09089998035551643,0.20075303828952917,0.19303874671459198,0.038571457874685904,0.3021819380422433,0.2384907000232488
SNN_delta_event,3,2718,SNN_delta_event_f3_s2718,29,0.07468675955908999,0.05581726709594174,0.09434746231574116,0.20352837287009629,0.1960149109363556,0.03756730966870351,0.30313910481830436,0.24476439994759858
SNN_delta_event,3,2718,SNN_delta_event_f3_s2718,30,0.06963060268802333,0.053499374587166436,0.08065614050428449,0.19868864204746278,0.1914590448141098,0.036147986166764914,0.30347439212103683,0.24891019985079765
SNN_delta_event,3,2718,SNN_delta_event_f3_s2718,31,0.07148179379530809,0.05385738767896934,0.08812203058169372,0.19917011801522436,0.19214360415935516,0.03513256927934598,0.30471842363476753,0.24154389998875558
SNN_delta_event,3,2718,SNN_delta_event_f3_s2718,32,0.06698764207715238,0.050814393296604976,0.08086624390273704,0.20192260881228397,0.1951589435338974,0.033818326391932794,0.3046327040841182,0.2600473999045789
SNN_delta_event,3,2718,SNN_delta_event_f3_s2718,33,0.06850839131399163,0.04940865517952867,0.09549868067231475,0.2017696910174915,0.19503872096538544,0.033654850260530306,0.3054378249992927,0.2505636001005769
SNN_delta_event,3,2718,SNN_delta_event_f3_s2718,34,0.06677121225368915,0.049335401325758234,0.08717905463965454,0.20016275724135457,0.1935790628194809,0.03291847210936834,0.3049646007517974,0.24279640009626746
SNN_delta_event,3,2718,SNN_delta_event_f3_s2718,35,0.06254366182937947,0.04754800103061522,0.07497830399382122,0.20073512408552902,0.19430197775363922,0.032165731659449005,0.30526285742719966,0.24482870008796453
SNN_delta_event,3,2718,SNN_delta_event_f3_s2718,36,0.06087313743543501,0.046224726567743346,0.07324205433845825,0.1998144396438861,0.19354639947414398,0.031340200848710496,0.3062636982649565,0.24503510002978146
SNN_delta_event,3,2718,SNN_delta_event_f3_s2718,37,0.0628975955464147,0.04761627348489128,0.07640661030761713,0.19930484026849105,0.19315990805625916,0.03072466106115952,0.30586493636171025,0.24294889997690916
SNN_delta_event,3,2718,SNN_delta_event_f3_s2718,38,0.0614573073829446,0.046118984930217266,0.0766916122636367,0.20075445474309953,0.19467292726039886,0.03040763741350328,0.3064135729024808,0.24344590003602207
SNN_delta_event,3,2718,SNN_delta_event_f3_s2718,39,0.06105454929350482,0.04569060692059187,0.07681971186456475,0.20197242691868378,0.1960948407649994,0.029387930768421916,0.30662041654189426,0.24045979999937117
SNN_delta_event,3,2718,SNN_delta_event_f3_s2718,40,0.058679684991114145,0.044489843183934376,0.07094920903589885,0.20133453719856792,0.1955241858959198,0.029051756513240577,0.3071198184043169,0.24449419998563826
SNN_delta_event,3,2718,SNN_delta_event_f3_s2718,41,0.05738196130235126,0.04315400338964537,0.07113978956352941,0.1976200594736919,0.19191445410251617,0.02852802685587872,0.3073409019658963,0.2438842998817563
SNN_delta_event,3,2718,SNN_delta_event_f3_s2718,42,0.060231691317621884,0.044944809041529275,0.0764344113804631,0.20168786303315211,0.19598284363746643,0.028525096978428453,0.30807834242781,0.24089030013419688
SNN_delta_event,3,2718,SNN_delta_event_f3_s2718,43,0.05763994803718586,0.043355033286691956,0.07142457375246954,0.2017972622501866,0.19622759521007538,0.027848335200556077,0.3079671214024226,0.2414065001066774
SNN_delta_event,3,2718,SNN_delta_event_f3_s2718,44,0.05591157890647175,0.04201442281676767,0.0694857804485204,0.20467090915540767,0.19917315244674683,0.027488783543304182,0.3079630533854167,0.23884569993242621
SNN_delta_event,3,2718,SNN_delta_event_f3_s2718,45,0.05530200233873236,0.042180184653261676,0.06560908842735337,0.20195299462930727,0.19653967022895813,0.027066622001745696,0.3077567536383867,0.2466569000389427
SNN_delta_event,3,2718,SNN_delta_event_f3_s2718,46,0.053353690749221305,0.039847940803156234,0.06752874973032533,0.19737835845360885,0.1920727789402008,0.02652789756704016,0.30752590609093505,0.2397282999008894
SNN_delta_event,3,2718,SNN_delta_event_f3_s2718,47,0.053149300795560704,0.03840861461746196,0.07370343089049368,0.19981176691686253,0.1944711059331894,0.026703304918365752,0.3074527997523546,0.24060470005497336
SNN_delta_event,3,2718,SNN_delta_event_f3_s2718,48,0.05170538772527352,0.03823390135463948,0.06735743185317017,0.20326246501615786,0.19795648753643036,0.026529887398637524,0.3090368652095397,0.23848529998213053
SNN_delta_event,3,2718,SNN_delta_event_f3_s2718,49,0.05692840670512509,0.041474491668244205,0.07726957518440447,0.20391086593435773,0.19858418405056,0.026633409418988646,0.3088199856380622,0.24244900001212955
SNN_delta_event,3,2718,SNN_delta_event_f3_s2718,50,0.05359730501015988,0.03951922639680561,0.07039039306677135,0.20524968890063963,0.19996458292007446,0.02642552990282581,0.30946519784629345,0.2395619999151677
SNN_delta_event,3,2718,SNN_delta_event_f3_s2718,51,0.051021522419146204,0.03748169125659236,0.06769915581276918,0.20395550244566166,0.19879266619682312,0.025814181244192623,0.3088852260261774,0.2438578000292182
SNN_delta_event,3,2718,SNN_delta_event_f3_s2718,52,0.049362057455005666,0.037232675667231284,0.06064690893887192,0.2032917670220204,0.19815923273563385,0.025662671431932748,0.30840399737159413,0.24265739996917546
SNN_delta_event,3,2718,SNN_delta_event_f3_s2718,53,0.04895521100493302,0.03609648590888052,0.06429362548026248,0.20024442640865375,0.1951860636472702,0.025291813806917685,0.30883151727418107,0.24102839990518987
SNN_delta_event,3,2718,SNN_delta_event_f3_s2718,54,0.04723201437965088,0.03543021076863321,0.059009018055088375,0.2054989178941487,0.20043598115444183,0.025314683698534336,0.30978746091326076,0.23731080000288785
SNN_delta_event,3,2718,SNN_delta_event_f3_s2718,55,0.04690901609215551,0.03526791741993899,0.058205493361082584,0.20584114937134798,0.20090758800506592,0.024667806831410347,0.3092389591038227,0.24422019999474287
SNN_delta_event,3,2718,SNN_delta_event_f3_s2718,56,0.04505343399330163,0.03402075558066523,0.05516339206318199,0.2117582798051888,0.20693597197532654,0.024111539149311308,0.3093477350970109,0.24816770013421774
SNN_delta_event,3,2718,SNN_delta_event_f3_s2718,57,0.04576215979156897,0.033271931441656,0.06245114174956481,0.20441034282764872,0.19958463311195374,0.024128548578474872,0.3097178793201844,0.24452239996753633
SNN_delta_event,3,2718,SNN_delta_event_f3_s2718,58,0.043602533723040404,0.034484006522689015,0.04559263600175692,0.21129001295307517,0.2065408080816269,0.02374602435724136,0.31064398773014545,0.2628027000464499
SNN_delta_event,3,2718,SNN_delta_event_f3_s2718,59,0.04475207705752144,0.033795530961166755,0.054782730481773435,0.2101981018207976,0.20542378723621368,0.023871572922919613,0.3105301943918069,0.2507299000862986
SNN_delta_event,3,2718,SNN_delta_event_f3_s2718,60,0.04217346078879238,0.03221948669912914,0.04976987044831621,0.20999408064945674,0.20534472167491913,0.02324679487268807,0.31016764355202514,0.2594419999513775
SNN_delta_event,3,2718,SNN_delta_event_f3_s2718,61,0.04330308316821391,0.031864285435100705,0.057193988665565985,0.21104794443364594,0.20623718202114105,0.024053812062524483,0.31095201211671036,0.25442399992607534
SNN_delta_event,4,42,SNN_delta_event_f4_s42,1,0.45781739634188573,0.3268889343986909,0.6546423097159747,0.2726224741765431,0.17259420454502106,0.5001413481576102,0.25970011452833813,0.23936530016362667
SNN_delta_event,4,42,SNN_delta_event_f4_s42,2,0.2535190688098027,0.15784329796830812,0.4783788542074728,0.20352717141310372,0.1279832422733307,0.37771964569886524,0.260695394128561,0.24569900007918477
SNN_delta_event,4,42,SNN_delta_event_f4_s42,3,0.20153541833188873,0.12344937391268711,0.39043022209600825,0.1696977698802948,0.11205966025590897,0.2881905481219292,0.2643649646391471,0.23533369996584952
SNN_delta_event,4,42,SNN_delta_event_f4_s42,4,0.16325154574400982,0.1060280487484609,0.28611748497774464,0.1500030783812205,0.10453801602125168,0.2273253117998441,0.2649423557644089,0.23866170016117394
SNN_delta_event,4,42,SNN_delta_event_f4_s42,5,0.13973080640782984,0.0940172498812899,0.22856778263269958,0.13578784694274268,0.09896346181631088,0.18412192563215893,0.2680299198254943,0.2401215999852866
SNN_delta_event,4,42,SNN_delta_event_f4_s42,6,0.1300614712127359,0.08821019248959298,0.20925639361571455,0.12550335166709764,0.09478187561035156,0.15360738028373036,0.271518010335664,0.2445225000847131
SNN_delta_event,4,42,SNN_delta_event_f4_s42,7,0.11260185880741558,0.07863149681361392,0.16985180996900828,0.1177088363504126,0.09129562228918076,0.1320660703061592,0.2753672959903876,0.24379800003953278
SNN_delta_event,4,42,SNN_delta_event_f4_s42,8,0.10250050209522711,0.07342799797576542,0.14536252059730845,0.11190274516386645,0.08958461135625839,0.1115906690380403,0.2766897256175677,0.23796409997157753
SNN_delta_event,4,42,SNN_delta_event_f4_s42,9,0.09747580206559232,0.07046410183344658,0.1350585011607288,0.10793986523967414,0.08840885758399963,0.09765503827837252,0.28044135216623545,0.2438712997827679
SNN_delta_event,4,42,SNN_delta_event_f4_s42,10,0.08914319139657662,0.0644049039692618,0.12369143713657405,0.10504896039409298,0.08804960548877716,0.08499677452657904,0.28275092380742234,0.2460507000796497
SNN_delta_event,4,42,SNN_delta_event_f4_s42,11,0.0822454009023499,0.06030885813136896,0.10968271385490476,0.10055239769674483,0.0851653590798378,0.07693519308453514,0.2842023381963372,0.2546441999729723
SNN_delta_event,4,42,SNN_delta_event_f4_s42,12,0.07662031154183727,0.05759267270332202,0.09513819419257619,0.09839427436923698,0.08453186601400375,0.06931204177616608,0.286121826308469,0.24158410006202757
SNN_delta_event,4,42,SNN_delta_event_f4_s42,13,0.07208598867040097,0.054076634522061795,0.09004677074169591,0.09797475085283319,0.08522643893957138,0.06374155956630906,0.2897237166762352,0.24053520010784268
SNN_delta_event,4,42,SNN_delta_event_f4_s42,14,0.0688946353826536,0.05338163264483834,0.07756501368907628,0.09711810706892893,0.08568036556243896,0.057188707532449846,0.2910899529233575,0.26421259995549917
SNN_delta_event,4,42,SNN_delta_event_f4_s42,15,0.06735418268280806,0.05245459834501768,0.07449792168895193,0.09516365275673923,0.08484980463981628,0.051569240584614734,0.2932752811660369,0.2537432999815792
SNN_delta_event,4,42,SNN_delta_event_f4_s42,16,0.06444079943533791,0.04963086203982433,0.0740496869775679,0.09493069269561341,0.08536596596240997,0.047823633666017225,0.2957332395017147,0.24574620020575821
SNN_delta_event,4,42,SNN_delta_event_f4_s42,17,0.05780781005733154,0.04481334355659783,0.06497233250366856,0.09344322596632298,0.08443626016378403,0.045034829012694816,0.29538981057703495,0.23846719996072352
SNN_delta_event,4,42,SNN_delta_event_f4_s42,18,0.05722723897877082,0.044093796711725496,0.06566721133522664,0.09395265717813302,0.08532465249300003,0.04314002342566493,0.29869317077100277,0.2377015999518335
SNN_delta_event,4,42,SNN_delta_event_f4_s42,19,0.05336742781775323,0.04110020930723598,0.06133609255258626,0.09244799859112217,0.08422047644853592,0.04113761071293127,0.2986985929310322,0.23718350008130074
SNN_delta_event,4,42,SNN_delta_event_f4_s42,20,0.04975514910712925,0.03850451133136327,0.05625318887882991,0.09153522359029878,0.08369321376085281,0.03921004914722982,0.30030341384311515,0.23846850008703768
SNN_delta_event,4,42,SNN_delta_event_f4_s42,21,0.05016191493861597,0.038388316005390756,0.05886799466612607,0.0913083058640006,0.0835300162434578,0.03889144810271405,0.30107733979821205,0.23469959991052747
SNN_delta_event,4,42,SNN_delta_event_f4_s42,22,0.04826881137516306,0.03768472510273568,0.05292043136213689,0.09200581877669763,0.08431634306907654,0.03844737853810546,0.30290540618201095,0.2356011001393199
SNN_delta_event,4,42,SNN_delta_event_f4_s42,23,0.04623056768961989,0.03585856729963174,0.05186000194994076,0.08907088790221938,0.08173010498285294,0.03670391459683223,0.3024190266927083,0.24254670017398894
SNN_delta_event,4,42,SNN_delta_event_f4_s42,24,0.045466492219623574,0.03420689395958713,0.056297991300182225,0.08990490020718425,0.08261387795209885,0.03645511127542704,0.30363321863114834,0.2384844000916928
SNN_delta_event,4,42,SNN_delta_event_f4_s42,25,0.04123047507845597,0.03354720921925036,0.03841632929602803,0.08849252608294289,0.0815700963139534,0.03461214884494742,0.30453749125202495,0.2406800000462681
SNN_delta_event,4,42,SNN_delta_event_f4_s42,26,0.043246258199440085,0.032658334472216666,0.052939618636117104,0.0873619895259894,0.08044234663248062,0.03459821446754393,0.3046828880906105,0.23555770004168153
SNN_delta_event,4,42,SNN_delta_event_f4_s42,27,0.04024516792956238,0.03133932197427688,0.0445292297764275,0.09266354678198695,0.08579883724451065,0.03432354768738151,0.30606458832820255,0.2413290999829769
SNN_delta_event,4,42,SNN_delta_event_f4_s42,28,0.0379781627700023,0.03027005281668001,0.03854054976661145,0.08883301723992364,0.08228152245283127,0.03275747393546183,0.3057520880053441,0.24007100006565452
SNN_delta_event,4,42,SNN_delta_event_f4_s42,29,0.038327082948702566,0.0289827584347222,0.04672162256990184,0.08897815659819615,0.08227923512458801,0.03349460736804065,0.30672458248833817,0.2428747999947518
SNN_delta_event,4,42,SNN_delta_event_f4_s42,30,0.03546635853822994,0.028276285607717,0.0359503646525647,0.08908582782672186,0.08275076746940613,0.03167530178657866,0.3071324297537406,0.23760330001823604
SNN_delta_event,4,42,SNN_delta_event_f4_s42,31,0.03511801609643878,0.027948951499032166,0.03584532298703308,0.08636951642210729,0.0804121196269989,0.02978698397554191,0.3088296167552471,0.2373273998964578
SNN_delta_event,4,42,SNN_delta_event_f4_s42,32,0.03599680895434576,0.026862799898178007,0.04567004528083877,0.08985456778324165,0.08346308767795563,0.031957400526430105,0.308381212875247,0.23924949998036027
SNN_delta_event,4,42,SNN_delta_event_f4_s42,33,0.03256124647485831,0.026298933395689044,0.031311565395846314,0.08748687526255491,0.08141422271728516,0.03036326272634878,0.3087514912088712,0.2364500998519361
SNN_delta_event,4,42,SNN_delta_event_f4_s42,34,0.03333599400739751,0.0266700155189028,0.03332989244247354,0.08661125321639701,0.08066313713788986,0.029740580392535777,0.3102062977850437,0.23541039996780455
SNN_delta_event,4,42,SNN_delta_event_f4_s42,35,0.03178575783770662,0.025031532401044387,0.033771127183311135,0.08696756683921973,0.08113978058099747,0.029138931291111347,0.3111554632584254,0.24686930002644658
SNN_delta_event,4,42,SNN_delta_event_f4_s42,36,0.030387052630660785,0.02448573140039419,0.02950660615133298,0.08473512886080979,0.07884661108255386,0.029442588891279663,0.31094048358500004,0.23355929995886981
SNN_delta_event,4,42,SNN_delta_event_f4_s42,37,0.029887391472583996,0.023805691773304716,0.030408498496396374,0.0848569278547629,0.07922248542308807,0.028172212158374135,0.3107352697600921,0.23174800002016127
SNN_delta_event,4,42,SNN_delta_event_f4_s42,38,0.032237740427450916,0.02295510753659376,0.046413164454285755,0.08591961102604512,0.07958666235208511,0.03166474336979999,0.31086615721384686,0.24010100006125867
SNN_delta_event,4,42,SNN_delta_event_f4_s42,39,0.03102227940881067,0.024426229370874353,0.03298025018968159,0.08643897352845496,0.08036859333515167,0.030351900966516476,0.3124380155156056,0.23753449996002018
SNN_delta_event,4,42,SNN_delta_event_f4_s42,40,0.030530138734422636,0.0228540013389041,0.03838068697759265,0.08616922938519911,0.08036725968122482,0.029009848519871456,0.31047227668265504,0.24093119986355305
SNN_delta_event,4,42,SNN_delta_event_f4_s42,41,0.027826541898497342,0.021565756086298887,0.03130392906099231,0.08550079051577042,0.07948585599660873,0.03007467259580846,0.3118450262894233,0.24148440011776984
SNN_delta_event,4,42,SNN_delta_event_f4_s42,42,0.0272749587104306,0.020575863595392246,0.03349547557519178,0.08415454052554976,0.07856771349906921,0.027934135132402713,0.311908636863033,0.24082019994966686
SNN_delta_event,4,42,SNN_delta_event_f4_s42,43,0.02781885891548322,0.022135832291193463,0.0284151331214488,0.08653987372792991,0.08073706924915314,0.02901402239388387,0.3128701460858186,0.2403161998372525
SNN_delta_event,4,42,SNN_delta_event_f4_s42,44,0.02837049597290264,0.021479050556081347,0.03445722708410646,0.08572681716349465,0.07987836748361588,0.02924224839939381,0.3124865709493558,0.23715019994415343
SNN_delta_event,4,42,SNN_delta_event_f4_s42,45,0.025112753094239864,0.019945530487651315,0.02583611303294273,0.08374321831235042,0.0783400908112526,0.02701563750548909,0.31350708194077015,0.232263799989596
SNN_delta_event,4,42,SNN_delta_event_f4_s42,46,0.025645358156886885,0.01988945185439661,0.028779531512451356,0.08499184689606495,0.0796646699309349,0.026635884825650248,0.3131228306641181,0.24006509990431368
SNN_delta_event,4,42,SNN_delta_event_f4_s42,47,0.024111769351406062,0.019280799014571432,0.02415485168417315,0.08304003726901664,0.07785769551992416,0.025911708745462378,0.31374687887728214,0.24152999999932945
SNN_delta_event,4,42,SNN_delta_event_f4_s42,48,0.0242099316287866,0.018099988729469867,0.030549714496583665,0.08428270263081816,0.07895084470510483,0.026659289628566642,0.3151335983226697,0.2380203001666814
SNN_delta_event,4,42,SNN_delta_event_f4_s42,49,0.023132439819258433,0.017704554101025376,0.027139428591165294,0.08331758808413897,0.07779709249734879,0.027602477933950945,0.31389363544682664,0.24934559990651906
SNN_delta_event,4,42,SNN_delta_event_f4_s42,50,0.023004146568963314,0.017689905711449683,0.026571204287568134,0.08312925109553838,0.07756087183952332,0.027841896280075336,0.31351630327602226,0.24910710006952286
SNN_delta_event,4,42,SNN_delta_event_f4_s42,51,0.02138334659502945,0.016689270555313367,0.023470380198580415,0.08286684490884433,0.07751926779747009,0.02673788555687116,0.3147368722905715,0.2418451001867652
SNN_delta_event,4,42,SNN_delta_event_f4_s42,52,0.021932799644807478,0.017052342105065083,0.024402287698711972,0.0832407141536186,0.07775717973709106,0.027417672082637658,0.31481540327270824,0.24114970001392066
SNN_delta_event,4,42,SNN_delta_event_f4_s42,53,0.02156340281529384,0.01722872028040001,0.02167341267446916,0.08209729665671364,0.07689329981803894,0.026019984193373515,0.3152613652249177,0.24109969986602664
SNN_delta_event,4,42,SNN_delta_event_f4_s42,54,0.02128220652609276,0.016303216352146894,0.024894950869729333,0.08266223000614749,0.07756903767585754,0.025465961651449712,0.31525444736083347,0.24293989990837872
SNN_delta_event,4,42,SNN_delta_event_f4_s42,55,0.021860366892146817,0.016196086323664833,0.028321402842409905,0.08115907280162597,0.07615099847316742,0.025040371642292787,0.31447197776287794,0.23402390000410378
SNN_delta_event,4,42,SNN_delta_event_f4_s42,56,0.0204142262202233,0.015863753569040757,0.022752363255912705,0.08201684085053525,0.07727395743131638,0.02371441709609436,0.31639729874829453,0.23597679985687137
SNN_delta_event,4,42,SNN_delta_event_f4_s42,57,0.020310467766703727,0.015278708247933537,0.02515879759385095,0.0824384958683125,0.07747464627027512,0.024819247990186945,0.3169401027262211,0.23168169986456633
SNN_delta_event,4,42,SNN_delta_event_f4_s42,58,0.019070959814869386,0.014537593511098143,0.022666831518856224,0.08280762870668522,0.07798141986131668,0.024131044226842712,0.3176295291632414,0.2340186000801623
SNN_delta_event,4,42,SNN_delta_event_f4_s42,59,0.01861345841531863,0.014722311219278103,0.019455735980202626,0.08198948827841031,0.07720345258712769,0.023930178456413116,0.3167477771639824,0.2336549002211541
SNN_delta_event,4,42,SNN_delta_event_f4_s42,60,0.018817195677485323,0.014648143679854305,0.020845259988155094,0.08147500643386073,0.0767131969332695,0.023809047502956152,0.31641723588109016,0.2375233001075685
SNN_delta_event,4,42,SNN_delta_event_f4_s42,61,0.019208165374351976,0.014153579594373392,0.025272928899892914,0.08263352450938241,0.07765587419271469,0.024888251583338603,0.3162938083211581,0.2381073001306504
SNN_delta_event,4,42,SNN_delta_event_f4_s42,62,0.019586869354195707,0.01571274845628068,0.019370604489575147,0.0824007542112044,0.07762451469898224,0.02388119756111077,0.3175432663410902,0.23761170008219779
SNN_delta_event,4,42,SNN_delta_event_f4_s42,63,0.017078940576921917,0.013290648654219694,0.018941459613511118,0.08294038413452827,0.07851190865039825,0.022142377420650085,0.31770494269828004,0.23743400000967085
SNN_delta_event,4,42,SNN_delta_event_f4_s42,64,0.018048851248208597,0.01369889350705004,0.021749788705792774,0.08502992863213876,0.08018994331359863,0.02419992659270065,0.3169041611254215,0.24250559997744858
SNN_delta_event,4,42,SNN_delta_event_f4_s42,65,0.019240690334842405,0.014243120608928924,0.02498784862956739,0.08257233875540329,0.07769402116537094,0.024391587950161747,0.3171720393002033,0.23503000009804964
SNN_delta_event,4,42,SNN_delta_event_f4_s42,66,0.016596072300462242,0.013099376260167142,0.01748348020147548,0.08226283613502303,0.0776040181517601,0.023294089916314643,0.31846435616413754,0.2334956000559032
SNN_delta_event,4,42,SNN_delta_event_f4_s42,67,0.016582173396978924,0.01297258805425372,0.01804792671362602,0.0820361780088916,0.07755997031927109,0.02238103844810255,0.31737874324123067,0.23526760004460812
SNN_delta_event,4,42,SNN_delta_event_f4_s42,68,0.016031870847138724,0.012182657524438886,0.0192460666134992,0.08348886544884104,0.07900337874889374,0.022427433499736558,0.31801825761795044,0.23441549995914102
SNN_delta_event,4,42,SNN_delta_event_f4_s42,69,0.016471522580021165,0.012406584258618144,0.02032469160701511,0.08261718786661125,0.07776890695095062,0.024241404578303143,0.3176558433721463,0.23696099990047514
SNN_delta_event,4,42,SNN_delta_event_f4_s42,70,0.01599210014726937,0.01170854421070544,0.02141777968281965,0.08347985491419899,0.07859376072883606,0.024430470926814624,0.3176529947668314,0.23513850010931492
SNN_delta_event,4,314,SNN_delta_event_f4_s314,1,0.5467926811530549,0.41981148968140286,0.6349059573582605,0.28960074929963975,0.18143010139465332,0.5408532395249321,0.28031602563957375,0.23686050018295646
SNN_delta_event,4,314,SNN_delta_event_f4_s314,2,0.28452593761354467,0.18144655510938415,0.5153969125208024,0.1695756830771764,0.08304882049560547,0.4326343129078547,0.2854163950930039,0.23606109991669655
SNN_delta_event,4,314,SNN_delta_event_f4_s314,3,0.20753031245593132,0.12461206472168367,0.41459123867123826,0.1397161937469528,0.07012917846441269,0.3479350764127005,0.2894242362429698,0.23351170006208122
SNN_delta_event,4,314,SNN_delta_event_f4_s314,4,0.1776871736424237,0.10808143572163924,0.3480286896039222,0.12420400000753858,0.06720508635044098,0.28499456828548797,0.29016682753960293,0.2307877999264747
SNN_delta_event,4,314,SNN_delta_event_f4_s314,5,0.15440841078165915,0.09743359948818882,0.2848740564673517,0.11222628386247727,0.06593386083841324,0.23146211512032008,0.29193535757561523,0.23704659985378385
SNN_delta_event,4,314,SNN_delta_event_f4_s314,6,0.142738130827694,0.0917164427228272,0.25510844052433396,0.10344261317026048,0.06488263607025146,0.19279988550004504,0.29214680939912796,0.23445370001718402
SNN_delta_event,4,314,SNN_delta_event_f4_s314,7,0.12869450820192738,0.08748757103846098,0.20603468581733195,0.09687150907658396,0.06446582823991776,0.16202840418333098,0.2930247678110997,0.2377760000526905
SNN_delta_event,4,314,SNN_delta_event_f4_s314,8,0.1200790842691608,0.08030372178958108,0.19887681239789856,0.09265345204444159,0.06495007127523422,0.13851690384603682,0.2940370012074709,0.2321011999156326
SNN_delta_event,4,314,SNN_delta_event_f4_s314,9,0.10825497079513835,0.07705174634853999,0.1560161222329918,0.0889547861402943,0.06546379625797272,0.11745494941160792,0.29654934381445247,0.2401480998378247
SNN_delta_event,4,314,SNN_delta_event_f4_s314,10,0.10017233751964054,0.0714386699643607,0.14366833777639917,0.08571068712998005,0.06529522687196732,0.10207730129006364,0.29864759743213654,0.2373322998173535
SNN_delta_event,4,314,SNN_delta_event_f4_s314,11,0.09402343225640729,0.06832018128867882,0.12851625483864235,0.0842400910705328,0.06648311764001846,0.08878486715257168,0.30038181071480113,0.23550720000639558
SNN_delta_event,4,314,SNN_delta_event_f4_s314,12,0.09453398854412048,0.07147366071391541,0.11530163915102547,0.08396696675036636,0.06816314160823822,0.07901912571064064,0.3013674585769574,0.23368849977850914
SNN_delta_event,4,314,SNN_delta_event_f4_s314,13,0.09039884140933747,0.06975886118986334,0.10319990109737076,0.08217635042255833,0.06799609214067459,0.0709012914094187,0.3025782623638709,0.2508386999834329
SNN_delta_event,4,314,SNN_delta_event_f4_s314,14,0.08288900075683871,0.06004956808465067,0.11419716336094021,0.08311022196142447,0.07008358091115952,0.06513320525132474,0.30390706534187,0.24450409994460642
SNN_delta_event,4,314,SNN_delta_event_f4_s314,15,0.07806497904797945,0.058571349402579166,0.09746814822700144,0.08318812893437488,0.0711146742105484,0.06036727361913238,0.30522311851382256,0.23738940013572574
SNN_delta_event,4,314,SNN_delta_event_f4_s314,16,0.0735035555580996,0.055120629403973,0.09191463077063307,0.08348994857675973,0.07238103449344635,0.05554457041656687,0.306711424763004,0.23769789980724454
SNN_delta_event,4,314,SNN_delta_event_f4_s314,17,0.07172752416648849,0.052082253340510455,0.09822635412989018,0.08228759196542558,0.07175063341856003,0.05268479273432777,0.3072791875650485,0.23857500008307397
SNN_delta_event,4,314,SNN_delta_event_f4_s314,18,0.07076253280415994,0.05165485761244781,0.09553837595856067,0.08296793856968482,0.07291360944509506,0.05027164562294881,0.3086924913028876,0.23887789994478226
SNN_delta_event,4,314,SNN_delta_event_f4_s314,19,0.06631865239828327,0.04941840311706377,0.08450124640609752,0.08228410790541342,0.07269264757633209,0.04795730164540665,0.30993977809945744,0.23638819996267557
SNN_delta_event,4,314,SNN_delta_event_f4_s314,20,0.06396556219701495,0.04865928360959515,0.07653139293709897,0.08298999632220892,0.0738324448466301,0.04578775737789415,0.30924858649571735,0.23831669986248016
SNN_delta_event,4,314,SNN_delta_event_f4_s314,21,0.06171082909545831,0.04625961332446119,0.07725607885498562,0.08214341152193291,0.07343040406703949,0.043565037274467096,0.31097208708524704,0.23785449983552098
SNN_delta_event,4,314,SNN_delta_event_f4_s314,22,0.05925285074592331,0.045223311957670376,0.07014769394126467,0.0827415025624491,0.0745161697268486,0.041126664178002446,0.3120005975166957,0.23180950013920665
SNN_delta_event,4,314,SNN_delta_event_f4_s314,23,0.058307480835058205,0.04404490521604506,0.07131287809506574,0.08360151465716106,0.07577649503946304,0.03912509808849011,0.3119273552050193,0.24752530013211071
SNN_delta_event,4,314,SNN_delta_event_f4_s314,24,0.052293161402767,0.04018209447773794,0.06055533462514525,0.08338210529603418,0.076035276055336,0.03673414620349095,0.3124917261302471,0.23513630009256303
SNN_delta_event,4,314,SNN_delta_event_f4_s314,25,0.05067187975350861,0.04007433160829047,0.05298774072609069,0.08462823070230938,0.07776393741369247,0.034321466443084536,0.3136196571091811,0.24032679991796613
SNN_delta_event,4,314,SNN_delta_event_f4_s314,26,0.050918950945609574,0.03932120442914311,0.05798873258233228,0.08354672930691213,0.07697831094264984,0.03284209182131149,0.31341430731117725,0.23626579996198416
SNN_delta_event,4,314,SNN_delta_event_f4_s314,27,0.04945905559163758,0.03791488179801187,0.05772086896812858,0.0842608372303879,0.07794048637151718,0.03160175429435358,0.3151588284720977,0.23742909985594451
SNN_delta_event,4,314,SNN_delta_event_f4_s314,28,0.048624582387186116,0.036740491336483196,0.05942045525351458,0.08428277815292988,0.07809817045927048,0.03092303846829704,0.31512179784476757,0.24039950012229383
SNN_delta_event,4,314,SNN_delta_event_f4_s314,29,0.04667536432082844,0.035605858948353365,0.05534752686237537,0.08526672540498631,0.07927106320858002,0.02997831098203148,0.31530164865156013,0.23885380011051893
SNN_delta_event,4,314,SNN_delta_event_f4_s314,30,0.04553712008345654,0.03506449360672074,0.052363132383678984,0.08516874868821885,0.07946579158306122,0.028514785525788153,0.3158357758074999,0.23542540008202195
SNN_delta_event,4,314,SNN_delta_event_f4_s314,31,0.04344122798501796,0.03280460986328156,0.053183090608682045,0.08529632011738916,0.07973512262105942,0.02780598748164872,0.3167028818279505,0.23324669990688562
SNN_delta_event,4,314,SNN_delta_event_f4_s314,32,0.0406487483761376,0.031166506436420605,0.04741120969858496,0.08562618176741082,0.08016052097082138,0.027328303982947198,0.31707573992510635,0.23910090001299977
SNN_delta_event,4,314,SNN_delta_event_f4_s314,33,0.0425228421375729,0.030835426800573867,0.05843707668499518,0.08714652960831742,0.08170276135206223,0.02721884128127602,0.31749254030485946,0.23675109981559217
SNN_delta_event,4,314,SNN_delta_event_f4_s314,34,0.03814585235751791,0.029251453442460235,0.04447199457528836,0.08643629899869362,0.08122797310352325,0.026041629475851855,0.3184586589535077,0.23314650007523596
SNN_delta_event,4,314,SNN_delta_event_f4_s314,35,0.03729779455438412,0.028949749719079893,0.041740224176521123,0.08670410006839249,0.0817064493894577,0.024988253394673976,0.3176268171519041,0.23404929996468127
SNN_delta_event,4,314,SNN_delta_event_f4_s314,36,0.04040629503964415,0.02971207264151114,0.0534711119906651,0.08800306199118495,0.08307880908250809,0.024621264543384314,0.3189077414572239,0.2371885001193732
SNN_delta_event,4,2718,SNN_delta_event_f4_s2718,1,0.6576428778336404,0.5409797228251895,0.5833157750422543,0.372516085760934,0.26294323801994324,0.5478642387049538,0.25542602594941854,0.23617410007864237
SNN_delta_event,4,2718,SNN_delta_event_f4_s2718,2,0.4228298186456482,0.33003471004000556,0.46397554302821326,0.2420249004874911,0.15697304904460907,0.42525925721441,0.2601620825007558,0.236430199816823
SNN_delta_event,4,2718,SNN_delta_event_f4_s2718,3,0.20957787780582235,0.13338975546260676,0.3809406117160779,0.20584136419353033,0.13948896527290344,0.3317619946031343,0.2623738606149952,0.23797910008579493
SNN_delta_event,4,2718,SNN_delta_event_f4_s2718,4,0.17350973016080717,0.1123310992649446,0.3058931544793128,0.18546145720141274,0.13367107510566711,0.2589519104787282,0.2671845157941182,0.23915359983220696
SNN_delta_event,4,2718,SNN_delta_event_f4_s2718,5,0.15169619809734092,0.10412924744499226,0.23783475326174316,0.169004578491052,0.12795484066009521,0.2052486891547839,0.2692867036287983,0.23956770007498562
SNN_delta_event,4,2718,SNN_delta_event_f4_s2718,6,0.13926308836346493,0.09680919624709834,0.21226946058183296,0.1564192395621822,0.12323704361915588,0.16591097971513158,0.2715764694536726,0.2323184998240322
SNN_delta_event,4,2718,SNN_delta_event_f4_s2718,7,0.12410147054986448,0.08703592433206116,0.18532773108901654,0.1472270582900161,0.11923979967832565,0.13993629305845215,0.2729604759564002,0.23395180003717542
SNN_delta_event,4,2718,SNN_delta_event_f4_s2718,8,0.1146191441962282,0.08137278483870129,0.16623179678763458,0.1406563535900343,0.11650785058736801,0.12074251501333146,0.27480726316571236,0.23567119985818863
SNN_delta_event,4,2718,SNN_delta_event_f4_s2718,9,0.10551688154210703,0.07879664952633902,0.13360116007884004,0.13338568138934317,0.11235944926738739,0.10513116060977891,0.27629855554550886,0.23545649996958673
SNN_delta_event,4,2718,SNN_delta_event_f4_s2718,10,0.0978791631457836,0.0729143840726465,0.12482389536568546,0.13171578119908062,0.11324483156204224,0.09235474818519183,0.2781019431228439,0.24724639998748899
SNN_delta_event,4,2718,SNN_delta_event_f4_s2718,11,0.08991621205021982,0.06762679792882409,0.11144707060697863,0.12670893887146598,0.11025246232748032,0.08228238271992831,0.2790897622083624,0.2637062999419868
SNN_delta_event,4,2718,SNN_delta_event_f4_s2718,12,0.09201038718482542,0.07161067113823567,0.10199858023294865,0.12243246191136894,0.10759548842906952,0.07418486741149709,0.2807379849255085,0.25891049997881055
SNN_delta_event,4,2718,SNN_delta_event_f4_s2718,13,0.08489702280150073,0.06304525752784684,0.10925882636826935,0.11991997635967674,0.1059676930308342,0.06976141664421275,0.28214016401519376,0.25157160009257495
SNN_delta_event,4,2718,SNN_delta_event_f4_s2718,14,0.08525647214289163,0.06540287038660608,0.09926800878142779,0.11638161417096854,0.10340598970651627,0.06487812232226134,0.28276380772391957,0.2541116001084447
SNN_delta_event,4,2718,SNN_delta_event_f4_s2718,15,0.07487272962960227,0.05692471649187306,0.08974006568864601,0.11481257861834906,0.10267294198274612,0.060698183178014696,0.28377292181054753,0.2869254001416266
SNN_delta_event,4,2718,SNN_delta_event_f4_s2718,16,0.0733643174161393,0.056018860244269796,0.08672728585934757,0.11457422768963235,0.10315907001495361,0.05707578837339367,0.2848162141939004,0.25600110017694533
SNN_delta_event,4,2718,SNN_delta_event_f4_s2718,17,0.07213492449887575,0.0542810024053324,0.08926961046771668,0.11381386567350654,0.10282615572214127,0.05493854975682639,0.2850503207494815,0.25268290005624294
SNN_delta_event,4,2718,SNN_delta_event_f4_s2718,18,0.0671141406354372,0.05174899033348387,0.07682575150976674,0.10979615632267226,0.0996711477637291,0.05062504279471579,0.28616468732555705,0.25429699989035726
SNN_delta_event,4,2718,SNN_delta_event_f4_s2718,19,0.062257684663021014,0.04929991334211081,0.06478885660455103,0.1076669203929071,0.09815546125173569,0.04755729570585702,0.2877198616042733,0.2501491999719292
SNN_delta_event,4,2718,SNN_delta_event_f4_s2718,20,0.05785521543399954,0.045869892239958666,0.05992661597020438,0.11014173943815486,0.10132491588592529,0.04408411776114787,0.28779839475949603,0.24496389995329082
SNN_delta_event,4,2718,SNN_delta_event_f4_s2718,21,0.0668253480598099,0.0531351655566444,0.06845091251582747,0.10791716146903733,0.09927206486463547,0.043225483022009334,0.28861219560106594,0.24926850013434887
SNN_delta_event,4,2718,SNN_delta_event_f4_s2718,22,0.05767568022394839,0.043138121477871515,0.07268779373038435,0.10471991241776518,0.09619587659835815,0.0426201790970351,0.28887695136169594,0.24772930005565286
SNN_delta_event,4,2718,SNN_delta_event_f4_s2718,23,0.050982292177755344,0.041543895921980344,0.04719198127887499,0.10347336099527421,0.09564615786075592,0.03913601567259147,0.2889820697406928,0.2471799999475479
SNN_delta_event,4,2718,SNN_delta_event_f4_s2718,24,0.05322366779474875,0.0407832556811627,0.062202060567930255,0.10341628492055904,0.09569805860519409,0.038591131576824755,0.2903361016263564,0.2393938999157399
SNN_delta_event,4,2718,SNN_delta_event_f4_s2718,25,0.05307395709765251,0.043456721934489906,0.048086175815813016,0.10482314465744864,0.0975051075220108,0.036590185677189205,0.2914234747489293,0.25105630001053214
SNN_delta_event,4,2718,SNN_delta_event_f4_s2718,26,0.05010986290378882,0.0378089380634871,0.0615046242015086,0.10151202725446118,0.09436269849538803,0.03574664379536573,0.29129014660914737,0.2479079000186175
SNN_delta_event,4,2718,SNN_delta_event_f4_s2718,27,0.04787295843616863,0.036787490605396066,0.055427339153862824,0.09978465591734718,0.09276166558265686,0.03511495167345163,0.2916437406092882,0.2438749000430107
SNN_delta_event,4,2718,SNN_delta_event_f4_s2718,28,0.046181375398851525,0.035939670686881676,0.05120852355984922,0.10078510629634063,0.09393700957298279,0.034240483616789184,0.2920973027745883,0.23905409988947213
SNN_delta_event,4,2718,SNN_delta_event_f4_s2718,29,0.04531002436917462,0.03476851492208274,0.05270754723545947,0.09891046184070763,0.09215136617422104,0.03379547833243296,0.29263454986115295,0.2393638000357896
SNN_delta_event,4,2718,SNN_delta_event_f4_s2718,30,0.044657010768229755,0.03495031515679633,0.04853347805716716,0.09702755688911392,0.09038840979337692,0.03319573547868501,0.29251858219504356,0.23891750001348555
SNN_delta_event,4,2718,SNN_delta_event_f4_s2718,31,0.04468891369471092,0.03505758320776901,0.04815665243470953,0.09717224071223643,0.09097220003604889,0.031000203380937733,0.2936931699514389,0.23937420011498034
SNN_delta_event,4,2718,SNN_delta_event_f4_s2718,32,0.039493854304599445,0.03221210302823844,0.03640875638180501,0.09653125952552294,0.0906946212053299,0.029183191600965247,0.2939960403988759,0.24397010006941855
SNN_delta_event,4,2718,SNN_delta_event_f4_s2718,33,0.03900792012452115,0.03164841423131293,0.03679752946604111,0.09684477598162457,0.09130825102329254,0.027682624791660126,0.29439059893290204,0.23990579997189343
SNN_delta_event,4,2718,SNN_delta_event_f4_s2718,34,0.03818512998661145,0.030114861564167466,0.04035134211221991,0.09586921583040661,0.09034111350774765,0.027640511613294838,0.2950340441117684,0.2436854001134634
SNN_delta_event,4,2718,SNN_delta_event_f4_s2718,35,0.03675523054697444,0.029533484387987603,0.03610873079493417,0.09374730736992898,0.08827359974384308,0.02736853813042953,0.2953959150860707,0.24224999989382923
SNN_delta_event,4,2718,SNN_delta_event_f4_s2718,36,0.036152186838757705,0.028147063344173755,0.04002561747291975,0.0934300984952244,0.08817533403635025,0.02627382229437076,0.2955954323212306,0.24609310016967356
SNN_delta_event,4,2718,SNN_delta_event_f4_s2718,37,0.03361412487030011,0.02711525861620127,0.03249433127049422,0.09336263249716943,0.08806760609149933,0.02647513202835052,0.2956180802236001,0.2464904000516981
SNN_delta_event,4,2718,SNN_delta_event_f4_s2718,38,0.033076340845499895,0.02706610460882075,0.03005118118339571,0.09324180309483338,0.0881895124912262,0.025261453018035916,0.29562716993192834,0.2456281001213938
SNN_delta_event,4,2718,SNN_delta_event_f4_s2718,39,0.033707175330481204,0.02640067883961213,0.03653248245434535,0.092563195552433,0.08742145448923111,0.025708705316009443,0.29592868375281495,0.24801730015315115
SNN_delta_event,4,2718,SNN_delta_event_f4_s2718,40,0.03384749312856908,0.02566950641630683,0.040889933561311244,0.09215483828869071,0.0870225578546524,0.025661402170191562,0.2959967702627182,0.25471589993685484
SNN_delta_event,4,2718,SNN_delta_event_f4_s2718,41,0.03219888722912243,0.02498073964670766,0.03609073791207384,0.09046239168427529,0.08514643460512161,0.026579785395768427,0.29607503302395344,0.24207459995523095
SNN_delta_event,4,2718,SNN_delta_event_f4_s2718,42,0.031124698149981412,0.025217162469440762,0.02953767840270327,0.09195701736546609,0.0870475023984909,0.02454757483487594,0.2965298133591811,0.2454494999255985
SNN_delta_event,4,2718,SNN_delta_event_f4_s2718,43,0.029769344104124382,0.024002054051379673,0.028836450263723546,0.09033737974269093,0.08540832251310349,0.02464528614793727,0.2968349891404311,0.2452140999957919
SNN_delta_event,4,2718,SNN_delta_event_f4_s2718,44,0.029679054911782955,0.022492517819046043,0.035932685463684555,0.0887524424686784,0.08382132649421692,0.02465557987230741,0.29738484757641953,0.24895419995300472
SNN_delta_event,4,2718,SNN_delta_event_f4_s2718,45,0.029709621908432054,0.022290162135808107,0.03709729886311973,0.09044685356640479,0.08528129011392593,0.025827817262394265,0.2970681420216958,0.24004249996505678
SNN_delta_event,4,2718,SNN_delta_event_f4_s2718,46,0.028345441812444732,0.022041192268564675,0.031521247719400285,0.0921234826515207,0.08691573143005371,0.026038756107334936,0.29711534331242245,0.24493140005506575
SNN_delta_event,4,2718,SNN_delta_event_f4_s2718,47,0.027953898356497687,0.021773208888286415,0.030903447341056347,0.0899084534451166,0.08484029024839401,0.025340815983612888,0.29759467393159866,0.2366698000114411
SNN_delta_event,4,2718,SNN_delta_event_f4_s2718,48,0.027159496951094764,0.02148947801227526,0.028350094694097508,0.09007061223183492,0.08512576669454575,0.024724227686445895,0.2974119732777278,0.24101920006796718
SNN_delta_event,4,2718,SNN_delta_event_f4_s2718,49,0.027271388275015396,0.021321667940355837,0.029748601673297796,0.09008571170675125,0.08525045216083527,0.02417629772957991,0.29835449531674385,0.24250040017068386
SNN_delta_event,4,2718,SNN_delta_event_f4_s2718,50,0.02547979194804481,0.020331059614060603,0.02574366166992104,0.09071358457390619,0.08599260449409485,0.02360490039905666,0.2989896660049756,0.23654930014163256
SNN_delta_event,4,2718,SNN_delta_event_f4_s2718,51,0.024573906924386556,0.019422438082983717,0.025757344207014175,0.08984401321570788,0.08533971756696701,0.022521478243704353,0.2981030282874902,0.24126169993542135
SNN_delta_event,4,2718,SNN_delta_event_f4_s2718,52,0.024469419695783173,0.019175177590417054,0.026471210526830612,0.09049292105737897,0.08604805916547775,0.022224309459506045,0.29929036398728687,0.238857600139454
SNN_delta_event,4,2718,SNN_delta_event_f4_s2718,53,0.0236729192798097,0.01857327921607066,0.02549820031869519,0.09083062095667369,0.08623894304037094,0.022958389581513725,0.298482667033871,0.24489729991182685
SNN_delta_event,4,2718,SNN_delta_event_f4_s2718,54,0.023855582608416193,0.018369041521509644,0.027432705434532745,0.08924756585107561,0.08486265689134598,0.021924544798648207,0.2986983247101307,0.23775060009211302
SNN_delta_event,4,2718,SNN_delta_event_f4_s2718,55,0.02327851146635379,0.01894385532553618,0.021673280704088044,0.08962482009617989,0.0853552594780922,0.021347803090438468,0.2985678433130185,0.2398715999443084
SNN_delta_event,4,2718,SNN_delta_event_f4_s2718,56,0.020668405265391123,0.016815420230462525,0.01926492517464299,0.09125430465656488,0.08723898977041245,0.02007657443076217,0.30018202277521294,0.2386809999588877
SNN_delta_event,4,2718,SNN_delta_event_f4_s2718,57,0.022648024882062398,0.017062314339758206,0.027928552711520952,0.08966528174719618,0.0854649469256401,0.02100167410778037,0.2988140198091666,0.23665120010264218
SNN_delta_event,4,2718,SNN_delta_event_f4_s2718,58,0.021269672867648495,0.01657001093068781,0.02349830968480343,0.09172700626443007,0.08756844699382782,0.020792796353011258,0.29938802123069763,0.2367236001882702
SNN_delta_event,4,2718,SNN_delta_event_f4_s2718,59,0.022495903472919788,0.016062754123898532,0.03216574674510628,0.09203211743173943,0.0875568687915802,0.02237624320079617,0.29903577889005345,0.24179120012558997
SNN_delta_event,5,42,SNN_delta_event_f5_s42,1,0.483932586239782,0.35243740895142156,0.6574758864418021,0.4095413576581943,0.29749318957328796,0.5602408404245317,0.260272112985452,0.24957930017262697
SNN_delta_event,5,42,SNN_delta_event_f5_s42,2,0.29227914215661405,0.19024591718334705,0.510166124866335,0.28573707713645957,0.19797737896442413,0.43879849086017725,0.2625840787465374,0.23900160007178783
SNN_delta_event,5,42,SNN_delta_event_f5_s42,3,0.23595416692224322,0.1567615867437174,0.39596290089262914,0.24091541661406463,0.1706995666027069,0.35107925005678864,0.2650180400038759,0.24799420009367168
SNN_delta_event,5,42,SNN_delta_event_f5_s42,4,0.1994494272175326,0.13591262678770968,0.31768400214911446,0.21203842279015098,0.15446536242961884,0.2878653018026607,0.26615286835779745,0.23743460001423955
SNN_delta_event,5,42,SNN_delta_event_f5_s42,5,0.1800035803110691,0.12700137336893627,0.26501103471066423,0.1943431102470407,0.14636705815792084,0.23988026044559926,0.26849368183563155,0.2402157001197338
SNN_delta_event,5,42,SNN_delta_event_f5_s42,6,0.16802728118605162,0.12004627590067685,0.23990502642687397,0.18223947039752636,0.14078013598918915,0.2072966720416861,0.2708883409698804,0.2388147001620382
SNN_delta_event,5,42,SNN_delta_event_f5_s42,7,0.1516252494053512,0.10851431471140434,0.21555467346973414,0.17262179856522467,0.13624317944049835,0.18189309562363154,0.27290203236043453,0.24329319992102683
SNN_delta_event,5,42,SNN_delta_event_f5_s42,8,0.14569267211199072,0.10761755739804357,0.19037557356973567,0.16306033572545217,0.1309974491596222,0.16031443282914987,0.2751980529477199,0.24064409988932312
SNN_delta_event,5,42,SNN_delta_event_f5_s42,9,0.14017407607910448,0.10284400222978245,0.18665036924661016,0.161227231175176,0.1324678659439087,0.14379682615633657,0.27809769349793595,0.23918230016715825
SNN_delta_event,5,42,SNN_delta_event_f5_s42,10,0.12716705206432807,0.09222372956962015,0.17471661247353962,0.15199849809104074,0.12610194087028503,0.12948278610377847,0.27937724503378075,0.24618400004692376
SNN_delta_event,5,42,SNN_delta_event_f5_s42,11,0.13236019493020487,0.09971627344687779,0.16321960741663552,0.15188398060851596,0.12761825323104858,0.12132863688733686,0.28062540541092557,0.24587769992649555
SNN_delta_event,5,42,SNN_delta_event_f5_s42,12,0.11699789444754743,0.08817828248720616,0.1440980598017063,0.1458940023024502,0.12321757525205612,0.11338213525197041,0.2825607191771269,0.24216299992986023
SNN_delta_event,5,42,SNN_delta_event_f5_s42,13,0.11152311376726304,0.08219009695070174,0.14666508408280643,0.14356753851128917,0.12306541204452515,0.10251063233382017,0.28423951752483845,0.24386380007490516
SNN_delta_event,5,42,SNN_delta_event_f5_s42,14,0.10452783199120413,0.07817939681505474,0.131742175880747,0.1433717482564561,0.12372203916311264,0.09824854546671721,0.28503001978000003,0.24782439996488392
SNN_delta_event,5,42,SNN_delta_event_f5_s42,15,0.10266600232755747,0.07487700334362064,0.13894499491968412,0.1408759479855521,0.12292563915252686,0.08975154416512628,0.2866375058268507,0.246497199870646
SNN_delta_event,5,42,SNN_delta_event_f5_s42,16,0.09693197924170065,0.07000115979462862,0.1346540972353601,0.14074574935454992,0.12284958362579346,0.08948082864378233,0.2879617291813095,0.24017010000534356
SNN_delta_event,5,42,SNN_delta_event_f5_s42,17,0.09401776167337288,0.06895203172462061,0.1253286497437613,0.13788023143116407,0.12099166959524155,0.08444280917961268,0.2882565331334869,0.24257669993676245
SNN_delta_event,5,42,SNN_delta_event_f5_s42,18,0.09119257811727866,0.06956362684528965,0.1081447563599451,0.13845054817380115,0.12257934361696243,0.07935602278419354,0.28955394588410854,0.24684990011155605
SNN_delta_event,5,42,SNN_delta_event_f5_s42,19,0.08670889015201012,0.06482202349191842,0.10943433330045853,0.13581505842468813,0.12055881321430206,0.0762812260519303,0.29085806508858997,0.2431703000329435
SNN_delta_event,5,42,SNN_delta_event_f5_s42,20,0.08668648439235649,0.06206074065994471,0.12312871866205895,0.13624239123443949,0.12171949446201324,0.07261448386213128,0.29110786877572536,0.23735710000619292
SNN_delta_event,5,42,SNN_delta_event_f5_s42,21,0.08542133974389567,0.06035631265452442,0.12532513544685622,0.13483978338937902,0.11970452219247818,0.07567630598450419,0.29231656311700743,0.23951860005035996
SNN_delta_event,5,42,SNN_delta_event_f5_s42,22,0.07816821248503374,0.058629609343673415,0.09769301570680154,0.1345252381638571,0.12028477340936661,0.07120232377245249,0.2921761820713679,0.24263860005885363
SNN_delta_event,5,42,SNN_delta_event_f5_s42,23,0.07998163025532264,0.05972428781872926,0.10128671218296688,0.13417602005596244,0.12067881226539612,0.06748603895283159,0.2929398740331332,0.24531099991872907
SNN_delta_event,5,42,SNN_delta_event_f5_s42,24,0.0762275096997476,0.056932252346693225,0.09647628676527188,0.13529778645095655,0.12263403087854385,0.06331877786206351,0.2934618971000115,0.2382616000249982
SNN_delta_event,5,42,SNN_delta_event_f5_s42,25,0.07800114009816776,0.05610000188850487,0.10950569104831442,0.13427220842806892,0.12119504064321518,0.06538583892426869,0.29439416838188964,0.23821799992583692
SNN_delta_event,5,42,SNN_delta_event_f5_s42,26,0.06947165408522034,0.053364974892853446,0.0805333959618345,0.13482254813111874,0.12300726771354675,0.05907640208785991,0.29447900007168454,0.2439391000661999
SNN_delta_event,5,42,SNN_delta_event_f5_s42,27,0.07594598820520185,0.05578283618281906,0.10081576011191395,0.1359879821092886,0.12406061589717865,0.059636831060549796,0.29517106401423615,0.24254490016028285
SNN_delta_event,5,42,SNN_delta_event_f5_s42,28,0.06881092016783429,0.05065443848919434,0.09078240839319969,0.1373537308197328,0.12572114169597626,0.05816294561878269,0.2953170357892911,0.2431817001197487
SNN_delta_event,5,42,SNN_delta_event_f5_s42,29,0.06840477128737084,0.049746432923711836,0.093291691818295,0.1356883760462603,0.12470199167728424,0.05493192184488026,0.29645096448560554,0.23962670005857944
SNN_delta_event,5,42,SNN_delta_event_f5_s42,30,0.07102678728971014,0.053417976771015674,0.08804405259347232,0.13646700434685458,0.12559814751148224,0.05434428417686162,0.29576621018350124,0.24204210005700588
SNN_delta_event,5,42,SNN_delta_event_f5_s42,31,0.06347391839642332,0.04754691343017233,0.07963502483125491,0.1379478392101467,0.12757262587547302,0.05187606667336838,0.2969640679657459,0.2431870000436902
SNN_delta_event,5,42,SNN_delta_event_f5_s42,32,0.0663771808430312,0.0486095417678977,0.0888381953756675,0.13586076326463253,0.12567950785160065,0.05090627706515948,0.2970687138537566,0.24347169999964535
SNN_delta_event,5,42,SNN_delta_event_f5_s42,33,0.06332803518991617,0.04648787991997475,0.08420077634970707,0.1387051814773893,0.12822189927101135,0.05241641103188982,0.29821292124688625,0.2617192999459803
SNN_delta_event,5,42,SNN_delta_event_f5_s42,34,0.06042066569102198,0.04557965777348727,0.07420503958767356,0.138031972094026,0.1275903731584549,0.052207994677855654,0.29822016942004365,0.2588422999251634
SNN_delta_event,5,42,SNN_delta_event_f5_s42,35,0.057800641195678924,0.04273304073528076,0.07533800230199082,0.1369259870595902,0.1274930089712143,0.047164890441879534,0.2985091159741084,0.25160459987819195
SNN_delta_event,5,42,SNN_delta_event_f5_s42,36,0.05787898990184859,0.04286158908507787,0.07508700408385363,0.1375234681655032,0.12832210958003998,0.046006792927316076,0.2988484390079975,0.240266100037843
SNN_delta_event,5,42,SNN_delta_event_f5_s42,37,0.05780607222471359,0.04131452742149122,0.08245772401611186,0.13657513638335989,0.1277185082435608,0.044283140698995485,0.29944426380097866,0.24218259984627366
SNN_delta_event,5,42,SNN_delta_event_f5_s42,38,0.05842893161852506,0.04523482259052495,0.06597054514000059,0.1407518391393172,0.13221751153469086,0.042671638023131675,0.30034047303100425,0.24350219988264143
SNN_delta_event,5,314,SNN_delta_event_f5_s314,1,0.5601752225595358,0.4340415325326224,0.6306684501345668,0.41951340936452336,0.30882853269577026,0.5534243833437655,0.28230003112306196,0.24584720004349947
SNN_delta_event,5,314,SNN_delta_event_f5_s314,2,0.31855489142547383,0.2119413336428503,0.5330677889131175,0.23751354151739262,0.14956863224506378,0.4397245463616442,0.2870002792527278,0.244272300042212
SNN_delta_event,5,314,SNN_delta_event_f5_s314,3,0.24930331709246234,0.1596028064377606,0.44850255327350874,0.1831049079752568,0.1096842810511589,0.36710313462048955,0.29069064805905026,0.24297429993748665
SNN_delta_event,5,314,SNN_delta_event_f5_s314,4,0.22275590362068973,0.14414427606000876,0.3930581378034049,0.16395830591707108,0.1015370562672615,0.3121062482490479,0.2918706921239694,0.25448619993403554
SNN_delta_event,5,314,SNN_delta_event_f5_s314,5,0.20022150126022784,0.13149008833958456,0.34365706460321627,0.15240935125159766,0.09826496988534927,0.270721906831242,0.29205958110590774,0.2566534001380205
SNN_delta_event,5,314,SNN_delta_event_f5_s314,6,0.18787041747328848,0.12903855418941626,0.29415931641936083,0.1441870493446506,0.09721556305885315,0.23485743142898727,0.29297182398537797,0.2497507999651134
SNN_delta_event,5,314,SNN_delta_event_f5_s314,7,0.16823633006429853,0.11490057519404218,0.2666787743512817,0.1397977642073009,0.09855768084526062,0.2062004168102014,0.29344239955147106,0.2404610998928547
SNN_delta_event,5,314,SNN_delta_event_f5_s314,8,0.15818362966998656,0.10860643677491073,0.24788596447537917,0.13349991297618774,0.09605489671230316,0.18722508131942284,0.2949359392126401,0.24318669992499053
SNN_delta_event,5,314,SNN_delta_event_f5_s314,9,0.14769376630579853,0.10360585250115643,0.22043956902321035,0.1295777408520943,0.096154123544693,0.16711808653700652,0.29635565790037316,0.24090739991515875
SNN_delta_event,5,314,SNN_delta_event_f5_s314,10,0.14021279110213894,0.10086352321862553,0.19674633941756703,0.12711668223095765,0.09689777344465256,0.15109454393152547,0.297632875541846,0.24160930002108216
SNN_delta_event,5,314,SNN_delta_event_f5_s314,11,0.13560227611866849,0.09739229484694079,0.19104990635863853,0.1225472034385088,0.09445568174123764,0.14045760848635586,0.2990349816779296,0.23812150000594556
SNN_delta_event,5,314,SNN_delta_event_f5_s314,12,0.12770896765506645,0.09239896075450815,0.1765500345027915,0.12311782695657615,0.09720732271671295,0.12955252119931598,0.30010202527046204,0.2466194999869913
SNN_delta_event,5,314,SNN_delta_event_f5_s314,13,0.12582310368386676,0.09005461991182528,0.17884241886020744,0.12186762309322755,0.09768979996442795,0.12088911564399799,0.30120667318503064,0.24186940002255142
SNN_delta_event,5,314,SNN_delta_event_f5_s314,14,0.11849244639638878,0.08775554170521598,0.153684523455864,0.12152059771378274,0.09929509460926056,0.11112751552261085,0.30247903677324456,0.24021070008166134
SNN_delta_event,5,314,SNN_delta_event_f5_s314,15,0.1198611836071402,0.08514859083030994,0.17356296388415124,0.11906661738108539,0.09697867184877396,0.11043972766155716,0.3027735749880473,0.24012100021354854
SNN_delta_event,5,314,SNN_delta_event_f5_s314,16,0.10818903747005369,0.07857319536075617,0.1480792105464875,0.12405641177622309,0.10317819565534592,0.10439108060438584,0.3044506690154473,0.2444353001192212
SNN_delta_event,5,314,SNN_delta_event_f5_s314,17,0.10467711640338402,0.0777982424867029,0.13439436958340564,0.11885450415652972,0.09895217418670654,0.09951164984911585,0.30492720815042657,0.24431890016421676
SNN_delta_event,5,314,SNN_delta_event_f5_s314,18,0.09963678746254813,0.07410916591955659,0.12763810771495773,0.11434551361549951,0.09627202153205872,0.09036746041720393,0.30553732067346573,0.24338710005395114
SNN_delta_event,5,314,SNN_delta_event_f5_s314,19,0.10236489778831481,0.07240504840350089,0.1497992469240696,0.11770993008670755,0.0997789278626442,0.08965501112031676,0.30625488050282,0.2410257998853922
SNN_delta_event,5,314,SNN_delta_event_f5_s314,20,0.09603064134610795,0.0722867167108537,0.11871962317627123,0.11891888867618527,0.10183772444725037,0.08540582114467457,0.3065584159145753,0.24964990001171827
SNN_delta_event,5,314,SNN_delta_event_f5_s314,21,0.09592623867513483,0.0707108734738237,0.12607682600655576,0.11557988441648817,0.0991278663277626,0.08226009044362781,0.30726372450590134,0.24564470001496375
SNN_delta_event,5,314,SNN_delta_event_f5_s314,22,0.09584397111136433,0.06823544559301808,0.13804262759173128,0.1157193957141501,0.09919124841690063,0.0826407364862473,0.308074710269769,0.24547460000030696
SNN_delta_event,5,314,SNN_delta_event_f5_s314,23,0.0910431262511507,0.06728059523932946,0.1188126550591062,0.11404931481119315,0.09792652726173401,0.08061393774729574,0.30795913686354953,0.24008879996836185
SNN_delta_event,5,314,SNN_delta_event_f5_s314,24,0.08704543649917817,0.06206129490359066,0.12492070797793763,0.11583360120964548,0.10010732710361481,0.07863137053015332,0.3085106958945592,0.24360010004602373
SNN_delta_event,5,314,SNN_delta_event_f5_s314,25,0.08643209944864311,0.0628749798440064,0.11778559802318356,0.11396176302038227,0.09827272593975067,0.07844518540315798,0.30886592033008736,0.2423537999857217
SNN_delta_event,5,314,SNN_delta_event_f5_s314,26,0.08463239489395084,0.06297745254899685,0.10827471172476992,0.11883806977614339,0.10398582369089127,0.0742612304262606,0.3093928595383962,0.24731349991634488
SNN_delta_event,5,314,SNN_delta_event_f5_s314,27,0.07860053690799797,0.05842921353178099,0.1008566168810849,0.11934157726255322,0.10499490797519684,0.07173334643678188,0.309787913536032,0.25274799996986985
SNN_delta_event,5,314,SNN_delta_event_f5_s314,28,0.08207959760654714,0.05752851960520881,0.12275539000669167,0.11677005990507937,0.10242599248886108,0.07172033708109139,0.3097668594370286,0.24474340002052486
SNN_delta_event,5,314,SNN_delta_event_f5_s314,29,0.0745553002500638,0.0567130011622794,0.08921149543892197,0.11853461655249245,0.10495289415121078,0.06790861200640833,0.31008546613156796,0.24663670011796057
SNN_delta_event,5,314,SNN_delta_event_f5_s314,30,0.07579154317051744,0.05453018073361212,0.10630681218452658,0.11738802612472161,0.10396909713745117,0.06709464493635221,0.3106263267497222,0.25179019989445806
SNN_delta_event,5,314,SNN_delta_event_f5_s314,31,0.07726313664823783,0.054561500350246206,0.11350818148995813,0.11633498242778012,0.1024181991815567,0.06958391623111711,0.31059341380993527,0.24267629999667406
SNN_delta_event,5,314,SNN_delta_event_f5_s314,32,0.07444970705666498,0.052836981475896515,0.10806362790384233,0.12031553736102985,0.10639575123786926,0.06959893061580288,0.31076363412042457,0.2464892000425607
SNN_delta_event,5,314,SNN_delta_event_f5_s314,33,0.0699767618327499,0.05129949089799387,0.0933863546737801,0.11699450960546826,0.10411231964826584,0.06441094978601208,0.31122220990558463,0.24697290011681616
SNN_delta_event,5,314,SNN_delta_event_f5_s314,34,0.07106523063071461,0.052222285186871886,0.09421472721921359,0.114759672353009,0.10260117053985596,0.06079250906576525,0.31125620876749355,0.24417240009643137
SNN_delta_event,5,314,SNN_delta_event_f5_s314,35,0.06806372822960748,0.04950741584373949,0.09278156192933995,0.11665106683290043,0.10419367998838425,0.06228693422258087,0.31155754315356415,0.2539407000876963
SNN_delta_event,5,314,SNN_delta_event_f5_s314,36,0.0652917496470825,0.046524375347265355,0.09383687149908566,0.11625249893266895,0.10418437421321869,0.060340623597251314,0.31227084000905353,0.2593933998141438
SNN_delta_event,5,314,SNN_delta_event_f5_s314,37,0.06749236943864675,0.04723322206215622,0.10129573688245264,0.11505188970978858,0.10316108167171478,0.059454040190368984,0.31142290495336056,0.2503569000400603
SNN_delta_event,5,314,SNN_delta_event_f5_s314,38,0.0649147791033626,0.0470005745155504,0.08957102293906101,0.11646663333157534,0.10443634539842606,0.06015143966574643,0.31162630890806514,0.23961129994131625
SNN_delta_event,5,314,SNN_delta_event_f5_s314,39,0.061504736837984075,0.045284969926190875,0.08109883455896601,0.11685436282737427,0.10480760782957077,0.06023377498901748,0.31186447975536186,0.2476192000322044
SNN_delta_event,5,314,SNN_delta_event_f5_s314,40,0.05773815410791156,0.04274571264977567,0.07496220729067944,0.11754516594239317,0.10619030147790909,0.056774322322420426,0.31179946785171825,0.25136810005642474
SNN_delta_event,5,2718,SNN_delta_event_f5_s2718,1,0.6594038563213642,0.5393769339037439,0.6001346120881017,0.5304518532134452,0.4311673641204834,0.49642244546480896,0.2565790492420395,0.2452787000220269
SNN_delta_event,5,2718,SNN_delta_event_f5_s2718,2,0.3502252640071642,0.25083278166130185,0.4969624117293119,0.2909816048477056,0.21310731768608093,0.3893714358081233,0.25938104403515655,0.24209050019271672
SNN_delta_event,5,2718,SNN_delta_event_f5_s2718,3,0.24766835856545164,0.16690904627709338,0.40379656144179127,0.2312514404811949,0.16886083781719208,0.3119530133200141,0.2639025002717972,0.24333299999125302
SNN_delta_event,5,2718,SNN_delta_event_f5_s2718,4,0.21467644992089716,0.14646459479505816,0.34105927562919486,0.21048444351497686,0.159868061542511,0.25308190986232937,0.2674282177661856,0.2455947999842465
SNN_delta_event,5,2718,SNN_delta_event_f5_s2718,5,0.1941464724104378,0.1341527831973508,0.2999684460654351,0.19816050043083588,0.15644247829914093,0.2085901106584747,0.2693905544777711,0.24619679991155863
SNN_delta_event,5,2718,SNN_delta_event_f5_s2718,6,0.17685522968539094,0.1241659679217264,0.2634463088183227,0.18989756416271691,0.15399523079395294,0.1795116668438199,0.271753110922873,0.2376743999775499
SNN_delta_event,5,2718,SNN_delta_event_f5_s2718,7,0.16443858888269405,0.11786193305548902,0.23288327913602513,0.1825130456404866,0.15135590732097626,0.15578569159755165,0.27260258452345926,0.2373238999862224
SNN_delta_event,5,2718,SNN_delta_event_f5_s2718,8,0.15546567749499954,0.11230025952681899,0.21582708984090282,0.1766502735637269,0.14849461615085602,0.14077828706435436,0.27462910177807015,0.24010950000956655
SNN_delta_event,5,2718,SNN_delta_event_f5_s2718,9,0.14485932134992047,0.10539925457366432,0.1973003338812808,0.17688457164515115,0.15168224275112152,0.12601164447014812,0.27574467317511636,0.24702829984016716
SNN_delta_event,5,2718,SNN_delta_event_f5_s2718,10,0.1347847058640678,0.10063922184053808,0.1707274201176485,0.1758245744581961,0.15266016125679016,0.11582206600702971,0.2768735686937968,0.24036250007338822
SNN_delta_event,5,2718,SNN_delta_event_f5_s2718,11,0.12980773690853523,0.09594058247360711,0.16933577217464055,0.16860720686380218,0.1470695585012436,0.10768824181279296,0.2782676399995883,0.24042170005850494
SNN_delta_event,5,2718,SNN_delta_event_f5_s2718,12,0.1208616283241792,0.09166354911091427,0.1459903960663246,0.16674354136810177,0.14712990820407867,0.09806816582011539,0.2792771952226758,0.23886870010755956
SNN_delta_event,5,2718,SNN_delta_event_f5_s2718,13,0.11661398518641765,0.08815606807669003,0.14228958554863808,0.1662915399993928,0.14766481518745422,0.09313362405969286,0.28071504769225913,0.24541339999996126
SNN_delta_event,5,2718,SNN_delta_event_f5_s2718,14,0.11115721811991436,0.0845419029161955,0.13307657601859432,0.1646376568940029,0.14743229746818542,0.0860267971290873,0.28123911780615646,0.23956650006584823
SNN_delta_event,5,2718,SNN_delta_event_f5_s2718,15,0.10631410936502118,0.08005946593281503,0.1312732171610308,0.16681844639586016,0.1506669521331787,0.08075747131340721,0.2826750408858061,0.24061280000023544
SNN_delta_event,5,2718,SNN_delta_event_f5_s2718,16,0.10496190910273018,0.07751849765190855,0.13721705725410815,0.16133810322263142,0.14573372900485992,0.07802187108885754,0.2834372129291296,0.24039079993963242
SNN_delta_event,5,2718,SNN_delta_event_f5_s2718,17,0.10382738470110812,0.07899160312566285,0.1241789078772263,0.1626515576050107,0.14727544784545898,0.07688054879775867,0.28390931027630967,0.23693470004945993
SNN_delta_event,5,2718,SNN_delta_event_f5_s2718,18,0.09984578869445493,0.07419721985934302,0.12824284417555945,0.16047160074395952,0.14518897235393524,0.07641314195012147,0.2846823449557026,0.23420700011774898
SNN_delta_event,5,2718,SNN_delta_event_f5_s2718,19,0.09617641950078547,0.07077039710323636,0.12703011198774547,0.16128550860058494,0.14636072516441345,0.07462391718085738,0.2855885761479537,0.23753820010460913
SNN_delta_event,5,2718,SNN_delta_event_f5_s2718,20,0.09519233219938678,0.06984858995322914,0.12671871123078815,0.15825411998198233,0.14371559023857117,0.07269264871705582,0.2864191960543394,0.23635259992443025
SNN_delta_event,5,2718,SNN_delta_event_f5_s2718,21,0.09226568480685633,0.0679604517839228,0.12152616511466763,0.15891755179215059,0.14504580199718475,0.06935874897482916,0.2865257278705637,0.2381677001249045
SNN_delta_event,5,2718,SNN_delta_event_f5_s2718,22,0.08971633997825772,0.06882305765369286,0.10446641162282426,0.16062851303602632,0.1475614309310913,0.06533541052467512,0.2874398687854409,0.23642750014550984
SNN_delta_event,5,2718,SNN_delta_event_f5_s2718,23,0.08507213323909528,0.06254444678779691,0.1126384322564918,0.15402562622713079,0.1412671059370041,0.06379260145063342,0.2882567768295606,0.23248959984630346
SNN_delta_event,5,2718,SNN_delta_event_f5_s2718,24,0.08401492184478827,0.06516692258689243,0.09423999628947934,0.15272715418757696,0.14037418365478516,0.06176485266395897,0.28919599391520023,0.23536869999952614
SNN_delta_event,5,2718,SNN_delta_event_f5_s2718,25,0.08114644444091672,0.06169500252387176,0.09725720958522478,0.15098840414476142,0.13946016132831573,0.05764121408222841,0.29006700217723846,0.2399831002112478
SNN_delta_event,5,2718,SNN_delta_event_f5_s2718,26,0.08740143787412359,0.06758010905468836,0.09910664409717611,0.1505190095456563,0.1397632509469986,0.05377879299328856,0.29123025946319103,0.24021689989604056
SNN_delta_event,5,2718,SNN_delta_event_f5_s2718,27,0.08311304446620725,0.06228722498053685,0.10412909742835204,0.15310866757325312,0.1418847292661667,0.0561196915354322,0.2915517544994752,0.2572742998600006
SNN_delta_event,5,2718,SNN_delta_event_f5_s2718,28,0.07300143160302917,0.054760836210334674,0.09120297696347245,0.15383762019601468,0.1427663415670395,0.055356393144876,0.2912651300430298,0.2598582999780774
SNN_delta_event,5,2718,SNN_delta_event_f5_s2718,29,0.07504625248481035,0.055826260116494573,0.09609996184157892,0.14988480375737023,0.13882659375667572,0.0552910500034725,0.29124603793025017,0.270111900055781
SNN_delta_event,5,2718,SNN_delta_event_f5_s2718,30,0.06974070920362627,0.05318336195584076,0.08278673623892753,0.1580552270601697,0.14743681252002716,0.053092072700712624,0.2920047876735528,0.2562464999500662
SNN_delta_event,5,2718,SNN_delta_event_f5_s2718,31,0.0682906568710315,0.053152716864133254,0.07568970003449121,0.14620559732133886,0.13626468181610107,0.04970457752618892,0.29185608712335426,0.25930669996887445
SNN_delta_event,5,2718,SNN_delta_event_f5_s2718,32,0.06745748601752725,0.04886379823437892,0.09296843891574173,0.1566398853209432,0.14677482843399048,0.04932528443476361,0.2928461382786433,0.2413636001292616
SNN_delta_event,5,2718,SNN_delta_event_f5_s2718,33,0.06558149754721711,0.04965180416669076,0.07964846690263179,0.1441505891781113,0.13503754138946533,0.04556523894322978,0.2926755553732316,0.24445570004172623
SNN_delta_event,5,2718,SNN_delta_event_f5_s2718,34,0.06435767256005277,0.04815955364999051,0.08099059455031134,0.15084268837379372,0.14161750674247742,0.04612590815658159,0.29288726424177486,0.23640629998408258
SNN_delta_event,5,2718,SNN_delta_event_f5_s2718,35,0.0634260086772296,0.04882167988883642,0.07302164394196592,0.14956542226275044,0.1407986581325531,0.04383382065098663,0.293233310803771,0.23727069981396198
SNN_delta_event,5,2718,SNN_delta_event_f5_s2718,36,0.06375952891998825,0.04637379461200908,0.08692867153989586,0.14742972854902653,0.13816866278648376,0.04630532881271375,0.29378464942177135,0.239881900139153
SNN_delta_event,5,2718,SNN_delta_event_f5_s2718,37,0.06449309010635255,0.04638979547113801,0.09051647317607268,0.1467049651112958,0.13682770729064941,0.049386289103231944,0.2929413517316182,0.2408523999620229
SNN_delta_event,5,2718,SNN_delta_event_f5_s2718,38,0.06234605862644429,0.045766002168723695,0.08290028228860298,0.14336861224272493,0.13378426432609558,0.04792173958314676,0.29234382634361583,0.23903129994869232
SNN_delta_event,5,2718,SNN_delta_event_f5_s2718,39,0.058319785591127216,0.04260283993789926,0.07858472826613971,0.1475608330106644,0.13787099719047546,0.0484491791009446,0.292993389070034,0.257622400065884
SNN_delta_event,5,2718,SNN_delta_event_f5_s2718,40,0.05929475990613401,0.04375992786178055,0.07767416022176733,0.14383375860700887,0.1345924288034439,0.046206649017824834,0.29265144156912964,0.24852719996124506
SNN_delta_event,5,2718,SNN_delta_event_f5_s2718,41,0.05740702401228723,0.04323233073228039,0.07087346640003417,0.14890204458706865,0.1403174251317978,0.042923097276354336,0.29309101464847725,0.23855939996428788
SNN_delta_event,5,2718,SNN_delta_event_f5_s2718,42,0.0563532395777289,0.04203330616777142,0.07159966704978742,0.14109026685379059,0.13274404406547546,0.04173111394157562,0.2930401060730219,0.24041060009039938
SNN_delta_event,5,2718,SNN_delta_event_f5_s2718,43,0.05433059935932864,0.04107768329413375,0.06626458032597447,0.1426649274909869,0.13454759120941162,0.04058668140787631,0.29317797161638737,0.23665580013766885
SNN_delta_event,5,2718,SNN_delta_event_f5_s2718,44,0.05603273822487947,0.04170624072624681,0.0716324874931633,0.14400528874444488,0.1361304521560669,0.03937418294188994,0.2937151864171028,0.24188979994505644
SNN_delta_event,5,2718,SNN_delta_event_f5_s2718,45,0.053145685894629986,0.040048641783262916,0.06548522055683537,0.14594541050467358,0.13814260065555573,0.03901404924558932,0.29349041419724625,0.24213350005447865
SNN_delta_event,5,2718,SNN_delta_event_f5_s2718,46,0.05099033014045599,0.03815167290546621,0.06419328617494888,0.14365589008969695,0.13567079603672028,0.03992547026488333,0.2928123492747545,0.24096610001288354
SNN_delta_event,5,2718,SNN_delta_event_f5_s2718,47,0.0517803302002794,0.03730815424933098,0.07236087975474208,0.1564070302566935,0.1484459787607193,0.03980525747987108,0.29367960679034394,0.23981810011900961
SNN_delta_event,5,2718,SNN_delta_event_f5_s2718,48,0.05239752908657757,0.038109936334270365,0.07143796376153604,0.14553615761372413,0.13772395253181458,0.03906102540954778,0.2933909632265568,0.23584110010415316
SNN_delta_event,5,2718,SNN_delta_event_f5_s2718,49,0.04923388692044931,0.03632061949368411,0.06456633713382602,0.15041540438293205,0.14268581569194794,0.038647943454920515,0.29281704997022945,0.2375995998736471
SNN_delta_event,5,2718,SNN_delta_event_f5_s2718,50,0.05320846717204384,0.039171226642793044,0.07018620264625397,0.14796183615375996,0.14041422307491302,0.037738065394234646,0.29269089611868065,0.2442739000543952
SNN_delta_event,5,2718,SNN_delta_event_f5_s2718,51,0.047266994987262244,0.03520800419695055,0.06029495395155845,0.1449915333001936,0.13763999938964844,0.03675766955272576,0.2925315412382285,0.23736810008995235
SNN_delta_event,5,2718,SNN_delta_event_f5_s2718,52,0.050876683714926006,0.03667890756817845,0.07098888073373778,0.1464442556138215,0.1388678252696991,0.03788215172061192,0.29257786956926185,0.23648179997690022
SNN_delta_event,5,2718,SNN_delta_event_f5_s2718,53,0.04621668172735995,0.03338953442289494,0.06413573652232507,0.14672600070439257,0.13912424445152283,0.038008781264348646,0.2921350834270318,0.23828109982423484
SNN_delta_event,5,2718,SNN_delta_event_f5_s2718,54,0.04509835981807545,0.03373521101214768,0.05681574402963885,0.1448924562981888,0.13797162473201752,0.03460415783085649,0.2924059300372998,0.24076720001176
SNN_delta_event,5,2718,SNN_delta_event_f5_s2718,55,0.04248669329154586,0.03150976590889817,0.0548846369132385,0.15090172216467523,0.1442316770553589,0.03335022554658178,0.292380852624774,0.2371541999746114
SNN_delta_event,5,2718,SNN_delta_event_f5_s2718,56,0.04423530518330341,0.03264666775066871,0.05794318716317348,0.14702862462489397,0.14018750190734863,0.034205613587726696,0.2926521648963292,0.23393279989250004
SNN_delta_event,5,2718,SNN_delta_event_f5_s2718,57,0.041559462915770666,0.03166250187496189,0.04948480520404384,0.14773823809871486,0.1410638839006424,0.03337177099036229,0.2927148888508479,0.24462799984030426
