candidate,fold,seed,index,subject,state,start_s,rr_true_bpm,rr_head_bpm,rr_wave_bpm,wave_abs_correlation,motion_true,motion_probability,apnea_true,apnea_probability,radar1_gate,radar2_gate,radar3_gate
CNN_GRU,1,42,114,S04_KTW,FACE_R1,38.05500030517578,6.422770023345947,10.862847328186035,6.4453125,0.20913800597190857,0,0.00047346195788122714,0,0.004402779042720795,0.20165248215198517,0.4022556245326996,0.39609193801879883
CNN_GRU,1,42,115,S04_KTW,FACE_R1,43.05500030517578,8.25971508026123,12.31712532043457,14.501953125,0.13333255052566528,0,0.0008049921016208827,0,0.004548751283437014,0.11784957349300385,0.30698251724243164,0.5751679539680481
CNN_GRU,1,42,116,S04_KTW,FACE_R1,48.05500030517578,9.861433982849121,14.065046310424805,19.921875,0.29902780055999756,0,0.0014743008650839329,0,0.0054664635099470615,0.41538166999816895,0.29613199830055237,0.2884863317012787
CNN_GRU,1,42,117,S04_KTW,FACE_R1,53.05500030517578,9.42982006072998,12.197854995727539,10.986328125,0.2902158200740814,0,0.000666646403260529,0,0.004531898535788059,0.0732237845659256,0.11289899051189423,0.8138772249221802
CNN_GRU,1,42,118,S04_KTW,FACE_R1,58.05500030517578,9.81590747833252,12.670215606689453,13.76953125,0.1064060777425766,0,0.001754530007019639,0,0.007537271827459335,0.48666492104530334,0.227538600564003,0.28579646348953247
CNN_GRU,1,42,119,S04_KTW,FACE_R1,63.05500030517578,9.636212348937988,15.906508445739746,13.037109375,0.2059439867734909,0,0.01987825147807598,0,0.30877479910850525,0.33072468638420105,0.46186503767967224,0.2074102908372879
CNN_GRU,1,42,120,S04_KTW,FACE_R2,93.5999984741211,11.376191139221191,20.713993072509766,21.533203125,0.31207481026649475,0,0.033343929797410965,0,0.1737663596868515,0.4777067005634308,0.3168136179447174,0.2054797261953354
CNN_GRU,1,42,121,S04_KTW,FACE_R2,98.5999984741211,10.898050308227539,11.57962417602539,11.1328125,0.35659363865852356,0,0.0005812611780129373,0,0.001298511284403503,0.2603592872619629,0.6349632143974304,0.10467757284641266
CNN_GRU,1,42,122,S04_KTW,FACE_R2,103.5999984741211,10.326644897460938,8.023429870605469,8.935546875,0.3102683126926422,0,0.0005060222465544939,0,0.0014155403478071094,0.5446287989616394,0.24166586995124817,0.21370536088943481
CNN_GRU,1,42,123,S04_KTW,FACE_R2,108.5999984741211,9.667632102966309,7.781839847564697,4.833984375,0.1955283284187317,0,0.00017491218750365078,0,0.0009531452087685466,0.22650112211704254,0.08861758559942245,0.6848812699317932
CNN_GRU,1,42,124,S04_KTW,FACE_R2,113.5999984741211,9.654386520385742,9.403868675231934,7.6171875,0.21676751971244812,0,0.00029052013996988535,0,0.002485803561285138,0.24239860475063324,0.2365105152130127,0.5210909247398376
CNN_GRU,1,42,125,S04_KTW,FACE_R2,118.5999984741211,9.797507286071777,17.0738468170166,8.349609375,0.28167229890823364,0,0.0015401989221572876,0,0.04290200024843216,0.49815526604652405,0.42508044838905334,0.07676423341035843
CNN_GRU,1,42,126,S04_KTW,FACE_R2,123.5999984741211,9.785697937011719,15.064464569091797,18.1640625,0.2568921148777008,0,0.0037796320393681526,0,0.03443877398967743,0.13977935910224915,0.34366172552108765,0.5165588855743408
CNN_GRU,1,42,127,S04_KTW,FACE_R3,155.39999389648438,10.789422988891602,8.868946075439453,9.521484375,0.6419693231582642,0,0.0002657041186466813,0,0.0005801704828627408,0.13342006504535675,0.14357395470142365,0.7230059504508972
CNN_GRU,1,42,128,S04_KTW,FACE_R3,160.39999389648438,9.49484634399414,8.172896385192871,9.521484375,0.8098508715629578,0,0.00020661386952269822,0,0.0005958325346000493,0.42650842666625977,0.2798415720462799,0.2936500310897827
CNN_GRU,1,42,129,S04_KTW,FACE_R3,165.39999389648438,9.071617126464844,8.91217041015625,7.470703125,0.289000004529953,0,0.0002687040832825005,0,0.0006640231586061418,0.35763832926750183,0.21979768574237823,0.4225640594959259
CNN_GRU,1,42,130,S04_KTW,FACE_R3,170.39999389648438,9.514069557189941,9.250844955444336,8.642578125,0.14411598443984985,0,0.0008974522934295237,0,0.005513343494385481,0.44913628697395325,0.12694793939590454,0.423915833234787
CNN_GRU,1,42,131,S04_KTW,FACE_R3,175.39999389648438,9.283524513244629,10.507172584533691,8.49609375,0.4168822169303894,0,0.00042655676952563226,0,0.0016101649962365627,0.24983561038970947,0.1744493693113327,0.5757150053977966
CNN_GRU,1,42,132,S04_KTW,FACE_R3,180.39999389648438,9.025849342346191,8.741064071655273,8.49609375,0.6133885383605957,0,0.0004676894750446081,0,0.0013255771482363343,0.13718359172344208,0.40305888652801514,0.459757536649704
CNN_GRU,1,42,133,S04_KTW,FACE_R3,185.39999389648438,10.094219207763672,9.510013580322266,4.248046875,0.11877990514039993,0,0.00037711052573285997,0,0.0008437100914306939,0.7616667151451111,0.12875419855117798,0.10957911610603333
CNN_GRU,1,42,134,S04_KTW,FACE_R3,190.39999389648438,9.669425964355469,9.622520446777344,9.228515625,0.48916491866111755,0,0.0009486131020821631,0,0.0018125588539987803,0.19257065653800964,0.603058934211731,0.204370379447937
CNN_GRU,1,42,135,S04_KTW,FACE_R3,195.39999389648438,9.025946617126465,17.90642547607422,9.9609375,0.24739637970924377,0,0.25179097056388855,0,0.8893823623657227,0.30002209544181824,0.4229511320590973,0.2770267426967621
CNN_GRU,1,42,136,S04_KTW,NORMAL,285.7065124511719,9.350316047668457,8.84430980682373,9.228515625,0.426484614610672,0,0.00027814338682219386,0,0.0008908796589821577,0.5381435751914978,0.25138330459594727,0.21047315001487732
CNN_GRU,1,42,137,S04_KTW,NORMAL,290.7065124511719,10.13412094116211,14.007705688476562,14.94140625,0.22112895548343658,0,0.0021577002480626106,0,0.014456390403211117,0.17351014912128448,0.22734825313091278,0.5991415977478027
CNN_GRU,1,42,138,S04_KTW,NORMAL,295.7065124511719,10.179031372070312,11.268353462219238,9.9609375,0.6882289052009583,0,0.0006197482580319047,0,0.0010346219642087817,0.13721296191215515,0.2254134714603424,0.6373735070228577
CNN_GRU,1,42,139,S04_KTW,NORMAL,300.7065124511719,10.284830093383789,13.248827934265137,8.935546875,0.13879433274269104,0,0.0009960229508578777,0,0.002120577497407794,0.2864135205745697,0.2010987102985382,0.5124877691268921
CNN_GRU,1,42,140,S04_KTW,NORMAL,305.7065124511719,10.26783275604248,9.711236953735352,10.25390625,0.12587818503379822,0,0.0004665846936404705,0,0.0011904467828571796,0.5761606693267822,0.3055278956890106,0.11831135302782059
CNN_GRU,1,42,141,S04_KTW,NORMAL,310.7065124511719,9.682967185974121,20.262922286987305,13.916015625,0.20673784613609314,0,0.017820723354816437,0,0.21123556792736053,0.25785505771636963,0.47533783316612244,0.2668071985244751
CNN_GRU,1,42,142,S04_KTW,NORMAL,315.7065124511719,9.143609046936035,14.266999244689941,15.234375,0.6420697569847107,0,0.0014689280651509762,0,0.006021309643983841,0.45391932129859924,0.2893930971622467,0.25668758153915405
CNN_GRU,1,42,143,S04_KTW,SLOW,345.7065124511719,6.196646213531494,8.610696792602539,10.693359375,0.1418663114309311,0,0.00023569943732582033,0,0.0008134247618727386,0.3292783498764038,0.4319280683994293,0.23879362642765045
CNN_GRU,1,42,144,S04_KTW,SLOW,350.7065124511719,6.092975616455078,9.238153457641602,11.279296875,0.5197145938873291,0,0.00040031829848885536,0,0.0008022800902836025,0.1287553757429123,0.617978036403656,0.2532665431499481
CNN_GRU,1,42,145,S04_KTW,SLOW,355.7065124511719,6.010748863220215,11.559049606323242,11.865234375,0.11476672440767288,0,0.0005426577990874648,0,0.0035440304782241583,0.5017213821411133,0.35285910964012146,0.14541958272457123
CNN_GRU,1,42,146,S04_KTW,SLOW,360.7065124511719,6.097393989562988,7.221477031707764,12.158203125,0.1537085473537445,0,0.0001324495387962088,0,0.0005778680788353086,0.24811601638793945,0.561461329460144,0.1904226690530777
CNN_GRU,1,42,147,S04_KTW,SLOW,365.7065124511719,5.894652366638184,5.583365440368652,5.2734375,0.6606377363204956,0,6.200554344104603e-05,0,0.00032920323428697884,0.11204081028699875,0.07863844931125641,0.8093207478523254
CNN_GRU,1,42,148,S04_KTW,SLOW,370.7065124511719,5.845671653747559,12.17385196685791,12.451171875,0.07161494344472885,0,0.0005611227243207395,0,0.0032412658911198378,0.45988720655441284,0.4623910188674927,0.07772184163331985
CNN_GRU,1,42,149,S04_KTW,SLOW,375.7065124511719,5.966196060180664,9.611074447631836,12.158203125,0.3893248438835144,0,0.0001350981037830934,0,0.00043328935862518847,0.19630393385887146,0.4133962094783783,0.39029988646507263
CNN_GRU,1,42,150,S04_KTW,HOLD,402.7065124511719,,,,,0,0.0021978416480123997,1,0.02205299213528633,0.5438352227210999,0.2536424398422241,0.202522411942482
CNN_GRU,1,42,151,S04_KTW,HOLD,407.7065124511719,,,,,0,0.002398225013166666,1,0.007071136496961117,0.36689820885658264,0.2829045057296753,0.3501972258090973
CNN_GRU,1,42,152,S04_KTW,POST_HOLD,435.7065124511719,11.076095581054688,10.851263046264648,13.76953125,0.1988983303308487,0,0.0007021519704721868,0,0.002179747214540839,0.34305188059806824,0.3664901852607727,0.29045790433883667
CNN_GRU,1,42,153,S04_KTW,POST_HOLD,440.7065124511719,9.37330436706543,14.076249122619629,14.794921875,0.29574310779571533,0,0.00330038252286613,0,0.008921096101403236,0.38446739315986633,0.35782280564308167,0.2577097713947296
CNN_GRU,1,42,154,S04_KTW,POST_HOLD,445.7065124511719,8.291358947753906,14.282033920288086,9.9609375,0.09367015957832336,0,0.0031839923467487097,0,0.009187853895127773,0.6512098908424377,0.11667357385158539,0.23211652040481567
CNN_GRU,1,42,155,S04_KTW,POST_HOLD,450.7065124511719,8.998303413391113,7.975302696228027,7.03125,0.14595846831798553,0,0.000196573615539819,0,0.0008117835386656225,0.7993977069854736,0.12245119363069534,0.07815106958150864
CNN_GRU,1,42,156,S04_KTW,POST_HOLD,455.7065124511719,10.67007827758789,19.804738998413086,19.3359375,0.002515544882044196,0,0.1880086213350296,0,0.7917682528495789,0.22342385351657867,0.29612892866134644,0.4804472029209137
CNN_GRU,1,42,157,S04_KTW,POST_HOLD,460.7065124511719,11.363083839416504,9.779656410217285,10.107421875,0.19111774861812592,0,0.0004693785449489951,0,0.000917890458367765,0.5030612945556641,0.31892287731170654,0.1780157834291458
CNN_GRU,1,42,158,S04_KTW,POST_HOLD,465.7065124511719,10.798298835754395,10.511377334594727,7.6171875,0.39895790815353394,0,0.0003182191285304725,0,0.0011557318503037095,0.8350751399993896,0.11536293476819992,0.049561936408281326
CNN_GRU,1,42,159,S04_KTW,SQUAT,510.7065124511719,,,,,1,0.9996180534362793,0,0.0004222974821459502,0.36738333106040955,0.38100531697273254,0.25161129236221313
CNN_GRU,1,42,160,S04_KTW,SQUAT,515.7064819335938,,,,,1,0.9996334314346313,0,0.0003766048466786742,0.37792515754699707,0.3443228602409363,0.27775198221206665
CNN_GRU,1,42,161,S04_KTW,SQUAT,520.7064819335938,,,,,1,0.9995800852775574,0,0.0005630975356325507,0.34960177540779114,0.28257784247398376,0.3678203523159027
CNN_GRU,1,42,162,S04_KTW,SQUAT,525.7064819335938,,,,,1,0.999483585357666,0,0.000652233196888119,0.2667945325374603,0.2746157646179199,0.458589643239975
CNN_GRU,1,42,163,S04_KTW,SQUAT,530.7064819335938,,,,,1,0.9992446899414062,0,0.0007295245304703712,0.26627784967422485,0.4653993844985962,0.26832279562950134
CNN_GRU,1,42,164,S04_KTW,SQUAT,535.7064819335938,,,,,1,0.9984278678894043,0,0.0033494792878627777,0.6002974510192871,0.19479002058506012,0.20491254329681396
CNN_GRU,1,42,165,S04_KTW,SQUAT,540.7064819335938,,,,,1,0.9995452761650085,0,0.0007235886296257377,0.33435752987861633,0.3263739347457886,0.3392685651779175
CNN_GRU,1,42,166,S04_KTW,POST_EXERCISE,585.7064819335938,16.82309341430664,23.59493064880371,16.69921875,0.8373826742172241,0,0.013441539369523525,0,0.04048074409365654,0.15409061312675476,0.5002439618110657,0.3456653654575348
CNN_GRU,1,42,167,S04_KTW,POST_EXERCISE,590.7064819335938,16.892780303955078,20.242740631103516,16.845703125,0.9417005777359009,0,0.014336977154016495,0,0.019349772483110428,0.29449784755706787,0.5254960656166077,0.18000611662864685
CNN_GRU,1,42,168,S04_KTW,POST_EXERCISE,595.7064819335938,16.885103225708008,17.8447208404541,16.69921875,0.871151328086853,0,0.003946030978113413,0,0.006448759231716394,0.712598979473114,0.1445285975933075,0.1428724229335785
CNN_GRU,1,42,169,S04_KTW,POST_EXERCISE,600.7064819335938,17.399995803833008,19.654373168945312,17.28515625,0.9457149505615234,0,0.0041007958352565765,0,0.00583961745724082,0.6323179006576538,0.24462994933128357,0.12305212765932083
CNN_GRU,1,42,170,S04_KTW,POST_EXERCISE,605.7064819335938,17.68208122253418,22.55600357055664,20.21484375,0.2522280514240265,0,0.017569120973348618,0,0.06717035919427872,0.341806560754776,0.44287532567977905,0.21531815826892853
CNN_GRU,1,42,171,S04_KTW,POST_EXERCISE,610.7064819335938,17.36434555053711,18.78628921508789,17.138671875,0.6928508281707764,0,0.00499690929427743,0,0.007699507754296064,0.1781865805387497,0.316959023475647,0.5048544406890869
CNN_GRU,1,42,172,S04_KTW,POST_EXERCISE,615.7064819335938,17.874345779418945,23.220312118530273,19.62890625,0.3511447608470917,0,0.03506942093372345,0,0.07767049968242645,0.2787856459617615,0.2941126823425293,0.42710167169570923
CNN_GRU,1,42,232,S06_LDW,FACE_R1,33.0,7.880847930908203,13.258243560791016,9.08203125,0.4452163279056549,0,0.006081158295273781,0,0.022627877071499825,0.1305903196334839,0.7867246866226196,0.08268493413925171
CNN_GRU,1,42,233,S06_LDW,FACE_R1,38.0,8.690120697021484,18.27597427368164,11.279296875,0.384236216545105,0,0.006841165479272604,0,0.034166205674409866,0.12034207582473755,0.08584602177143097,0.7938119173049927
CNN_GRU,1,42,234,S06_LDW,FACE_R1,43.0,9.935243606567383,10.857453346252441,9.66796875,0.1381969004869461,0,0.0007815243443474174,0,0.0017291656695306301,0.25213783979415894,0.6211857199668884,0.1266765147447586
CNN_GRU,1,42,235,S06_LDW,FACE_R1,48.0,9.936442375183105,10.97513484954834,9.228515625,0.12838612496852875,0,0.00045336910989135504,0,0.0013173951301723719,0.27225759625434875,0.374330997467041,0.35341134667396545
CNN_GRU,1,42,236,S06_LDW,FACE_R1,53.0,8.983086585998535,10.990659713745117,9.66796875,0.030126972123980522,0,0.0004564039991237223,0,0.004090081434696913,0.3310592472553253,0.18032428622245789,0.48861655592918396
CNN_GRU,1,42,237,S06_LDW,FACE_R1,58.0,10.061651229858398,13.68705940246582,10.986328125,0.13474775850772858,0,0.0019170156447216868,0,0.021718770265579224,0.4589039981365204,0.23111023008823395,0.30998578667640686
CNN_GRU,1,42,238,S06_LDW,FACE_R2,89.80000305175781,8.579808235168457,8.278438568115234,9.66796875,0.26823750138282776,0,0.0004029544070363045,0,0.0019520741188898683,0.405098021030426,0.4524707794189453,0.14243125915527344
CNN_GRU,1,42,239,S06_LDW,FACE_R2,94.80000305175781,9.099923133850098,11.576951026916504,11.42578125,0.011875572614371777,0,0.0004021795466542244,0,0.0029428224079310894,0.29566192626953125,0.19947858154773712,0.5048595070838928
CNN_GRU,1,42,240,S06_LDW,FACE_R2,99.80000305175781,9.355554580688477,11.251697540283203,10.83984375,0.20504745841026306,0,0.00034302909625694156,0,0.0013341923477128148,0.40380245447158813,0.44735798239707947,0.14883953332901
CNN_GRU,1,42,241,S06_LDW,FACE_R2,104.80000305175781,9.427214622497559,11.926033973693848,11.572265625,0.08687141537666321,0,0.0012631003046408296,0,0.00507058622315526,0.5498116612434387,0.1560981273651123,0.29409024119377136
CNN_GRU,1,42,242,S06_LDW,FACE_R2,109.80000305175781,9.131538391113281,19.572704315185547,18.603515625,0.12266134470701218,0,0.04955599829554558,0,0.43859970569610596,0.44396406412124634,0.347952276468277,0.20808358490467072
CNN_GRU,1,42,243,S06_LDW,FACE_R2,114.80000305175781,9.163628578186035,14.143985748291016,10.546875,0.4693557620048523,0,0.0016473729629069567,0,0.013068852946162224,0.6254534721374512,0.27258116006851196,0.1019652932882309
CNN_GRU,1,42,244,S06_LDW,FACE_R2,119.80000305175781,9.864699363708496,11.656548500061035,10.83984375,0.39870911836624146,0,0.0009679280337877572,0,0.0013889115070924163,0.7836958169937134,0.1388229876756668,0.07748125493526459
CNN_GRU,1,42,245,S06_LDW,FACE_R3,151.3000030517578,11.100545883178711,16.23274040222168,12.01171875,0.5448701977729797,0,0.01219614315778017,0,0.0730360820889473,0.3887387812137604,0.38941165804862976,0.2218495011329651
CNN_GRU,1,42,246,S06_LDW,FACE_R3,156.3000030517578,12.383217811584473,17.128341674804688,13.4765625,0.5349992513656616,0,0.004542927723377943,0,0.007973656058311462,0.5198566913604736,0.36561399698257446,0.11452939361333847
CNN_GRU,1,42,247,S06_LDW,FACE_R3,161.3000030517578,13.883934020996094,23.501384735107422,19.62890625,0.321950227022171,0,0.11030068248510361,0,0.7314590811729431,0.4043113887310028,0.3280593156814575,0.26762935519218445
CNN_GRU,1,42,248,S06_LDW,FACE_R3,166.3000030517578,12.805192947387695,11.80263900756836,11.865234375,0.4833747446537018,0,0.0027601136825978756,0,0.005831631366163492,0.690385639667511,0.21835871040821075,0.09125565737485886
CNN_GRU,1,42,249,S06_LDW,FACE_R3,171.3000030517578,11.14383316040039,11.299586296081543,11.279296875,0.11450574547052383,0,0.0024033435620367527,0,0.013628466986119747,0.6724730134010315,0.14536209404468536,0.18216484785079956
CNN_GRU,1,42,250,S06_LDW,FACE_R3,176.3000030517578,10.913281440734863,18.733179092407227,11.71875,0.002703428268432617,0,0.3310367465019226,0,0.9742436408996582,0.4129985570907593,0.23665723204612732,0.350344181060791
CNN_GRU,1,42,251,S06_LDW,FACE_R3,181.3000030517578,13.779878616333008,18.102672576904297,14.794921875,0.07471690326929092,0,0.013471126556396484,0,0.17814958095550537,0.45691317319869995,0.1636936515569687,0.3793931007385254
CNN_GRU,1,42,252,S06_LDW,FACE_R3,186.3000030517578,8.172396659851074,14.833662033081055,9.66796875,0.5399534702301025,0,0.0069249700754880905,0,0.18305543065071106,0.3676808476448059,0.41559141874313354,0.21672767400741577
CNN_GRU,1,42,253,S06_LDW,NORMAL,276.0,11.379533767700195,16.015422821044922,18.896484375,0.02182726189494133,0,0.002921396167948842,0,0.01853807270526886,0.6394703984260559,0.1527652144432068,0.2077644169330597
CNN_GRU,1,42,254,S06_LDW,NORMAL,281.0,11.783193588256836,13.828469276428223,11.1328125,0.5163782238960266,0,0.001583030796609819,0,0.00469193235039711,0.3851395547389984,0.4788453280925751,0.1360151320695877
CNN_GRU,1,42,255,S06_LDW,NORMAL,286.0,10.64555549621582,11.908807754516602,8.935546875,0.0718841627240181,0,0.0009057977003976703,0,0.002874782308936119,0.48390379548072815,0.35638362169265747,0.1597125381231308
CNN_GRU,1,42,256,S06_LDW,NORMAL,291.0,7.902939796447754,12.027027130126953,9.66796875,0.49952933192253113,0,0.000557923165615648,0,0.0011524304281920195,0.8190204501152039,0.08388650417327881,0.09709303826093674
CNN_GRU,1,42,257,S06_LDW,NORMAL,296.0,11.298571586608887,13.314964294433594,12.158203125,0.4691520631313324,0,0.001611407264135778,0,0.0022020169999450445,0.36037272214889526,0.376289427280426,0.2633378803730011
CNN_GRU,1,42,258,S06_LDW,NORMAL,301.0,12.992972373962402,16.542890548706055,14.208984375,0.3525415360927582,0,0.002094506984576583,0,0.004614858888089657,0.689393162727356,0.13640257716178894,0.1742042452096939
CNN_GRU,1,42,259,S06_LDW,NORMAL,306.0,13.914466857910156,16.68663787841797,13.18359375,0.32968688011169434,0,0.0024528121575713158,0,0.0043939631432294846,0.5982442498207092,0.2805022597312927,0.12125348299741745
CNN_GRU,1,42,260,S06_LDW,SLOW,336.0,6.2851881980896,9.390631675720215,9.814453125,0.3705534338951111,0,0.00020324026991147548,0,0.0008955324301496148,0.11558908969163895,0.35792019963264465,0.5264907479286194
CNN_GRU,1,42,261,S06_LDW,SLOW,341.0,6.193666934967041,9.425437927246094,5.419921875,0.41380324959754944,0,0.0004352868418209255,0,0.003991362638771534,0.16061843931674957,0.22134557366371155,0.6180359721183777
CNN_GRU,1,42,262,S06_LDW,SLOW,346.0,6.362087249755859,10.970788955688477,13.037109375,0.09466143697500229,0,0.0002599588187877089,0,0.001024109311401844,0.4173271954059601,0.1834489405155182,0.39922380447387695
CNN_GRU,1,42,263,S06_LDW,SLOW,351.0,6.154847621917725,8.494158744812012,12.158203125,0.03496992960572243,0,0.00015444494783878326,0,0.000613399432040751,0.32730332016944885,0.32925868034362793,0.34343796968460083
CNN_GRU,1,42,264,S06_LDW,SLOW,356.0,6.438516616821289,8.984981536865234,5.712890625,0.7618737816810608,0,0.0004397844313643873,0,0.0013121169758960605,0.6187159419059753,0.2933715283870697,0.08791261166334152
CNN_GRU,1,42,265,S06_LDW,SLOW,361.0,6.160778522491455,9.95980453491211,7.470703125,0.752015233039856,0,0.0019503484945744276,0,0.016487810760736465,0.2668173909187317,0.563916027545929,0.16926662623882294
CNN_GRU,1,42,266,S06_LDW,SLOW,366.0,6.236392021179199,11.52000904083252,7.32421875,0.4248591661453247,0,0.0008992552757263184,0,0.004159485921263695,0.3165116608142853,0.07850228995084763,0.6049860119819641
CNN_GRU,1,42,267,S06_LDW,HOLD,393.0,,,,,0,0.9731410145759583,1,0.2637815475463867,0.19301560521125793,0.43079590797424316,0.3761884868144989
CNN_GRU,1,42,268,S06_LDW,HOLD,398.0,,,,,0,0.7936091423034668,1,0.7199209332466125,0.11533799767494202,0.25063759088516235,0.6340245008468628
CNN_GRU,1,42,269,S06_LDW,POST_HOLD,426.0,11.645414352416992,14.934674263000488,11.1328125,0.34730473160743713,0,0.0023453671019524336,0,0.005881784949451685,0.10596463829278946,0.727965772151947,0.16606959700584412
CNN_GRU,1,42,270,S06_LDW,POST_HOLD,431.0,10.773690223693848,13.312942504882812,10.986328125,0.6408767700195312,0,0.004307272378355265,0,0.015981610864400864,0.44766953587532043,0.22359970211982727,0.32873082160949707
CNN_GRU,1,42,271,S06_LDW,POST_HOLD,436.0,10.061713218688965,12.391839981079102,9.375,0.20045948028564453,0,0.0013326698681339622,0,0.003985611721873283,0.5944666266441345,0.15510542690753937,0.2504279911518097
CNN_GRU,1,42,272,S06_LDW,POST_HOLD,441.0,9.703888893127441,19.17401123046875,14.0625,0.06775449961423874,0,0.06982110440731049,0,0.600907027721405,0.5496771931648254,0.18935050070285797,0.26097238063812256
CNN_GRU,1,42,273,S06_LDW,POST_HOLD,446.0,10.281213760375977,10.044322967529297,7.763671875,0.28717106580734253,0,0.0005609684158116579,0,0.0016174406046047807,0.48110392689704895,0.10556061565876007,0.4133354723453522
CNN_GRU,1,42,274,S06_LDW,POST_HOLD,451.0,6.92152738571167,16.920738220214844,15.234375,0.13806118071079254,0,0.006651274859905243,0,0.032261837273836136,0.7206171154975891,0.1976218819618225,0.08176103234291077
CNN_GRU,1,42,275,S06_LDW,POST_HOLD,456.0,8.311505317687988,12.758906364440918,9.814453125,0.1987002193927765,0,0.009364171884953976,0,0.16052672266960144,0.44206008315086365,0.4863576889038086,0.07158219814300537
CNN_GRU,1,42,276,S06_LDW,SQUAT,501.0,,,,,1,0.9600595831871033,0,0.09903595596551895,0.5955711603164673,0.23576290905475616,0.16866587102413177
CNN_GRU,1,42,277,S06_LDW,SQUAT,506.0,,,,,1,0.992281973361969,0,0.022578876465559006,0.5776073932647705,0.2355813980102539,0.186811164021492
CNN_GRU,1,42,278,S06_LDW,SQUAT,511.0,,,,,1,0.9971402883529663,0,0.01068124920129776,0.49943113327026367,0.3384486734867096,0.1621202528476715
CNN_GRU,1,42,279,S06_LDW,SQUAT,516.0,,,,,1,0.9981514811515808,0,0.005100947804749012,0.34730765223503113,0.4247204065322876,0.22797192633152008
CNN_GRU,1,42,280,S06_LDW,SQUAT,521.0,,,,,1,0.9983215928077698,0,0.007337934337556362,0.33217641711235046,0.41742637753486633,0.2503972053527832
CNN_GRU,1,42,281,S06_LDW,SQUAT,526.0,,,,,1,0.9895639419555664,0,0.02446664683520794,0.34034180641174316,0.4653550684452057,0.19430308043956757
CNN_GRU,1,42,282,S06_LDW,SQUAT,531.0,,,,,1,0.9959179759025574,0,0.023843755945563316,0.2216024547815323,0.5980355739593506,0.18036197125911713
CNN_GRU,1,42,283,S06_LDW,POST_EXERCISE,576.0,15.399869918823242,12.5370454788208,10.25390625,0.22277919948101044,0,0.000672670139465481,0,0.0013466072268784046,0.4824865758419037,0.28756144642829895,0.22995197772979736
CNN_GRU,1,42,284,S06_LDW,POST_EXERCISE,581.0,15.099532127380371,20.574411392211914,20.21484375,0.18932682275772095,0,0.010605975985527039,0,0.017386242747306824,0.2976924180984497,0.49409055709838867,0.2082170993089676
CNN_GRU,1,42,285,S06_LDW,POST_EXERCISE,586.0,8.657489776611328,19.7183780670166,19.775390625,0.23368918895721436,0,0.010122678242623806,0,0.029563117772340775,0.4503195285797119,0.2690782845020294,0.2806021571159363
CNN_GRU,1,42,286,S06_LDW,POST_EXERCISE,591.0,7.479028224945068,13.835129737854004,19.921875,0.2936386168003082,0,0.001127343624830246,0,0.01621205545961857,0.7157859802246094,0.12473862618207932,0.1594754010438919
CNN_GRU,1,42,287,S06_LDW,POST_EXERCISE,596.0,19.126340866088867,19.84095573425293,17.724609375,0.5854157209396362,0,0.00439659645780921,0,0.010415276512503624,0.24189890921115875,0.33850595355033875,0.4195951223373413
CNN_GRU,1,42,288,S06_LDW,POST_EXERCISE,601.0,18.81316375732422,16.998252868652344,18.45703125,0.2591063380241394,0,0.0018628592370077968,0,0.0029363417997956276,0.09141860902309418,0.3406420052051544,0.5679394602775574
CNN_GRU,1,42,289,S06_LDW,POST_EXERCISE,606.0,17.30622100830078,18.61971664428711,16.69921875,0.572502076625824,0,0.016176972538232803,0,0.02755281887948513,0.16315442323684692,0.5188822150230408,0.3179634213447571
CNN_GRU,1,42,290,S07_KDM,FACE_R1,30.458499908447266,11.187192916870117,19.568613052368164,8.203125,0.35111287236213684,0,0.03198052570223808,0,0.6174351572990417,0.34458059072494507,0.24831131100654602,0.4071080982685089
CNN_GRU,1,42,291,S07_KDM,FACE_R1,35.458499908447266,11.132169723510742,20.87455177307129,18.75,0.5082758069038391,0,0.038450974971055984,0,0.32081326842308044,0.27464765310287476,0.46681487560272217,0.25853750109672546
CNN_GRU,1,42,292,S07_KDM,FACE_R1,40.458499908447266,11.395973205566406,11.99405288696289,11.572265625,0.884560227394104,0,0.0009950120002031326,0,0.001619240385480225,0.14164777100086212,0.7279286980628967,0.13042353093624115
CNN_GRU,1,42,293,S07_KDM,FACE_R1,45.458499908447266,11.653768539428711,12.388984680175781,13.18359375,0.687995970249176,0,0.0005343749653548002,0,0.0015930549707263708,0.5463140606880188,0.2352251559495926,0.218460813164711
CNN_GRU,1,42,294,S07_KDM,FACE_R1,50.458499908447266,11.279569625854492,13.971860885620117,10.25390625,0.6563007831573486,0,0.0022662458941340446,0,0.004553573206067085,0.42458903789520264,0.35610470175743103,0.21930630505084991
CNN_GRU,1,42,295,S07_KDM,FACE_R1,55.458499908447266,12.323387145996094,14.546794891357422,12.01171875,0.6456928849220276,0,0.0017108300235122442,0,0.005221056751906872,0.5684294700622559,0.13037940859794617,0.3011910915374756
CNN_GRU,1,42,296,S07_KDM,FACE_R2,89.4000015258789,19.1984806060791,22.25782012939453,19.482421875,0.7059560418128967,0,0.09731193631887436,0,0.588449239730835,0.2446235716342926,0.30110034346580505,0.45427611470222473
CNN_GRU,1,42,297,S07_KDM,FACE_R2,94.4000015258789,18.624998092651367,19.928546905517578,18.45703125,0.3368038237094879,0,0.00473739393055439,0,0.010086115449666977,0.41439858078956604,0.13866528868675232,0.44693616032600403
CNN_GRU,1,42,298,S07_KDM,FACE_R2,99.4000015258789,18.157499313354492,15.640003204345703,13.4765625,0.18076278269290924,0,0.003700770204886794,0,0.010301084257662296,0.3848908245563507,0.34797361493110657,0.2671355605125427
CNN_GRU,1,42,299,S07_KDM,FACE_R2,104.4000015258789,17.259981155395508,20.753854751586914,14.501953125,0.3502814769744873,0,0.09175413846969604,0,0.38357648253440857,0.3768039345741272,0.46198299527168274,0.16121302545070648
CNN_GRU,1,42,300,S07_KDM,FACE_R2,109.4000015258789,16.249841690063477,22.328407287597656,16.845703125,0.07528296113014221,0,0.004589905496686697,0,0.01811780035495758,0.4405568242073059,0.34271132946014404,0.21673184633255005
CNN_GRU,1,42,301,S07_KDM,FACE_R2,114.4000015258789,15.965927124023438,16.31376075744629,14.6484375,0.3827763795852661,0,0.004633626900613308,0,0.00954489130526781,0.36013123393058777,0.16757535934448242,0.47229334712028503
CNN_GRU,1,42,302,S07_KDM,FACE_R2,119.4000015258789,14.672454833984375,14.756555557250977,15.8203125,0.09144087880849838,0,0.0010046393144875765,0,0.0030601494945585728,0.43390563130378723,0.3624808192253113,0.20361356437206268
CNN_GRU,1,42,303,S07_KDM,FACE_R3,151.3000030517578,11.140830993652344,14.037742614746094,12.158203125,0.3054468035697937,0,0.000821038382127881,0,0.0016263494035229087,0.1738937497138977,0.07962826639413834,0.7464780211448669
CNN_GRU,1,42,304,S07_KDM,FACE_R3,156.3000030517578,11.62000560760498,9.36700439453125,9.9609375,0.7342854142189026,0,0.00039673515129834414,0,0.0016278116963803768,0.7243454456329346,0.18516875803470612,0.09048579633235931
CNN_GRU,1,42,305,S07_KDM,FACE_R3,161.3000030517578,11.935462951660156,8.265052795410156,5.859375,0.22372666001319885,0,0.00023314829741138965,0,0.0009218169143423438,0.6057330369949341,0.1047891229391098,0.28947776556015015
CNN_GRU,1,42,306,S07_KDM,FACE_R3,166.3000030517578,10.627652168273926,11.203886985778809,9.814453125,0.4962824285030365,0,0.0009555811993777752,0,0.0032165301963686943,0.22624844312667847,0.056570686399936676,0.7171809077262878
CNN_GRU,1,42,307,S07_KDM,FACE_R3,171.3000030517578,9.38485050201416,17.484521865844727,19.482421875,0.6172870397567749,0,0.0031245604623109102,0,0.008699397556483746,0.27976804971694946,0.09688962996006012,0.6233423352241516
CNN_GRU,1,42,308,S07_KDM,FACE_R3,176.3000030517578,16.868268966674805,15.258391380310059,17.28515625,0.6422902941703796,0,0.003310911590233445,0,0.00805023591965437,0.4749671220779419,0.3834230303764343,0.14160987734794617
CNN_GRU,1,42,309,S07_KDM,FACE_R3,181.3000030517578,15.503989219665527,14.377979278564453,15.966796875,0.5197557806968689,0,0.001748926006257534,0,0.006880016997456551,0.39560237526893616,0.19334688782691956,0.4110507667064667
CNN_GRU,1,42,310,S07_KDM,FACE_R3,186.3000030517578,14.747862815856934,16.09804916381836,15.380859375,0.271536648273468,0,0.0014974060468375683,0,0.0044763353653252125,0.2649269700050354,0.4167223274707794,0.3183507025241852
CNN_GRU,1,42,311,S07_KDM,NORMAL,286.1889953613281,18.16877555847168,13.648366928100586,8.203125,0.046938344836235046,0,0.009655218571424484,0,0.0318429097533226,0.4440389573574066,0.11748587340116501,0.4384751617908478
CNN_GRU,1,42,312,S07_KDM,NORMAL,291.1889953613281,16.776187896728516,17.847740173339844,17.578125,0.8050698637962341,0,0.01085725799202919,0,0.03662796691060066,0.546750545501709,0.22633524239063263,0.22691413760185242
CNN_GRU,1,42,313,S07_KDM,NORMAL,296.1889953613281,15.292109489440918,19.446517944335938,16.40625,0.2788097858428955,0,0.1650673747062683,0,0.890173614025116,0.5224407315254211,0.31207275390625,0.16548648476600647
CNN_GRU,1,42,314,S07_KDM,NORMAL,301.1889953613281,15.912431716918945,19.07523536682129,11.71875,0.1869330257177353,0,0.0071533746086061,0,0.034931641072034836,0.45809853076934814,0.16661803424358368,0.3752833902835846
CNN_GRU,1,42,315,S07_KDM,NORMAL,306.1889953613281,15.639114379882812,18.167739868164062,16.69921875,0.18770301342010498,0,0.02081451192498207,0,0.12540693581104279,0.3823775351047516,0.42841729521751404,0.18920519948005676
CNN_GRU,1,42,316,S07_KDM,NORMAL,311.1889953613281,13.456710815429688,17.6331729888916,15.380859375,0.1588696986436844,0,0.0036655052099376917,0,0.02813473716378212,0.578839898109436,0.2859688997268677,0.1351912021636963
CNN_GRU,1,42,317,S07_KDM,NORMAL,316.1889953613281,12.544305801391602,16.398340225219727,20.21484375,0.45404934883117676,0,0.004210916813462973,0,0.03643489256501198,0.4578825533390045,0.43966174125671387,0.1024557426571846
CNN_GRU,1,42,318,S07_KDM,SLOW,346.1889953613281,6.106325626373291,11.530984878540039,12.744140625,0.07920756191015244,0,0.0004912135773338377,0,0.0015464834868907928,0.27687448263168335,0.525526225566864,0.19759927690029144
CNN_GRU,1,42,319,S07_KDM,SLOW,351.1889953613281,6.065321445465088,8.740652084350586,5.859375,0.592893123626709,0,0.00020811751892324537,0,0.0005872795591130853,0.6024066805839539,0.3190518021583557,0.07854151725769043
CNN_GRU,1,42,320,S07_KDM,SLOW,356.1889953613281,5.916553974151611,14.006640434265137,12.158203125,0.4563685655593872,0,0.0014928948367014527,0,0.007022341247648001,0.3173583149909973,0.5089179277420044,0.17372381687164307
CNN_GRU,1,42,321,S07_KDM,SLOW,361.1889953613281,6.0332136154174805,6.675436973571777,6.591796875,0.6082731485366821,0,0.00014792433648835868,0,0.0005503655411303043,0.3622788190841675,0.3178602457046509,0.31986093521118164
CNN_GRU,1,42,322,S07_KDM,SLOW,366.1889953613281,5.994546890258789,10.639095306396484,6.005859375,0.4846222698688507,0,0.0005465673166327178,0,0.001043656375259161,0.36363300681114197,0.5270389318466187,0.10932806879281998
CNN_GRU,1,42,323,S07_KDM,SLOW,371.1889953613281,5.899943828582764,11.929211616516113,12.451171875,0.03276655077934265,0,0.00045328919077292085,0,0.0011086377780884504,0.6989147067070007,0.20893023908138275,0.0921550840139389
CNN_GRU,1,42,324,S07_KDM,SLOW,376.1889953613281,5.837368965148926,15.51503849029541,17.431640625,0.0015403938014060259,0,0.0016309167258441448,0,0.019129376858472824,0.28392356634140015,0.1962403655052185,0.5198360085487366
CNN_GRU,1,42,325,S07_KDM,HOLD,403.1889953613281,,,,,0,0.020039958879351616,1,0.5125703811645508,0.1437503546476364,0.6164343953132629,0.23981526494026184
CNN_GRU,1,42,326,S07_KDM,HOLD,408.1889953613281,,,,,0,0.001544286496937275,1,0.05730787292122841,0.07264716923236847,0.07763808965682983,0.8497146964073181
CNN_GRU,1,42,327,S07_KDM,POST_HOLD,436.1889953613281,14.918277740478516,17.14890480041504,13.623046875,0.3706190884113312,0,0.003861268749460578,0,0.044058479368686676,0.15748097002506256,0.17690858244895935,0.6656104326248169
CNN_GRU,1,42,328,S07_KDM,POST_HOLD,441.1889953613281,13.306018829345703,15.197563171386719,14.0625,0.8151888847351074,0,0.00202009710483253,0,0.003952299244701862,0.14458517730236053,0.2573869228363037,0.5980278849601746
CNN_GRU,1,42,329,S07_KDM,POST_HOLD,446.1889953613281,11.785292625427246,11.86839771270752,13.037109375,0.7036604285240173,0,0.0005350423161871731,0,0.001061289687640965,0.24295176565647125,0.19280724227428436,0.5642409920692444
CNN_GRU,1,42,330,S07_KDM,POST_HOLD,451.1889953613281,11.524491310119629,10.43974494934082,11.42578125,0.924380362033844,0,0.000320072693284601,0,0.000732613611035049,0.11451062560081482,0.39061543345451355,0.49487394094467163
CNN_GRU,1,42,331,S07_KDM,POST_HOLD,456.1889953613281,11.07001781463623,13.452956199645996,11.279296875,0.2140122801065445,0,0.0013553358148783445,0,0.002786590252071619,0.36874300241470337,0.3591165840625763,0.27214041352272034
CNN_GRU,1,42,332,S07_KDM,POST_HOLD,461.1889953613281,10.523653984069824,15.17388916015625,9.814453125,0.0611039362847805,0,0.006312820594757795,0,0.07062298059463501,0.21398764848709106,0.48619070649147034,0.2998217046260834
CNN_GRU,1,42,333,S07_KDM,POST_HOLD,466.1889953613281,10.843036651611328,15.97849178314209,15.087890625,0.011076373979449272,0,0.00313968094997108,0,0.019931085407733917,0.4119201898574829,0.3619143068790436,0.2261655330657959
CNN_GRU,1,42,334,S07_KDM,SQUAT,511.1889953613281,,,,,1,0.9995168447494507,0,0.0008192600798793137,0.24227629601955414,0.4301990866661072,0.3275245130062103
CNN_GRU,1,42,335,S07_KDM,SQUAT,516.1890258789062,,,,,1,0.9397908449172974,0,0.3901349604129791,0.22241196036338806,0.6509345173835754,0.1266535222530365
CNN_GRU,1,42,336,S07_KDM,SQUAT,521.1890258789062,,,,,1,0.9615491032600403,0,0.3586576581001282,0.3700753152370453,0.1362626701593399,0.49366194009780884
CNN_GRU,1,42,337,S07_KDM,SQUAT,526.1890258789062,,,,,1,0.9855378270149231,0,0.09011687338352203,0.21005304157733917,0.30036380887031555,0.48958316445350647
CNN_GRU,1,42,338,S07_KDM,SQUAT,531.1890258789062,,,,,1,0.995108425617218,0,0.013117993250489235,0.4618845582008362,0.23509125411510468,0.30302420258522034
CNN_GRU,1,42,339,S07_KDM,SQUAT,536.1890258789062,,,,,1,0.9973897337913513,0,0.007536569144576788,0.46905767917633057,0.29359662532806396,0.23734569549560547
CNN_GRU,1,42,340,S07_KDM,SQUAT,541.1890258789062,,,,,1,0.9949552416801453,0,0.00998103991150856,0.4713394343852997,0.25645115971565247,0.2722093462944031
CNN_GRU,1,42,341,S07_KDM,POST_EXERCISE,586.1890258789062,19.097963333129883,22.62735366821289,19.775390625,0.06798867136240005,0,0.183868408203125,0,0.7663453221321106,0.4099797308444977,0.4259999096393585,0.1640203595161438
CNN_GRU,1,42,342,S07_KDM,POST_EXERCISE,591.1890258789062,21.787181854248047,26.111160278320312,22.705078125,0.05298105254769325,0,0.30921676754951477,0,0.9070553779602051,0.4450342059135437,0.26990196108818054,0.28506383299827576
CNN_GRU,1,42,343,S07_KDM,POST_EXERCISE,596.1890258789062,21.671579360961914,21.683944702148438,16.9921875,0.20043598115444183,0,0.028075316920876503,0,0.19374501705169678,0.3656651973724365,0.31865164637565613,0.3156832158565521
CNN_GRU,1,42,344,S07_KDM,POST_EXERCISE,601.1890258789062,22.008922576904297,21.602996826171875,22.705078125,0.6870539784431458,0,0.004354781936854124,0,0.020076455548405647,0.22148939967155457,0.4454207122325897,0.3330899178981781
CNN_GRU,1,42,345,S07_KDM,POST_EXERCISE,606.1890258789062,22.074813842773438,21.008852005004883,13.623046875,0.4311327040195465,0,0.012744162231683731,0,0.03476347774267197,0.2531149983406067,0.2819417417049408,0.4649432301521301
CNN_GRU,1,42,346,S07_KDM,POST_EXERCISE,611.1890258789062,21.934215545654297,17.97397232055664,16.9921875,0.11845102161169052,0,0.006775296293199062,0,0.014151102863252163,0.26160314679145813,0.44190457463264465,0.296492338180542
CNN_GRU,1,42,347,S07_KDM,POST_EXERCISE,616.1890258789062,22.906259536743164,22.17656707763672,16.552734375,0.7552201747894287,0,0.008006436750292778,0,0.0157505813986063,0.476838618516922,0.1015540212392807,0.4216073453426361
CNN_GRU,1,42,1158,S23_KDM,FACE_R1,29.916000366210938,14.881219863891602,17.979686737060547,16.845703125,0.38821396231651306,0,0.00231910333968699,0,0.00373608386144042,0.44965314865112305,0.3953695595264435,0.15497729182243347
CNN_GRU,1,42,1159,S23_KDM,FACE_R1,34.91600036621094,15.79508113861084,16.700340270996094,15.52734375,0.12229248881340027,0,0.0032896301709115505,0,0.0049578044563531876,0.43612146377563477,0.41225236654281616,0.1516261249780655
CNN_GRU,1,42,1160,S23_KDM,FACE_R1,39.91600036621094,16.344478607177734,16.425535202026367,15.966796875,0.8170144557952881,0,0.0015425574965775013,0,0.002432585461065173,0.6558054685592651,0.20549213886260986,0.13870231807231903
CNN_GRU,1,42,1161,S23_KDM,FACE_R1,44.91600036621094,15.675403594970703,16.565202713012695,14.208984375,0.43261805176734924,0,0.0013742861337959766,0,0.002761014038696885,0.4511653780937195,0.1909233033657074,0.35791128873825073
CNN_GRU,1,42,1162,S23_KDM,FACE_R1,49.91600036621094,15.751214981079102,16.146099090576172,16.552734375,0.8563387989997864,0,0.0006392191280610859,0,0.0013075610622763634,0.5604123473167419,0.22699634730815887,0.2125912606716156
CNN_GRU,1,42,1163,S23_KDM,FACE_R2,82.5,12.794060707092285,13.812507629394531,13.916015625,0.6908405423164368,0,0.0012895487016066909,0,0.0029028209391981363,0.3926418721675873,0.20130713284015656,0.4060509502887726
CNN_GRU,1,42,1164,S23_KDM,FACE_R2,87.5,12.579923629760742,10.55819320678711,9.521484375,0.24470266699790955,0,0.0006417774711735547,0,0.002123245969414711,0.5229928493499756,0.2731046676635742,0.2039024531841278
CNN_GRU,1,42,1165,S23_KDM,FACE_R2,92.5,12.863059043884277,18.67038345336914,12.744140625,0.04192502051591873,0,0.00629491126164794,0,0.14117568731307983,0.5300484895706177,0.20880135893821716,0.2611501216888428
CNN_GRU,1,42,1166,S23_KDM,FACE_R2,97.5,12.73784065246582,10.897988319396973,10.83984375,0.17558637261390686,0,0.0006605746457353234,0,0.0031793464440852404,0.5109385848045349,0.1737341433763504,0.3153272569179535
CNN_GRU,1,42,1167,S23_KDM,FACE_R2,102.5,12.4587984085083,17.769325256347656,16.11328125,0.22060918807983398,0,0.0020926492288708687,0,0.0075919353403151035,0.2618853747844696,0.3645520508289337,0.3735625445842743
CNN_GRU,1,42,1168,S23_KDM,FACE_R2,107.5,10.93991756439209,10.438558578491211,10.83984375,0.26878878474235535,0,0.0004193431814201176,0,0.000907783629372716,0.34360337257385254,0.4554521143436432,0.20094448328018188
CNN_GRU,1,42,1169,S23_KDM,FACE_R2,112.5,10.457398414611816,12.282256126403809,12.158203125,0.31799134612083435,0,0.0008729553665034473,0,0.0018737467471510172,0.26145613193511963,0.46349552273750305,0.27504831552505493
CNN_GRU,1,42,1170,S23_KDM,FACE_R3,144.6999969482422,11.643091201782227,9.963531494140625,11.279296875,0.8122494220733643,0,0.0003807848261203617,0,0.0015572721604257822,0.3897126317024231,0.2896347641944885,0.32065263390541077
CNN_GRU,1,42,1171,S23_KDM,FACE_R3,149.6999969482422,10.834474563598633,16.61616325378418,13.76953125,0.06821750849485397,0,0.006646563299000263,0,0.07003872841596603,0.32692959904670715,0.4980454742908478,0.1750248223543167
CNN_GRU,1,42,1172,S23_KDM,FACE_R3,154.6999969482422,10.714127540588379,12.75420093536377,10.400390625,0.8386594653129578,0,0.001830406952649355,0,0.008016891777515411,0.08390401303768158,0.2331993132829666,0.6828966736793518
CNN_GRU,1,42,1173,S23_KDM,FACE_R3,159.6999969482422,9.990365982055664,22.911540985107422,17.138671875,0.2067125141620636,0,0.38454458117485046,0,0.9871073365211487,0.35777565836906433,0.3508942425251007,0.29133009910583496
CNN_GRU,1,42,1174,S23_KDM,FACE_R3,164.6999969482422,10.26233196258545,10.421881675720215,8.7890625,0.12696728110313416,0,0.00028951949207112193,0,0.0013786007184535265,0.26564672589302063,0.5290600061416626,0.20529325306415558
CNN_GRU,1,42,1175,S23_KDM,FACE_R3,169.6999969482422,10.88874626159668,11.9129638671875,11.865234375,0.7848502397537231,0,0.0005847061984241009,0,0.001609167200513184,0.10839278995990753,0.07316518574953079,0.8184419870376587
CNN_GRU,1,42,1176,S23_KDM,FACE_R3,174.6999969482422,11.757439613342285,13.535683631896973,11.572265625,0.4506745934486389,0,0.0017674992559477687,0,0.019736474379897118,0.3781248927116394,0.3745226263999939,0.2473524510860443
CNN_GRU,1,42,1177,S23_KDM,FACE_R3,179.6999969482422,11.8009672164917,19.895627975463867,11.865234375,0.4612117111682892,0,0.027400434017181396,0,0.7087380290031433,0.36544686555862427,0.3106434941291809,0.32390961050987244
CNN_GRU,1,42,1178,S23_KDM,FACE_R3,184.6999969482422,10.985044479370117,20.16695785522461,14.794921875,0.363193541765213,0,0.17857252061367035,0,0.9400365352630615,0.45927825570106506,0.2681921422481537,0.27252957224845886
CNN_GRU,1,42,1179,S23_KDM,NORMAL,241.60800170898438,15.021860122680664,22.58684730529785,16.69921875,0.10219957679510117,0,0.0661657527089119,0,0.3125475347042084,0.35045695304870605,0.49499133229255676,0.15455178916454315
CNN_GRU,1,42,1180,S23_KDM,NORMAL,246.60800170898438,13.96950626373291,14.024426460266113,14.94140625,0.43283984065055847,0,0.0038613309152424335,0,0.019783539697527885,0.5307150483131409,0.1089870035648346,0.3602980375289917
CNN_GRU,1,42,1181,S23_KDM,NORMAL,251.60800170898438,13.196724891662598,13.524243354797363,13.037109375,0.12310951203107834,0,0.0016563311219215393,0,0.004306642804294825,0.5189482569694519,0.15216326713562012,0.328888475894928
CNN_GRU,1,42,1182,S23_KDM,NORMAL,256.6080017089844,13.552104949951172,16.07722282409668,15.087890625,0.5364105701446533,0,0.0032794398721307516,0,0.004913743119686842,0.14546240866184235,0.30585289001464844,0.5486846566200256
CNN_GRU,1,42,1183,S23_KDM,NORMAL,261.6080017089844,14.39883041381836,17.337331771850586,15.087890625,0.09707050025463104,0,0.0015250471187755466,0,0.002405802719295025,0.24355821311473846,0.24562175571918488,0.5108200311660767
CNN_GRU,1,42,1184,S23_KDM,NORMAL,266.6080017089844,14.83925724029541,16.12453269958496,12.01171875,0.44464054703712463,0,0.017239892855286598,0,0.19394274055957794,0.29583948850631714,0.20961780846118927,0.4945427477359772
CNN_GRU,1,42,1185,S23_KDM,NORMAL,271.6080017089844,16.682527542114258,16.6644229888916,15.234375,0.30094075202941895,0,0.005414467304944992,0,0.016223063692450523,0.33941924571990967,0.4957156777381897,0.16486501693725586
CNN_GRU,1,42,1186,S23_KDM,SLOW,301.6080017089844,6.23196268081665,8.249354362487793,12.3046875,0.007167949806898832,0,0.00020222755847498775,0,0.0006041419692337513,0.28850534558296204,0.18662011623382568,0.5248745679855347
CNN_GRU,1,42,1187,S23_KDM,SLOW,306.6080017089844,6.079474449157715,9.161924362182617,6.591796875,0.05810850113630295,0,0.000403690297389403,0,0.001378504210151732,0.21049417555332184,0.6103565692901611,0.1791492998600006
CNN_GRU,1,42,1188,S23_KDM,SLOW,311.6080017089844,6.174802303314209,7.69323205947876,6.298828125,0.6684333682060242,0,0.0004674104566220194,0,0.0018187584355473518,0.5406062006950378,0.3025577962398529,0.15683600306510925
CNN_GRU,1,42,1189,S23_KDM,SLOW,316.6080017089844,6.396148681640625,8.675540924072266,12.451171875,0.593274712562561,0,0.0002117389376508072,0,0.0004430346889421344,0.5076555013656616,0.11601864546537399,0.3763258159160614
CNN_GRU,1,42,1190,S23_KDM,SLOW,321.6080017089844,6.361993312835693,8.575868606567383,11.42578125,0.6819000244140625,0,0.00024850430781953037,0,0.0007987146964296699,0.3809713125228882,0.17591826617717743,0.44311049580574036
CNN_GRU,1,42,1191,S23_KDM,SLOW,326.6080017089844,5.971334457397461,12.530895233154297,10.546875,0.16751189529895782,0,0.0006561601767316461,0,0.0011312250280752778,0.5307964086532593,0.18275505304336548,0.28644856810569763
CNN_GRU,1,42,1192,S23_KDM,SLOW,331.6080017089844,6.017910957336426,10.298799514770508,12.3046875,0.1284877508878708,0,0.00031451170798391104,0,0.0025396430864930153,0.05913325399160385,0.5813496708869934,0.35951700806617737
CNN_GRU,1,42,1193,S23_KDM,HOLD,358.6080017089844,,,,,0,0.02246321365237236,1,0.2988223135471344,0.5177159309387207,0.2097856104373932,0.2724984288215637
CNN_GRU,1,42,1194,S23_KDM,HOLD,363.6080017089844,,,,,0,0.008501305244863033,1,0.1118234172463417,0.3617526590824127,0.3669285476207733,0.27131885290145874
CNN_GRU,1,42,1195,S23_KDM,POST_HOLD,391.6080017089844,11.829782485961914,15.271576881408691,13.18359375,0.5170093774795532,0,0.0016142596723511815,0,0.011384988203644753,0.31285911798477173,0.2808551788330078,0.40628570318222046
CNN_GRU,1,42,1196,S23_KDM,POST_HOLD,396.6080017089844,13.671072959899902,22.16867446899414,14.794921875,0.18992337584495544,0,0.1260506510734558,0,0.6713626980781555,0.39124396443367004,0.31973710656166077,0.2890188694000244
CNN_GRU,1,42,1197,S23_KDM,POST_HOLD,401.6080017089844,16.01715850830078,16.9464111328125,14.794921875,0.6473736763000488,0,0.00846458412706852,0,0.021780597046017647,0.3498905301094055,0.31223708391189575,0.33787238597869873
CNN_GRU,1,42,1198,S23_KDM,POST_HOLD,406.6080017089844,15.61397933959961,15.426525115966797,12.3046875,0.10621284693479538,0,0.0034712827764451504,0,0.008478743024170399,0.5175837278366089,0.36619067192077637,0.11622561514377594
CNN_GRU,1,42,1199,S23_KDM,POST_HOLD,411.6080017089844,14.127936363220215,17.29729652404785,10.107421875,0.08038824051618576,0,0.010364883579313755,0,0.2938442826271057,0.5362617373466492,0.14214424788951874,0.3215940594673157
CNN_GRU,1,42,1200,S23_KDM,POST_HOLD,416.6080017089844,11.941170692443848,17.36185646057129,20.654296875,0.2030746340751648,0,0.0053564272820949554,0,0.022565336897969246,0.18318089842796326,0.47604987025260925,0.3407691717147827
CNN_GRU,1,42,1201,S23_KDM,POST_HOLD,421.6080017089844,10.301515579223633,19.75889015197754,13.18359375,0.220377117395401,0,0.02598382718861103,0,0.5068986415863037,0.4422938823699951,0.44919630885124207,0.10850976407527924
CNN_GRU,1,42,1202,S23_KDM,SQUAT,466.6080017089844,,,,,1,0.9993200302124023,0,0.0007790998788550496,0.27708128094673157,0.5254807472229004,0.19743794202804565
CNN_GRU,1,42,1203,S23_KDM,SQUAT,471.6080017089844,,,,,1,0.9994625449180603,0,0.0005880376556888223,0.36873024702072144,0.3877067565917969,0.24356290698051453
CNN_GRU,1,42,1204,S23_KDM,SQUAT,476.6080017089844,,,,,1,0.9994651675224304,0,0.0007877102470956743,0.33643898367881775,0.3051922023296356,0.35836881399154663
CNN_GRU,1,42,1205,S23_KDM,SQUAT,481.6080017089844,,,,,1,0.99962317943573,0,0.0005162899615243077,0.2998369634151459,0.4130987823009491,0.28706422448158264
CNN_GRU,1,42,1206,S23_KDM,SQUAT,486.6080017089844,,,,,1,0.9993160963058472,0,0.0012997721787542105,0.2033735066652298,0.4755137264728546,0.3211127817630768
CNN_GRU,1,42,1207,S23_KDM,SQUAT,491.6080017089844,,,,,1,0.9985798597335815,0,0.0031240510288625956,0.5866245031356812,0.2316945642232895,0.18168093264102936
CNN_GRU,1,42,1208,S23_KDM,SQUAT,496.6080017089844,,,,,1,0.9990704655647278,0,0.0017610210925340652,0.22071461379528046,0.41762277483940125,0.3616625964641571
CNN_GRU,1,42,1209,S23_KDM,POST_EXERCISE,541.6079711914062,39.56249237060547,22.927492141723633,17.28515625,0.10418321937322617,0,0.9333877563476562,0,0.45177894830703735,0.3629101514816284,0.4726622998714447,0.1644275188446045
CNN_GRU,1,42,1210,S23_KDM,POST_EXERCISE,546.6079711914062,39.94282913208008,26.222747802734375,22.119140625,0.022463450208306313,0,0.5232685208320618,0,0.8970697522163391,0.19723352789878845,0.5916245579719543,0.211141899228096
CNN_GRU,1,42,1211,S23_KDM,POST_EXERCISE,551.6079711914062,40.70159149169922,21.74264144897461,18.45703125,0.01809663698077202,0,0.993728518486023,0,0.0317302942276001,0.27816876769065857,0.4203040897846222,0.30152714252471924
CNN_GRU,1,42,1212,S23_KDM,POST_EXERCISE,556.6079711914062,41.19873046875,27.548002243041992,39.697265625,0.21037140488624573,0,0.9535177946090698,0,0.11409399658441544,0.22410601377487183,0.5669022798538208,0.20899175107479095
CNN_GRU,1,42,1213,S23_KDM,POST_EXERCISE,561.6079711914062,40.46358108520508,24.670082092285156,20.654296875,0.10824503004550934,0,0.0596611388027668,0,0.2596258819103241,0.26330697536468506,0.23435258865356445,0.5023404359817505
CNN_GRU,1,42,1214,S23_KDM,POST_EXERCISE,566.6079711914062,39.55258560180664,23.338199615478516,25.927734375,0.004402007907629013,0,0.9776632785797119,0,0.060839906334877014,0.2615424394607544,0.41210702061653137,0.32635051012039185
CNN_GRU,1,42,1215,S23_KDM,POST_EXERCISE,571.6079711914062,37.67329788208008,23.500633239746094,11.865234375,0.13255298137664795,0,0.9325197339057922,0,0.5127580165863037,0.4409405291080475,0.2994782328605652,0.25958114862442017
CNN_GRU,1,42,1333,S27_HDH,FACE_R1,17.25,19.942113876342773,22.459022521972656,15.087890625,0.059995137155056,0,0.21161922812461853,0,0.9708219170570374,0.4615136981010437,0.27791428565979004,0.2605719566345215
CNN_GRU,1,42,1334,S27_HDH,FACE_R1,22.25,16.829940795898438,13.2561616897583,10.693359375,0.04305967316031456,0,0.0009485160117037594,0,0.0035953358747065067,0.652490496635437,0.17538058757781982,0.17212887108325958
CNN_GRU,1,42,1335,S27_HDH,FACE_R1,27.25,18.848583221435547,19.563493728637695,16.11328125,0.11485444754362106,0,0.04864916205406189,0,0.23195242881774902,0.3871576189994812,0.2051432579755783,0.4076991081237793
CNN_GRU,1,42,1336,S27_HDH,FACE_R1,32.25,19.922672271728516,21.459571838378906,18.603515625,0.37726056575775146,0,0.05163310468196869,0,0.150137260556221,0.24653518199920654,0.5869176387786865,0.16654717922210693
CNN_GRU,1,42,1337,S27_HDH,FACE_R1,37.25,19.914377212524414,13.222042083740234,10.400390625,0.2199752926826477,0,0.0011841480154544115,0,0.0040544671937823296,0.3989371955394745,0.35792797803878784,0.24313481152057648
CNN_GRU,1,42,1338,S27_HDH,FACE_R1,42.25,19.10402488708496,15.484798431396484,4.248046875,0.444697767496109,0,0.002892280463129282,0,0.016967937350273132,0.34819164872169495,0.3865860104560852,0.26522234082221985
CNN_GRU,1,42,1339,S27_HDH,FACE_R1,47.25,18.93134117126465,16.694232940673828,19.482421875,0.3998320698738098,0,0.00155571976210922,0,0.005117429886013269,0.5511534810066223,0.2954216003417969,0.15342490375041962
CNN_GRU,1,42,1340,S27_HDH,FACE_R2,81.0,17.116962432861328,18.04863929748535,17.87109375,0.520534873008728,0,0.0012864653253927827,0,0.0033121879678219557,0.6334812641143799,0.08858004212379456,0.2779386341571808
CNN_GRU,1,42,1341,S27_HDH,FACE_R2,86.0,18.086719512939453,22.595989227294922,16.552734375,0.19014094769954681,0,0.05029245838522911,0,0.15353910624980927,0.5441039800643921,0.27631279826164246,0.17958326637744904
CNN_GRU,1,42,1342,S27_HDH,FACE_R2,91.0,19.38068389892578,15.765063285827637,16.40625,0.16749608516693115,0,0.0018097562715411186,0,0.03410450369119644,0.34119465947151184,0.313407838344574,0.3453975021839142
CNN_GRU,1,42,1343,S27_HDH,FACE_R2,96.0,19.31313705444336,19.012269973754883,20.068359375,0.2033630907535553,0,0.0055945334024727345,0,0.01389172114431858,0.5343192219734192,0.2793620228767395,0.18631869554519653
CNN_GRU,1,42,1344,S27_HDH,FACE_R2,101.0,19.77394676208496,17.790815353393555,18.75,0.2188062071800232,0,0.003977720160037279,0,0.008647508919239044,0.6126478910446167,0.19326773285865784,0.19408434629440308
CNN_GRU,1,42,1345,S27_HDH,FACE_R2,106.0,19.9125919342041,15.784906387329102,15.087890625,0.07073494791984558,0,0.018400002270936966,0,0.14212705194950104,0.29858827590942383,0.10455716401338577,0.596854567527771
CNN_GRU,1,42,1346,S27_HDH,FACE_R2,111.0,19.779905319213867,20.469335556030273,15.087890625,0.1303381472826004,0,0.012464317493140697,0,0.1386822611093521,0.422412246465683,0.3405643701553345,0.23702333867549896
CNN_GRU,1,42,1347,S27_HDH,FACE_R3,143.0,16.50450325012207,12.633807182312012,6.298828125,0.03941165283322334,0,0.0010883917566388845,0,0.0037847221828997135,0.20701153576374054,0.4437742233276367,0.3492142856121063
CNN_GRU,1,42,1348,S27_HDH,FACE_R3,148.0,13.164850234985352,13.988510131835938,14.35546875,0.10875306278467178,0,0.0014525101287290454,0,0.0029925827402621508,0.2803674638271332,0.28990358114242554,0.42972898483276367
CNN_GRU,1,42,1349,S27_HDH,FACE_R3,153.0,14.186861038208008,13.265633583068848,6.73828125,0.2751191258430481,0,0.0032734584528952837,0,0.11194384843111038,0.5332092046737671,0.14959663152694702,0.31719425320625305
CNN_GRU,1,42,1350,S27_HDH,FACE_R3,158.0,14.193592071533203,14.830387115478516,15.673828125,0.2275044023990631,0,0.002924577100202441,0,0.009110257029533386,0.3368154764175415,0.3704445958137512,0.29273998737335205
CNN_GRU,1,42,1351,S27_HDH,FACE_R3,163.0,16.46540069580078,16.58980369567871,14.794921875,0.1334395557641983,0,0.002614677418023348,0,0.006282127927988768,0.6163501143455505,0.16534310579299927,0.21830672025680542
CNN_GRU,1,42,1352,S27_HDH,FACE_R3,168.0,18.099172592163086,11.677881240844727,12.3046875,0.22104857861995697,0,0.0006463794852606952,0,0.002246044808998704,0.3585514724254608,0.3105601370334625,0.33088839054107666
CNN_GRU,1,42,1353,S27_HDH,FACE_R3,173.0,19.036766052246094,18.715866088867188,18.017578125,0.4202037751674652,0,0.004489629063755274,0,0.02375037409365177,0.2834209203720093,0.1643424928188324,0.5522366166114807
CNN_GRU,1,42,1354,S27_HDH,NORMAL,234.0,15.53184986114502,19.007843017578125,15.087890625,0.061037227511405945,0,0.005309056490659714,0,0.022306611761450768,0.24357722699642181,0.2627622187137604,0.493660569190979
CNN_GRU,1,42,1355,S27_HDH,NORMAL,239.0,17.36397933959961,11.607959747314453,13.76953125,0.028529586270451546,0,0.0016718426486477256,0,0.006748638115823269,0.2302677184343338,0.2498876303434372,0.5198447108268738
CNN_GRU,1,42,1356,S27_HDH,NORMAL,244.0,18.673341751098633,11.582371711730957,7.03125,0.020538238808512688,0,0.0004447445971891284,0,0.0009976060828194022,0.5040615200996399,0.1709122210741043,0.3250262141227722
CNN_GRU,1,42,1357,S27_HDH,NORMAL,249.0,22.534639358520508,14.938310623168945,19.3359375,0.030182581394910812,0,0.0004886874230578542,0,0.0017947553424164653,0.5488216876983643,0.09518413990736008,0.35599416494369507
CNN_GRU,1,42,1358,S27_HDH,NORMAL,254.0,22.058120727539062,15.406315803527832,11.279296875,0.3998951017856598,0,0.0022210567258298397,0,0.014836464077234268,0.4155392348766327,0.3099975883960724,0.2744631767272949
CNN_GRU,1,42,1359,S27_HDH,NORMAL,259.0,21.8176212310791,17.450284957885742,12.744140625,0.0856083557009697,0,0.005777087993919849,0,0.019254745915532112,0.28675299882888794,0.3067846894264221,0.40646234154701233
CNN_GRU,1,42,1360,S27_HDH,NORMAL,264.0,22.107240676879883,22.874006271362305,8.349609375,0.16604912281036377,0,0.11627447605133057,0,0.48346567153930664,0.5414842367172241,0.16725096106529236,0.29126474261283875
CNN_GRU,1,42,1361,S27_HDH,SLOW,294.0,6.100888729095459,15.762029647827148,16.40625,0.10716480016708374,0,0.0024496533442288637,0,0.010239976458251476,0.3682457208633423,0.42766186594963074,0.2040923833847046
CNN_GRU,1,42,1362,S27_HDH,SLOW,299.0,5.943435192108154,14.15548038482666,13.76953125,0.05362653732299805,0,0.0010795389534905553,0,0.013864092528820038,0.5942837595939636,0.08825138211250305,0.31746479868888855
CNN_GRU,1,42,1363,S27_HDH,SLOW,304.0,6.064233779907227,7.916980743408203,12.01171875,0.4324917197227478,0,0.00014893118350300938,0,0.0005445196875371039,0.4627251923084259,0.26953601837158203,0.26773878931999207
CNN_GRU,1,42,1364,S27_HDH,SLOW,309.0,5.997296333312988,13.397418975830078,12.59765625,0.23727117478847504,0,0.0009453163365833461,0,0.0036388314329087734,0.5171756744384766,0.21894697844982147,0.26387733221054077
CNN_GRU,1,42,1365,S27_HDH,SLOW,314.0,6.077063083648682,12.454203605651855,8.056640625,0.11022653430700302,0,0.0007649132166989148,0,0.004842125345021486,0.18046605587005615,0.398798406124115,0.42073559761047363
CNN_GRU,1,42,1366,S27_HDH,SLOW,319.0,5.948195457458496,11.812918663024902,7.177734375,0.019386310130357742,0,0.0005069288890808821,0,0.002114898292347789,0.3259687125682831,0.26515257358551025,0.40887871384620667
CNN_GRU,1,42,1367,S27_HDH,SLOW,324.0,6.088217735290527,9.34095573425293,12.3046875,0.3581429719924927,0,0.0002940622507594526,0,0.0006062429747544229,0.12271948903799057,0.36121049523353577,0.5160700082778931
CNN_GRU,1,42,1368,S27_HDH,HOLD,351.0,,,,,0,0.10283343493938446,1,0.7342163324356079,0.23396286368370056,0.5590301156044006,0.20700703561306
CNN_GRU,1,42,1369,S27_HDH,HOLD,356.0,,,,,0,0.007222209125757217,1,0.08823614567518234,0.3940961956977844,0.11452911049127579,0.4913747310638428
CNN_GRU,1,42,1370,S27_HDH,POST_HOLD,384.0,20.496896743774414,17.533262252807617,19.3359375,0.32159462571144104,0,0.0038147023878991604,0,0.006580071058124304,0.36242473125457764,0.5056095719337463,0.13196568191051483
CNN_GRU,1,42,1371,S27_HDH,POST_HOLD,389.0,19.553503036499023,18.34878921508789,13.623046875,0.3970606327056885,0,0.008837851695716381,0,0.017979145050048828,0.3556694984436035,0.20082321763038635,0.4435073137283325
CNN_GRU,1,42,1372,S27_HDH,POST_HOLD,394.0,20.89385414123535,15.073760986328125,16.259765625,0.1484261304140091,0,0.0032231430523097515,0,0.023256152868270874,0.22711481153964996,0.2738015949726105,0.4990835189819336
CNN_GRU,1,42,1373,S27_HDH,POST_HOLD,399.0,23.187292098999023,19.966384887695312,20.068359375,0.1147313043475151,0,0.027415385469794273,0,0.11365711688995361,0.49497491121292114,0.25511011481285095,0.24991494417190552
CNN_GRU,1,42,1374,S27_HDH,POST_HOLD,404.0,25.905942916870117,13.115555763244629,10.986328125,0.08161851763725281,0,0.0010949267307296395,0,0.004208849743008614,0.41114282608032227,0.3135504722595215,0.27530670166015625
CNN_GRU,1,42,1375,S27_HDH,POST_HOLD,409.0,28.504066467285156,14.631950378417969,10.693359375,0.3881337642669678,0,0.0024991801474243402,0,0.004979658406227827,0.3046497404575348,0.48119816184043884,0.21415208280086517
CNN_GRU,1,42,1376,S27_HDH,POST_HOLD,414.0,21.103755950927734,19.493377685546875,19.775390625,0.34977662563323975,0,0.002523521427065134,0,0.008762502111494541,0.6122272610664368,0.1597062051296234,0.2280665934085846
CNN_GRU,1,42,1377,S27_HDH,SQUAT,459.0,,,,,1,0.9979603290557861,0,0.007039255928248167,0.4158288538455963,0.26518550515174866,0.31898564100265503
CNN_GRU,1,42,1378,S27_HDH,SQUAT,464.0,,,,,1,0.997572124004364,0,0.006466549821197987,0.38619372248649597,0.20413781702518463,0.409668505191803
CNN_GRU,1,42,1379,S27_HDH,SQUAT,469.0,,,,,1,0.9991611242294312,0,0.002073257230222225,0.46679097414016724,0.22133514285087585,0.3118739128112793
CNN_GRU,1,42,1380,S27_HDH,SQUAT,474.0,,,,,1,0.999524712562561,0,0.0005852877511642873,0.36608901619911194,0.3710697591304779,0.26284128427505493
CNN_GRU,1,42,1381,S27_HDH,SQUAT,479.0,,,,,1,0.9994675517082214,0,0.0004950144793838263,0.41240328550338745,0.24063919484615326,0.3469575047492981
CNN_GRU,1,42,1382,S27_HDH,SQUAT,484.0,,,,,1,0.9994718432426453,0,0.000755543471314013,0.3631376028060913,0.4504823684692383,0.1863800287246704
CNN_GRU,1,42,1383,S27_HDH,SQUAT,489.0,,,,,1,0.999110758304596,0,0.002012834884226322,0.42644551396369934,0.3544411361217499,0.21911336481571198
CNN_GRU,1,42,1384,S27_HDH,POST_EXERCISE,534.0,6.341900825500488,18.648277282714844,26.513671875,0.3131225109100342,0,0.9973137974739075,0,0.009886779822409153,0.46362248063087463,0.2705191671848297,0.26585835218429565
CNN_GRU,1,42,1385,S27_HDH,POST_EXERCISE,539.0,5.734862804412842,25.206310272216797,8.7890625,0.07207636535167694,0,0.8342403769493103,0,0.6919147968292236,0.7599486708641052,0.1203395202755928,0.11971185356378555
CNN_GRU,1,42,1386,S27_HDH,POST_EXERCISE,544.0,8.58456802368164,21.01788902282715,22.705078125,0.348724365234375,0,0.981875479221344,0,0.07484488189220428,0.4027751684188843,0.284898966550827,0.3123258948326111
CNN_GRU,1,42,1387,S27_HDH,POST_EXERCISE,549.0,9.344420433044434,23.756763458251953,4.98046875,0.4478251338005066,0,0.7183000445365906,0,0.9067345261573792,0.48504799604415894,0.20870725810527802,0.30624479055404663
CNN_GRU,1,42,1388,S27_HDH,POST_EXERCISE,554.0,10.0616455078125,23.887413024902344,23.73046875,0.03648701682686806,0,0.9605485796928406,0,0.3030431270599365,0.25824174284935,0.3999604880809784,0.3417978286743164
CNN_GRU,1,42,1389,S27_HDH,POST_EXERCISE,559.0,9.485494613647461,24.471834182739258,8.642578125,0.2470574975013733,0,0.9645734429359436,0,0.24099062383174896,0.07012958079576492,0.28574275970458984,0.644127607345581
CNN_GRU,1,42,1390,S27_HDH,POST_EXERCISE,564.0,8.809793472290039,18.70138168334961,9.228515625,0.16179877519607544,0,0.9973047971725464,0,0.009016619063913822,0.3118859827518463,0.3981565833091736,0.2899574339389801
CNN_GRU,1,42,1449,S29_LHS,FACE_R1,28.804000854492188,15.013948440551758,18.68579864501953,16.40625,0.20565839111804962,0,0.024958791211247444,0,0.1799275279045105,0.2812874913215637,0.3409847319126129,0.377727746963501
CNN_GRU,1,42,1450,S29_LHS,FACE_R1,33.80400085449219,14.367502212524414,11.891866683959961,8.349609375,0.05060209333896637,0,0.0014536820817738771,0,0.004996136296540499,0.14855913817882538,0.5920453667640686,0.25939542055130005
CNN_GRU,1,42,1451,S29_LHS,FACE_R1,38.80400085449219,14.211820602416992,15.37935733795166,14.35546875,0.8029270172119141,0,0.001392610021866858,0,0.0021516699343919754,0.6866929531097412,0.09338989853858948,0.2199171632528305
CNN_GRU,1,42,1452,S29_LHS,FACE_R1,43.80400085449219,14.394306182861328,11.094157218933105,13.4765625,0.08778581023216248,0,0.0002879473613575101,0,0.0009358837269246578,0.31819480657577515,0.5036161541938782,0.17818908393383026
CNN_GRU,1,42,1453,S29_LHS,FACE_R1,48.80400085449219,14.321687698364258,16.621721267700195,14.501953125,0.7920343279838562,0,0.00839986838400364,0,0.016411134973168373,0.307527631521225,0.41161903738975525,0.28085339069366455
CNN_GRU,1,42,1454,S29_LHS,FACE_R1,53.80400085449219,14.534236907958984,18.36798667907715,14.208984375,0.4871658980846405,0,0.00495634600520134,0,0.013554120436310768,0.08857517689466476,0.5967457294464111,0.3146791160106659
CNN_GRU,1,42,1455,S29_LHS,FACE_R2,88.80000305175781,13.933293342590332,14.112144470214844,14.208984375,0.8205603957176208,0,0.0007398503366857767,0,0.0011006963904947042,0.15914689004421234,0.4314805269241333,0.40937256813049316
CNN_GRU,1,42,1456,S29_LHS,FACE_R2,93.80000305175781,14.029947280883789,21.11016845703125,16.40625,0.5162282586097717,0,0.05290849879384041,0,0.4432946443557739,0.3795594274997711,0.25235116481781006,0.36808937788009644
CNN_GRU,1,42,1457,S29_LHS,FACE_R2,98.80000305175781,14.262389183044434,15.135274887084961,13.623046875,0.7703359723091125,0,0.0012906478950753808,0,0.0032041885424405336,0.15822474658489227,0.5721029043197632,0.26967236399650574
CNN_GRU,1,42,1458,S29_LHS,FACE_R2,103.80000305175781,14.193808555603027,15.256363868713379,14.208984375,0.5251784324645996,0,0.0029692037496715784,0,0.006413865368813276,0.14264553785324097,0.6014233231544495,0.2559310793876648
CNN_GRU,1,42,1459,S29_LHS,FACE_R2,108.80000305175781,14.00449275970459,13.489218711853027,13.76953125,0.411897212266922,0,0.0013159184018149972,0,0.002930201357230544,0.13098827004432678,0.23689919710159302,0.6321125626564026
CNN_GRU,1,42,1460,S29_LHS,FACE_R2,113.80000305175781,14.331029891967773,14.097535133361816,13.76953125,0.71661776304245,0,0.0008734159055165946,0,0.0012639854103326797,0.1485428363084793,0.40682336688041687,0.44463375210762024
CNN_GRU,1,42,1461,S29_LHS,FACE_R2,118.80000305175781,15.664525032043457,16.070341110229492,12.451171875,0.40067145228385925,0,0.0031921446789056063,0,0.011980775743722916,0.385813444852829,0.3426668643951416,0.2715197503566742
CNN_GRU,1,42,1462,S29_LHS,FACE_R3,150.89999389648438,15.285313606262207,15.102764129638672,14.0625,0.04645201563835144,0,0.0032508778385818005,0,0.014828833751380444,0.42962566018104553,0.2645520567893982,0.3058221936225891
CNN_GRU,1,42,1463,S29_LHS,FACE_R3,155.89999389648438,15.40030574798584,21.940631866455078,16.259765625,0.4335975646972656,0,0.08113036304712296,0,0.8495934009552002,0.44903674721717834,0.16414004564285278,0.38682326674461365
CNN_GRU,1,42,1464,S29_LHS,FACE_R3,160.89999389648438,14.245471954345703,15.825826644897461,14.94140625,0.17641408741474152,0,0.004292334895581007,0,0.006840680260211229,0.16916796565055847,0.39249661564826965,0.43833544850349426
CNN_GRU,1,42,1465,S29_LHS,FACE_R3,165.89999389648438,14.051618576049805,16.638986587524414,15.380859375,0.6979364156723022,0,0.0018801373662427068,0,0.006252137478441,0.47486624121665955,0.12936294078826904,0.3957708477973938
CNN_GRU,1,42,1466,S29_LHS,FACE_R3,170.89999389648438,15.003582000732422,21.032520294189453,13.916015625,0.0390702486038208,0,0.0895443856716156,0,0.4298219382762909,0.5769753456115723,0.13540801405906677,0.2876167297363281
CNN_GRU,1,42,1467,S29_LHS,FACE_R3,175.89999389648438,14.060160636901855,16.98443031311035,14.94140625,0.367405503988266,0,0.0027459370903670788,0,0.007721909321844578,0.19730934500694275,0.2857772409915924,0.5169134736061096
CNN_GRU,1,42,1468,S29_LHS,FACE_R3,180.89999389648438,13.716137886047363,15.848875045776367,12.744140625,0.5461042523384094,0,0.003660270944237709,0,0.011792554520070553,0.5031775236129761,0.21369287371635437,0.28312957286834717
CNN_GRU,1,42,1469,S29_LHS,NORMAL,244.5260009765625,18.760000228881836,19.257312774658203,17.28515625,0.5218325257301331,0,0.010285883210599422,0,0.06895233690738678,0.5527979135513306,0.1400863379240036,0.30711570382118225
CNN_GRU,1,42,1470,S29_LHS,NORMAL,249.5260009765625,18.484861373901367,18.794307708740234,15.380859375,0.19306497275829315,0,0.013243494555354118,0,0.06847330182790756,0.397298663854599,0.11563318967819214,0.48706820607185364
CNN_GRU,1,42,1471,S29_LHS,NORMAL,254.5260009765625,17.902652740478516,22.20966339111328,17.724609375,0.8316667079925537,0,0.07297968864440918,0,0.09515012800693512,0.23597829043865204,0.24346628785133362,0.5205554366111755
CNN_GRU,1,42,1472,S29_LHS,NORMAL,259.5260009765625,17.5338191986084,19.395374298095703,17.724609375,0.5293787121772766,0,0.003625741694122553,0,0.005913167726248503,0.368198961019516,0.36050039529800415,0.27130061388015747
CNN_GRU,1,42,1473,S29_LHS,NORMAL,264.5260009765625,17.740234375,20.555898666381836,14.208984375,0.05708307400345802,0,0.024364681914448738,0,0.36485162377357483,0.0843285322189331,0.5615351796150208,0.35413625836372375
CNN_GRU,1,42,1474,S29_LHS,NORMAL,269.5260009765625,17.710147857666016,18.137710571289062,17.28515625,0.7198829650878906,0,0.008476518094539642,0,0.017309419810771942,0.22422924637794495,0.45154204964637756,0.3242287337779999
CNN_GRU,1,42,1475,S29_LHS,NORMAL,274.5260009765625,17.74196434020996,18.098356246948242,16.40625,0.736472487449646,0,0.0017810625722631812,0,0.0026206306647509336,0.11835385859012604,0.7649155259132385,0.11673057824373245
CNN_GRU,1,42,1476,S29_LHS,SLOW,304.5260009765625,5.95564603805542,9.950357437133789,9.66796875,0.5465261340141296,0,0.0013717211550101638,0,0.0029016246553510427,0.6862326264381409,0.2340008169412613,0.07976654917001724
CNN_GRU,1,42,1477,S29_LHS,SLOW,309.5260009765625,6.076296806335449,11.676131248474121,13.623046875,0.45891356468200684,0,0.0006272607133723795,0,0.0015402613207697868,0.5533263087272644,0.33199262619018555,0.11468107998371124
CNN_GRU,1,42,1478,S29_LHS,SLOW,314.5260009765625,6.1477460861206055,10.349784851074219,12.451171875,0.36623555421829224,0,0.0004694365488830954,0,0.0025169895961880684,0.2780013978481293,0.5038679838180542,0.21813063323497772
CNN_GRU,1,42,1479,S29_LHS,SLOW,319.5260009765625,5.796916484832764,5.785331726074219,5.859375,0.7454405426979065,0,0.0001323907054029405,0,0.0005284599610604346,0.23462651669979095,0.6417900919914246,0.12358339130878448
CNN_GRU,1,42,1480,S29_LHS,SLOW,324.5260009765625,6.0667338371276855,7.530041694641113,11.572265625,0.4810093641281128,0,0.00017448725702706724,0,0.0006737415096722543,0.5419214367866516,0.29744869470596313,0.16062985360622406
CNN_GRU,1,42,1481,S29_LHS,SLOW,329.5260009765625,6.207505226135254,7.3526835441589355,6.73828125,0.3373033404350281,0,0.00029921182431280613,0,0.001337497727945447,0.21382397413253784,0.32968372106552124,0.45649227499961853
CNN_GRU,1,42,1482,S29_LHS,SLOW,334.5260009765625,6.015224456787109,10.35835075378418,13.037109375,0.4876282513141632,0,0.000584968423936516,0,0.002868610667064786,0.3923671543598175,0.1640802025794983,0.4435526132583618
CNN_GRU,1,42,1483,S29_LHS,HOLD,361.5260009765625,,,,,0,0.7390037775039673,1,0.9434928297996521,0.3705098330974579,0.31095001101493835,0.31854015588760376
CNN_GRU,1,42,1484,S29_LHS,HOLD,366.5260009765625,,,,,0,0.08533640950918198,1,0.5845699310302734,0.04406195133924484,0.3058909475803375,0.6500470638275146
CNN_GRU,1,42,1485,S29_LHS,POST_HOLD,394.5260009765625,15.68423080444336,18.202009201049805,13.916015625,0.20518584549427032,0,0.011325996369123459,0,0.02567891962826252,0.48063206672668457,0.24989069998264313,0.26947715878486633
CNN_GRU,1,42,1486,S29_LHS,POST_HOLD,399.5260009765625,17.5662841796875,23.660545349121094,15.966796875,0.1309652328491211,0,0.10424689203500748,0,0.7718528509140015,0.3660229444503784,0.3678978383541107,0.2660791873931885
CNN_GRU,1,42,1487,S29_LHS,POST_HOLD,404.5260009765625,16.287490844726562,17.607421875,13.916015625,0.3155372738838196,0,0.0020942487753927708,0,0.008934580720961094,0.4225955903530121,0.30821558833122253,0.2691888213157654
CNN_GRU,1,42,1488,S29_LHS,POST_HOLD,409.5260009765625,15.468537330627441,17.628190994262695,15.673828125,0.6924035549163818,0,0.034272972494363785,0,0.6211147308349609,0.2980648875236511,0.12247265875339508,0.579462468624115
CNN_GRU,1,42,1489,S29_LHS,POST_HOLD,414.5260009765625,15.739267349243164,13.765707969665527,15.380859375,0.3025878667831421,0,0.0010112128220498562,0,0.0015815248480066657,0.5675527453422546,0.3334779143333435,0.09896931052207947
CNN_GRU,1,42,1490,S29_LHS,POST_HOLD,419.5260009765625,15.989962577819824,17.360538482666016,18.310546875,0.22320960462093353,0,0.002420831937342882,0,0.00685712369158864,0.3144755959510803,0.28783246874809265,0.3976919651031494
CNN_GRU,1,42,1491,S29_LHS,POST_HOLD,424.5260009765625,16.06014633178711,17.32175064086914,16.259765625,0.3892427086830139,0,0.008065165020525455,0,0.0629298985004425,0.4784466624259949,0.23612827062606812,0.285425066947937
CNN_GRU,1,42,1492,S29_LHS,SQUAT,469.5260009765625,,,,,1,0.9996414184570312,0,0.0002806090342346579,0.22296805679798126,0.4497136175632477,0.3273182809352875
CNN_GRU,1,42,1493,S29_LHS,SQUAT,474.5260009765625,,,,,1,0.9996422529220581,0,0.0003619551134761423,0.20838260650634766,0.5568857789039612,0.23473167419433594
CNN_GRU,1,42,1494,S29_LHS,SQUAT,479.5260009765625,,,,,1,0.9996680021286011,0,0.00033644645009189844,0.32896289229393005,0.3691790997982025,0.30185800790786743
CNN_GRU,1,42,1495,S29_LHS,SQUAT,484.5260009765625,,,,,1,0.9996073842048645,0,0.00032228592317551374,0.4834452271461487,0.309659868478775,0.2068948894739151
CNN_GRU,1,42,1496,S29_LHS,SQUAT,489.5260009765625,,,,,1,0.9996138215065002,0,0.0004277953412383795,0.4012104570865631,0.21287815272808075,0.38591134548187256
CNN_GRU,1,42,1497,S29_LHS,SQUAT,494.5260009765625,,,,,1,0.999640703201294,0,0.00036655410076491535,0.270474910736084,0.34593185782432556,0.38359323143959045
CNN_GRU,1,42,1498,S29_LHS,SQUAT,499.5260009765625,,,,,1,0.9996384382247925,0,0.00048462889390066266,0.3465467691421509,0.3362257182598114,0.31722748279571533
CNN_GRU,1,42,1499,S29_LHS,POST_EXERCISE,544.5260009765625,23.173906326293945,20.482276916503906,15.52734375,0.3539154827594757,0,0.009172234684228897,0,0.023009339347481728,0.3968452215194702,0.4149948060512543,0.1881599724292755
CNN_GRU,1,42,1500,S29_LHS,POST_EXERCISE,549.5260009765625,25.480587005615234,26.193729400634766,24.90234375,0.5752610564231873,0,0.031484100967645645,0,0.1104484349489212,0.6403351426124573,0.08994798362255096,0.26971694827079773
CNN_GRU,1,42,1501,S29_LHS,POST_EXERCISE,554.5260009765625,25.580026626586914,23.69137191772461,25.1953125,0.24598728120326996,0,0.043173328042030334,0,0.09304679930210114,0.14572030305862427,0.25589418411254883,0.5983855128288269
CNN_GRU,1,42,1502,S29_LHS,POST_EXERCISE,559.5260009765625,24.478044509887695,24.25092124938965,25.634765625,0.36638763546943665,0,0.8904799818992615,0,0.4473988115787506,0.268157035112381,0.5050448179244995,0.22679810225963593
CNN_GRU,1,42,1503,S29_LHS,POST_EXERCISE,564.5260009765625,24.831439971923828,26.606019973754883,24.90234375,0.133682981133461,0,0.5537657737731934,0,0.2839326858520508,0.2756717801094055,0.5704452991485596,0.15388289093971252
CNN_GRU,1,42,1504,S29_LHS,POST_EXERCISE,569.5260009765625,25.080608367919922,28.211713790893555,23.876953125,0.6501492261886597,0,0.07517611980438232,0,0.23336651921272278,0.23259012401103973,0.22825518250465393,0.5391547083854675
CNN_GRU,1,42,1505,S29_LHS,POST_EXERCISE,574.5260009765625,25.269609451293945,27.88304901123047,25.048828125,0.7313258647918701,0,0.8408365845680237,0,0.2601368725299835,0.5403673052787781,0.273399293422699,0.18623335659503937
CNN_SNN,1,42,114,S04_KTW,FACE_R1,38.05500030517578,6.422770023345947,10.940847396850586,8.056640625,0.3552447259426117,0,0.0015717264031991363,0,0.00451240548864007,0.35775330662727356,0.315132200717926,0.3271145224571228
CNN_SNN,1,42,115,S04_KTW,FACE_R1,43.05500030517578,8.25971508026123,11.285538673400879,4.248046875,0.3124992251396179,0,0.001401616376824677,0,0.004360589198768139,0.39221081137657166,0.3411366641521454,0.26665249466896057
CNN_SNN,1,42,116,S04_KTW,FACE_R1,48.05500030517578,9.861433982849121,12.641037940979004,9.9609375,0.05559280514717102,0,0.004053319338709116,0,0.012658320367336273,0.32323965430259705,0.3031008839607239,0.3736594319343567
CNN_SNN,1,42,117,S04_KTW,FACE_R1,53.05500030517578,9.42982006072998,17.900726318359375,4.248046875,0.31800124049186707,0,0.08637497574090958,0,0.3460776209831238,0.38241422176361084,0.30964744091033936,0.30793824791908264
CNN_SNN,1,42,118,S04_KTW,FACE_R1,58.05500030517578,9.81590747833252,15.760007858276367,4.248046875,0.4636528789997101,0,0.02424350567162037,0,0.103775255382061,0.38805440068244934,0.305720716714859,0.3062247931957245
CNN_SNN,1,42,119,S04_KTW,FACE_R1,63.05500030517578,9.636212348937988,12.740077018737793,12.01171875,0.46631720662117004,0,0.004152639769017696,0,0.012473700568079948,0.3490986227989197,0.34330251812934875,0.30759885907173157
CNN_SNN,1,42,120,S04_KTW,FACE_R2,93.5999984741211,11.376191139221191,16.759220123291016,10.83984375,0.1986890733242035,0,0.0496152900159359,0,0.18812870979309082,0.2886946499347687,0.38007503747940063,0.3312303125858307
CNN_SNN,1,42,121,S04_KTW,FACE_R2,98.5999984741211,10.898050308227539,12.0092191696167,10.546875,0.3626447916030884,0,0.0026392291765660048,0,0.007794869132339954,0.30699464678764343,0.30637988448143005,0.3866254687309265
CNN_SNN,1,42,122,S04_KTW,FACE_R2,103.5999984741211,10.326644897460938,13.40427303314209,10.693359375,0.6478813290596008,0,0.006083299871534109,0,0.019740629941225052,0.35647279024124146,0.25465264916419983,0.38887450098991394
CNN_SNN,1,42,123,S04_KTW,FACE_R2,108.5999984741211,9.667632102966309,10.977872848510742,4.248046875,0.03990154340863228,0,0.0013456962769851089,0,0.003980462439358234,0.3379512429237366,0.3169897198677063,0.3450590670108795
CNN_SNN,1,42,124,S04_KTW,FACE_R2,113.5999984741211,9.654386520385742,13.536043167114258,8.935546875,0.5793095231056213,0,0.00498682726174593,0,0.017348460853099823,0.33096545934677124,0.3319437503814697,0.3370908498764038
CNN_SNN,1,42,125,S04_KTW,FACE_R2,118.5999984741211,9.797507286071777,13.73934268951416,4.248046875,0.4035796821117401,0,0.007680851966142654,0,0.02797885239124298,0.3510916531085968,0.37286272644996643,0.27604562044143677
CNN_SNN,1,42,126,S04_KTW,FACE_R2,123.5999984741211,9.785697937011719,11.473703384399414,9.08203125,0.2802712619304657,0,0.0025526878889650106,0,0.007524869404733181,0.3613111972808838,0.29291242361068726,0.34577643871307373
CNN_SNN,1,42,127,S04_KTW,FACE_R3,155.39999389648438,10.789422988891602,11.989285469055176,8.935546875,0.5144336819648743,0,0.0025936486199498177,0,0.007999921217560768,0.2471531480550766,0.40226271748542786,0.35058408975601196
CNN_SNN,1,42,128,S04_KTW,FACE_R3,160.39999389648438,9.49484634399414,11.848217010498047,8.642578125,0.032801467925310135,0,0.0022981055080890656,0,0.00723562017083168,0.34743955731391907,0.3053732216358185,0.34718722105026245
CNN_SNN,1,42,129,S04_KTW,FACE_R3,165.39999389648438,9.071617126464844,11.783929824829102,7.763671875,0.5970098376274109,0,0.002102883532643318,0,0.0063018049113452435,0.29904747009277344,0.3133048415184021,0.3876476287841797
CNN_SNN,1,42,130,S04_KTW,FACE_R3,170.39999389648438,9.514069557189941,13.444936752319336,9.814453125,0.09487714618444443,0,0.005381613504141569,0,0.01726383902132511,0.3313228189945221,0.35055699944496155,0.31812018156051636
CNN_SNN,1,42,131,S04_KTW,FACE_R3,175.39999389648438,9.283524513244629,17.365427017211914,10.986328125,0.4709961712360382,0,0.04187929257750511,0,0.18508346378803253,0.3492172062397003,0.3170797526836395,0.33370307087898254
CNN_SNN,1,42,132,S04_KTW,FACE_R3,180.39999389648438,9.025849342346191,11.583822250366211,18.017578125,0.33497485518455505,0,0.0029097949154675007,0,0.007600843440741301,0.3439641296863556,0.3262477517127991,0.3297881782054901
CNN_SNN,1,42,133,S04_KTW,FACE_R3,185.39999389648438,10.094219207763672,12.734501838684082,5.2734375,0.25082436203956604,0,0.0032763476483523846,0,0.010589881800115108,0.39663293957710266,0.2884907126426697,0.31487640738487244
CNN_SNN,1,42,134,S04_KTW,FACE_R3,190.39999389648438,9.669425964355469,12.329802513122559,10.400390625,0.06652160733938217,0,0.0038099579978734255,0,0.011151614598929882,0.3418521285057068,0.3113059997558594,0.34684184193611145
CNN_SNN,1,42,135,S04_KTW,FACE_R3,195.39999389648438,9.025946617126465,17.911767959594727,6.884765625,0.5808408856391907,0,0.20710468292236328,0,0.5757765769958496,0.30011942982673645,0.3611232340335846,0.33875736594200134
CNN_SNN,1,42,136,S04_KTW,NORMAL,285.7065124511719,9.350316047668457,12.436386108398438,9.9609375,0.6864904165267944,0,0.0038175485096871853,0,0.011290890164673328,0.3294157087802887,0.38804730772972107,0.28253695368766785
CNN_SNN,1,42,137,S04_KTW,NORMAL,290.7065124511719,10.13412094116211,11.700496673583984,9.228515625,0.027697429060935974,0,0.002159545896574855,0,0.006179982330650091,0.3409819006919861,0.3298267424106598,0.3291913866996765
CNN_SNN,1,42,138,S04_KTW,NORMAL,295.7065124511719,10.179031372070312,12.4856595993042,10.546875,0.2715432047843933,0,0.0035670329816639423,0,0.010830136016011238,0.27102670073509216,0.3232097327709198,0.40576356649398804
CNN_SNN,1,42,139,S04_KTW,NORMAL,300.7065124511719,10.284830093383789,13.531664848327637,9.814453125,0.5916348099708557,0,0.007118681445717812,0,0.024782301858067513,0.3642600178718567,0.29746100306510925,0.33827897906303406
CNN_SNN,1,42,140,S04_KTW,NORMAL,305.7065124511719,10.26783275604248,15.823356628417969,9.9609375,0.24434348940849304,0,0.025518884882330894,0,0.09908809512853622,0.34672459959983826,0.2754984200000763,0.37777698040008545
CNN_SNN,1,42,141,S04_KTW,NORMAL,310.7065124511719,9.682967185974121,21.382713317871094,8.056640625,0.09023503959178925,0,0.3539322018623352,0,0.8550575375556946,0.3670446276664734,0.3260776996612549,0.3068777024745941
CNN_SNN,1,42,142,S04_KTW,NORMAL,315.7065124511719,9.143609046936035,13.275168418884277,8.7890625,0.24108894169330597,0,0.005945106036961079,0,0.01860182173550129,0.27801376581192017,0.3812743127346039,0.34071192145347595
CNN_SNN,1,42,143,S04_KTW,SLOW,345.7065124511719,6.196646213531494,10.42673110961914,6.4453125,0.35168907046318054,0,0.0011799476342275739,0,0.0033636156003922224,0.2881760001182556,0.3635408878326416,0.3482830822467804
CNN_SNN,1,42,144,S04_KTW,SLOW,350.7065124511719,6.092975616455078,13.712791442871094,15.52734375,0.20490723848342896,0,0.006595902144908905,0,0.022254273295402527,0.3019982576370239,0.33138540387153625,0.3666163384914398
CNN_SNN,1,42,145,S04_KTW,SLOW,355.7065124511719,6.010748863220215,10.619868278503418,6.884765625,0.5303897857666016,0,0.000773762003518641,0,0.0022938235197216272,0.361340194940567,0.37916380167007446,0.25949597358703613
CNN_SNN,1,42,146,S04_KTW,SLOW,360.7065124511719,6.097393989562988,12.023757934570312,6.591796875,0.2871619462966919,0,0.002621474675834179,0,0.008137969300150871,0.2949344217777252,0.433636337518692,0.2714292109012604
CNN_SNN,1,42,147,S04_KTW,SLOW,365.7065124511719,5.894652366638184,12.133613586425781,4.248046875,0.13688340783119202,0,0.003251404967159033,0,0.009507350623607635,0.32630056142807007,0.33085009455680847,0.34284937381744385
CNN_SNN,1,42,148,S04_KTW,SLOW,370.7065124511719,5.845671653747559,11.008830070495605,16.69921875,0.3719090223312378,0,0.001291988999582827,0,0.0037811174988746643,0.3156844675540924,0.3602232336997986,0.324092298746109
CNN_SNN,1,42,149,S04_KTW,SLOW,375.7065124511719,5.966196060180664,10.926046371459961,12.890625,0.04542141780257225,0,0.0011496887309476733,0,0.0034463757183402777,0.2722238600254059,0.3011151850223541,0.4266609847545624
CNN_SNN,1,42,150,S04_KTW,HOLD,402.7065124511719,,,,,0,0.07551515102386475,1,0.29265302419662476,0.28254085779190063,0.38802653551101685,0.3294326663017273
CNN_SNN,1,42,151,S04_KTW,HOLD,407.7065124511719,,,,,0,0.01852157525718212,1,0.05110660567879677,0.3236873149871826,0.35132697224617004,0.32498571276664734
CNN_SNN,1,42,152,S04_KTW,POST_HOLD,435.7065124511719,11.076095581054688,13.844121932983398,5.56640625,0.2355577051639557,0,0.007837223820388317,0,0.027027830481529236,0.313795268535614,0.3505469560623169,0.3356578052043915
CNN_SNN,1,42,153,S04_KTW,POST_HOLD,440.7065124511719,9.37330436706543,13.187952995300293,4.248046875,0.23294788599014282,0,0.004658109042793512,0,0.015369419008493423,0.3428134322166443,0.3426702916622162,0.3145162761211395
CNN_SNN,1,42,154,S04_KTW,POST_HOLD,445.7065124511719,8.291358947753906,14.582161903381348,7.6171875,0.19261157512664795,0,0.01185465045273304,0,0.0437651053071022,0.3416072726249695,0.32275524735450745,0.3356374502182007
CNN_SNN,1,42,155,S04_KTW,POST_HOLD,450.7065124511719,8.998303413391113,12.709219932556152,10.107421875,0.010870933532714844,0,0.005494832526892424,0,0.01470179669559002,0.39301759004592896,0.3336181938648224,0.27336427569389343
CNN_SNN,1,42,156,S04_KTW,POST_HOLD,455.7065124511719,10.67007827758789,17.57320785522461,13.4765625,0.1511121541261673,0,0.07126414775848389,0,0.29424306750297546,0.3232162296772003,0.4020899534225464,0.2746938169002533
CNN_SNN,1,42,157,S04_KTW,POST_HOLD,460.7065124511719,11.363083839416504,14.406494140625,4.248046875,0.32372885942459106,0,0.012638336978852749,0,0.04397682473063469,0.39885398745536804,0.3114314377307892,0.28971460461616516
CNN_SNN,1,42,158,S04_KTW,POST_HOLD,465.7065124511719,10.798298835754395,12.254984855651855,7.763671875,0.1172669380903244,0,0.0028781304135918617,0,0.008683744817972183,0.31783244013786316,0.35390281677246094,0.3282647728919983
CNN_SNN,1,42,159,S04_KTW,SQUAT,510.7065124511719,,,,,1,0.9997019171714783,0,0.005008240230381489,0.3633231222629547,0.33651551604270935,0.3001612722873688
CNN_SNN,1,42,160,S04_KTW,SQUAT,515.7064819335938,,,,,1,0.9997360110282898,0,0.004011800047010183,0.34451690316200256,0.3039560914039612,0.35152700543403625
CNN_SNN,1,42,161,S04_KTW,SQUAT,520.7064819335938,,,,,1,0.9997220635414124,0,0.004198180977255106,0.314083993434906,0.3383840024471283,0.3475320637226105
CNN_SNN,1,42,162,S04_KTW,SQUAT,525.7064819335938,,,,,1,0.9996650218963623,0,0.004139599855989218,0.31589147448539734,0.3236602544784546,0.36044827103614807
CNN_SNN,1,42,163,S04_KTW,SQUAT,530.7064819335938,,,,,1,0.9994717240333557,0,0.007828800939023495,0.32066044211387634,0.33958858251571655,0.3397509753704071
CNN_SNN,1,42,164,S04_KTW,SQUAT,535.7064819335938,,,,,1,0.9984619617462158,0,0.0193881094455719,0.3535104990005493,0.30327460169792175,0.3432149291038513
CNN_SNN,1,42,165,S04_KTW,SQUAT,540.7064819335938,,,,,1,0.9994745850563049,0,0.008534479886293411,0.3344508409500122,0.32032835483551025,0.34522080421447754
CNN_SNN,1,42,166,S04_KTW,POST_EXERCISE,585.7064819335938,16.82309341430664,14.850443840026855,16.69921875,0.29931584000587463,0,0.013817374594509602,0,0.046773459762334824,0.34508824348449707,0.3188786506652832,0.33603304624557495
CNN_SNN,1,42,167,S04_KTW,POST_EXERCISE,590.7064819335938,16.892780303955078,19.883224487304688,16.9921875,0.683719277381897,0,0.15744736790657043,0,0.5965263843536377,0.3058396577835083,0.36757007241249084,0.32659024000167847
CNN_SNN,1,42,168,S04_KTW,POST_EXERCISE,595.7064819335938,16.885103225708008,20.454715728759766,16.9921875,0.08083343505859375,0,0.2773267328739166,0,0.7446876764297485,0.3737563490867615,0.3556712865829468,0.27057233452796936
CNN_SNN,1,42,169,S04_KTW,POST_EXERCISE,600.7064819335938,17.399995803833008,21.619876861572266,18.603515625,0.10561319440603256,0,0.28381970524787903,0,0.8117659091949463,0.3670375645160675,0.30130627751350403,0.33165621757507324
CNN_SNN,1,42,170,S04_KTW,POST_EXERCISE,605.7064819335938,17.68208122253418,16.31086540222168,9.08203125,0.1742483675479889,0,0.032748881727457047,0,0.12516888976097107,0.32525068521499634,0.31397712230682373,0.36077219247817993
CNN_SNN,1,42,171,S04_KTW,POST_EXERCISE,610.7064819335938,17.36434555053711,14.596739768981934,11.572265625,0.2465374916791916,0,0.01309590507298708,0,0.04259083792567253,0.35625413060188293,0.3474917709827423,0.29625403881073
CNN_SNN,1,42,172,S04_KTW,POST_EXERCISE,615.7064819335938,17.874345779418945,22.145915985107422,18.45703125,0.6319636702537537,0,0.3813195824623108,0,0.8797149658203125,0.38107091188430786,0.2756623923778534,0.34326669573783875
CNN_SNN,1,42,232,S06_LDW,FACE_R1,33.0,7.880847930908203,17.05140495300293,9.9609375,0.32189735770225525,0,0.06131898611783981,0,0.21627120673656464,0.420650839805603,0.3190416395664215,0.26030755043029785
CNN_SNN,1,42,233,S06_LDW,FACE_R1,38.0,8.690120697021484,17.744726181030273,8.935546875,0.19768524169921875,0,0.06271401047706604,0,0.26160284876823425,0.3677997589111328,0.2764658033847809,0.3557344377040863
CNN_SNN,1,42,234,S06_LDW,FACE_R1,43.0,9.935243606567383,13.375421524047852,9.521484375,0.5667364597320557,0,0.00865180604159832,0,0.022827023640275,0.3798423111438751,0.26499325037002563,0.35516443848609924
CNN_SNN,1,42,235,S06_LDW,FACE_R1,48.0,9.936442375183105,12.744028091430664,7.32421875,0.0034274100326001644,0,0.003855790477246046,0,0.011411408893764019,0.38323843479156494,0.2600264251232147,0.3567351698875427
CNN_SNN,1,42,236,S06_LDW,FACE_R1,53.0,8.983086585998535,14.43667984008789,10.400390625,0.19816644489765167,0,0.01330125704407692,0,0.044926967471838,0.3300859332084656,0.28360021114349365,0.38631388545036316
CNN_SNN,1,42,237,S06_LDW,FACE_R1,58.0,10.061651229858398,13.242197036743164,14.501953125,0.20009763538837433,0,0.006440973374992609,0,0.018655547872185707,0.38531091809272766,0.314445436000824,0.3002435863018036
CNN_SNN,1,42,238,S06_LDW,FACE_R2,89.80000305175781,8.579808235168457,11.70497989654541,8.203125,0.3382675051689148,0,0.0024745468981564045,0,0.00704003544524312,0.38461393117904663,0.25993433594703674,0.3554518222808838
CNN_SNN,1,42,239,S06_LDW,FACE_R2,94.80000305175781,9.099923133850098,12.759544372558594,9.228515625,0.5700557827949524,0,0.006996443495154381,0,0.019957471638917923,0.28161385655403137,0.33264824748039246,0.38573792576789856
CNN_SNN,1,42,240,S06_LDW,FACE_R2,99.80000305175781,9.355554580688477,12.682512283325195,8.349609375,0.6101659536361694,0,0.0038758895825594664,0,0.012092824093997478,0.3711165189743042,0.2857999801635742,0.34308356046676636
CNN_SNN,1,42,241,S06_LDW,FACE_R2,104.80000305175781,9.427214622497559,12.365407943725586,9.375,0.18269091844558716,0,0.003850584849715233,0,0.01137759629637003,0.31463736295700073,0.2936706840991974,0.3916919529438019
CNN_SNN,1,42,242,S06_LDW,FACE_R2,109.80000305175781,9.131538391113281,14.841150283813477,9.521484375,0.031758442521095276,0,0.01764811761677265,0,0.06031849607825279,0.3444140553474426,0.3410002291202545,0.31458571553230286
CNN_SNN,1,42,243,S06_LDW,FACE_R2,114.80000305175781,9.163628578186035,14.825196266174316,13.037109375,0.330755352973938,0,0.0193012747913599,0,0.059917986392974854,0.35924091935157776,0.3640897870063782,0.27666929364204407
CNN_SNN,1,42,244,S06_LDW,FACE_R2,119.80000305175781,9.864699363708496,14.8890962600708,12.3046875,0.22001193463802338,0,0.014682572335004807,0,0.05314015597105026,0.32318130135536194,0.3153150975704193,0.36150363087654114
CNN_SNN,1,42,245,S06_LDW,FACE_R3,151.3000030517578,11.100545883178711,19.6907901763916,10.25390625,0.014977927319705486,0,0.22877269983291626,0,0.6901711225509644,0.3167650103569031,0.34995710849761963,0.3332778513431549
CNN_SNN,1,42,246,S06_LDW,FACE_R3,156.3000030517578,12.383217811584473,18.326889038085938,9.375,0.20882652699947357,0,0.1042267456650734,0,0.40988340973854065,0.39540228247642517,0.3380814492702484,0.26651623845100403
CNN_SNN,1,42,247,S06_LDW,FACE_R3,161.3000030517578,13.883934020996094,20.60177230834961,8.935546875,0.33756932616233826,0,0.2616420090198517,0,0.7614508271217346,0.332828551530838,0.3350464999675751,0.3321249783039093
CNN_SNN,1,42,248,S06_LDW,FACE_R3,166.3000030517578,12.805192947387695,19.71910858154297,14.208984375,0.3595219552516937,0,0.22506414353847504,0,0.7016919851303101,0.3578774631023407,0.3878176808357239,0.2543048858642578
CNN_SNN,1,42,249,S06_LDW,FACE_R3,171.3000030517578,11.14383316040039,21.710433959960938,8.7890625,0.2632615864276886,0,0.3835611045360565,0,0.8809166550636292,0.34570401906967163,0.30944329500198364,0.3448527455329895
CNN_SNN,1,42,250,S06_LDW,FACE_R3,176.3000030517578,10.913281440734863,21.554637908935547,4.98046875,0.10235834866762161,0,0.49705833196640015,0,0.905360221862793,0.3130238652229309,0.3613446354866028,0.3256314992904663
CNN_SNN,1,42,251,S06_LDW,FACE_R3,181.3000030517578,13.779878616333008,12.961431503295898,5.126953125,0.1814398318529129,0,0.005532729439437389,0,0.01758398301899433,0.3332831859588623,0.3661085367202759,0.3006083071231842
CNN_SNN,1,42,252,S06_LDW,FACE_R3,186.3000030517578,8.172396659851074,17.204004287719727,9.814453125,0.533689022064209,0,0.04425916075706482,0,0.18333007395267487,0.35827186703681946,0.2973695993423462,0.34435856342315674
CNN_SNN,1,42,253,S06_LDW,NORMAL,276.0,11.379533767700195,17.389596939086914,7.91015625,0.4202002286911011,0,0.04765309765934944,0,0.2159329503774643,0.2732394337654114,0.34876981377601624,0.3779906630516052
CNN_SNN,1,42,254,S06_LDW,NORMAL,281.0,11.783193588256836,15.826688766479492,15.673828125,0.23402665555477142,0,0.02934606559574604,0,0.10376778244972229,0.3036881387233734,0.38285157084465027,0.3134602904319763
CNN_SNN,1,42,255,S06_LDW,NORMAL,286.0,10.64555549621582,13.249818801879883,6.005859375,0.15418678522109985,0,0.006225382909178734,0,0.019392136484384537,0.3550492227077484,0.3292747735977173,0.3156760334968567
CNN_SNN,1,42,256,S06_LDW,NORMAL,291.0,7.902939796447754,14.720808029174805,12.451171875,0.11361905187368393,0,0.013028422370553017,0,0.05094139650464058,0.3317960798740387,0.35320329666137695,0.3150006830692291
CNN_SNN,1,42,257,S06_LDW,NORMAL,296.0,11.298571586608887,15.202909469604492,11.71875,0.3171415328979492,0,0.018818354234099388,0,0.06935861706733704,0.287312775850296,0.30028995871543884,0.41239720582962036
CNN_SNN,1,42,258,S06_LDW,NORMAL,301.0,12.992972373962402,18.89806365966797,27.24609375,0.27224263548851013,0,0.07765260338783264,0,0.3663410544395447,0.3273628056049347,0.3469034731388092,0.3257337212562561
CNN_SNN,1,42,259,S06_LDW,NORMAL,306.0,13.914466857910156,24.452857971191406,24.90234375,0.062554731965065,0,0.6502152681350708,0,0.9187703132629395,0.3133782148361206,0.37480854988098145,0.3118132948875427
CNN_SNN,1,42,260,S06_LDW,SLOW,336.0,6.2851881980896,12.649608612060547,12.01171875,0.2288970947265625,0,0.003532819449901581,0,0.013145912438631058,0.4053817689418793,0.2933109700679779,0.3013072609901428
CNN_SNN,1,42,261,S06_LDW,SLOW,341.0,6.193666934967041,11.387588500976562,19.775390625,0.3351215720176697,0,0.0018969327211380005,0,0.00554890651255846,0.334884911775589,0.34902849793434143,0.31608664989471436
CNN_SNN,1,42,262,S06_LDW,SLOW,346.0,6.362087249755859,13.353889465332031,6.4453125,0.12582464516162872,0,0.006238272879272699,0,0.020027633756399155,0.31759902834892273,0.3097757399082184,0.37262532114982605
CNN_SNN,1,42,263,S06_LDW,SLOW,351.0,6.154847621917725,10.46060848236084,12.158203125,0.012865438126027584,0,0.0007747451309114695,0,0.0024382793344557285,0.3069072961807251,0.34836843609809875,0.34472429752349854
CNN_SNN,1,42,264,S06_LDW,SLOW,356.0,6.438516616821289,12.703746795654297,11.279296875,0.23079036176204681,0,0.0036967762280255556,0,0.011884588748216629,0.36327511072158813,0.31804418563842773,0.31868067383766174
CNN_SNN,1,42,265,S06_LDW,SLOW,361.0,6.160778522491455,17.578832626342773,4.248046875,0.06508348137140274,0,0.068207286298275,0,0.27714866399765015,0.36092740297317505,0.3049702048301697,0.33410248160362244
CNN_SNN,1,42,266,S06_LDW,SLOW,366.0,6.236392021179199,12.957382202148438,12.158203125,0.10166222602128983,0,0.004188675433397293,0,0.013113048858940601,0.41072243452072144,0.26428085565567017,0.3249967694282532
CNN_SNN,1,42,267,S06_LDW,HOLD,393.0,,,,,0,0.8827493190765381,1,0.8281532526016235,0.34135884046554565,0.28444281220436096,0.3741983473300934
CNN_SNN,1,42,268,S06_LDW,HOLD,398.0,,,,,0,0.6787976026535034,1,0.8701156973838806,0.3760569095611572,0.3024488091468811,0.32149437069892883
CNN_SNN,1,42,269,S06_LDW,POST_HOLD,426.0,11.645414352416992,17.704376220703125,4.248046875,0.0005905819125473499,0,0.0671909973025322,0,0.2842666506767273,0.33786076307296753,0.3457014560699463,0.31643784046173096
CNN_SNN,1,42,270,S06_LDW,POST_HOLD,431.0,10.773690223693848,14.217418670654297,4.248046875,0.19380134344100952,0,0.008755464106798172,0,0.02927679382264614,0.3247987926006317,0.34985795617103577,0.32534322142601013
CNN_SNN,1,42,271,S06_LDW,POST_HOLD,436.0,10.061713218688965,18.938539505004883,19.62890625,0.19697575271129608,0,0.10058198869228363,0,0.47319409251213074,0.3411702811717987,0.37708336114883423,0.28174638748168945
CNN_SNN,1,42,272,S06_LDW,POST_HOLD,441.0,9.703888893127441,21.989477157592773,7.763671875,0.20222465693950653,0,0.5862038731575012,0,0.8957441449165344,0.36880841851234436,0.34203845262527466,0.28915315866470337
CNN_SNN,1,42,273,S06_LDW,POST_HOLD,446.0,10.281213760375977,16.490785598754883,9.375,0.10484350472688675,0,0.05283748731017113,0,0.18125015497207642,0.33262398838996887,0.3488316237926483,0.3185443878173828
CNN_SNN,1,42,274,S06_LDW,POST_HOLD,451.0,6.92152738571167,21.636070251464844,17.87109375,0.3184835910797119,0,0.35734328627586365,0,0.851872980594635,0.38354578614234924,0.356672465801239,0.2597818076610565
CNN_SNN,1,42,275,S06_LDW,POST_HOLD,456.0,8.311505317687988,23.276582717895508,11.1328125,0.21519790589809418,0,0.5412994623184204,0,0.9155375957489014,0.3751161992549896,0.31369465589523315,0.311189204454422
CNN_SNN,1,42,276,S06_LDW,SQUAT,501.0,,,,,1,0.9935874938964844,0,0.10855792462825775,0.3509502112865448,0.3536844849586487,0.29536527395248413
CNN_SNN,1,42,277,S06_LDW,SQUAT,506.0,,,,,1,0.9904772043228149,0,0.14589521288871765,0.35106679797172546,0.33126965165138245,0.3176634907722473
CNN_SNN,1,42,278,S06_LDW,SQUAT,511.0,,,,,1,0.9980534315109253,0,0.030464665964245796,0.36674270033836365,0.3254121243953705,0.3078451454639435
CNN_SNN,1,42,279,S06_LDW,SQUAT,516.0,,,,,1,0.9876666069030762,0,0.2686082720756531,0.36933043599128723,0.32480311393737793,0.3058665096759796
CNN_SNN,1,42,280,S06_LDW,SQUAT,521.0,,,,,1,0.9959720969200134,0,0.07224081456661224,0.3410561978816986,0.3367224931716919,0.3222213089466095
CNN_SNN,1,42,281,S06_LDW,SQUAT,526.0,,,,,1,0.982081949710846,0,0.377496600151062,0.3569558262825012,0.325927734375,0.31711646914482117
CNN_SNN,1,42,282,S06_LDW,SQUAT,531.0,,,,,1,0.9956499934196472,0,0.06276785582304001,0.2987186908721924,0.4234401285648346,0.27784115076065063
CNN_SNN,1,42,283,S06_LDW,POST_EXERCISE,576.0,15.399869918823242,15.68889045715332,16.40625,0.5410643219947815,0,0.028499526903033257,0,0.09674718976020813,0.35088762640953064,0.31311824917793274,0.3359941244125366
CNN_SNN,1,42,284,S06_LDW,POST_EXERCISE,581.0,15.099532127380371,17.367462158203125,14.35546875,0.07504480332136154,0,0.05001213401556015,0,0.22158244252204895,0.38107407093048096,0.3027690351009369,0.31615695357322693
CNN_SNN,1,42,285,S06_LDW,POST_EXERCISE,586.0,8.657489776611328,18.512693405151367,18.310546875,0.131007120013237,0,0.07799344509840012,0,0.3216947317123413,0.33533725142478943,0.3507472276687622,0.31391555070877075
CNN_SNN,1,42,286,S06_LDW,POST_EXERCISE,591.0,7.479028224945068,18.23513412475586,6.884765625,0.21788939833641052,0,0.08484215289354324,0,0.35730332136154175,0.3112828731536865,0.3065469563007355,0.38217025995254517
CNN_SNN,1,42,287,S06_LDW,POST_EXERCISE,596.0,19.126340866088867,18.990930557250977,6.73828125,0.06919629871845245,0,0.12255790084600449,0,0.4798421561717987,0.3626382350921631,0.32762137055397034,0.3097403645515442
CNN_SNN,1,42,288,S06_LDW,POST_EXERCISE,601.0,18.81316375732422,16.855981826782227,7.6171875,0.05443590134382248,0,0.049979180097579956,0,0.18547755479812622,0.3069099485874176,0.38355162739753723,0.30953842401504517
CNN_SNN,1,42,289,S06_LDW,POST_EXERCISE,606.0,17.30622100830078,17.749914169311523,14.0625,0.1428655982017517,0,0.05459468439221382,0,0.22267542779445648,0.3942532241344452,0.3353267312049866,0.27042001485824585
CNN_SNN,1,42,290,S07_KDM,FACE_R1,30.458499908447266,11.187192916870117,14.245809555053711,4.248046875,0.23323237895965576,0,0.010832087136805058,0,0.0381460003554821,0.35235530138015747,0.3455897867679596,0.30205488204956055
CNN_SNN,1,42,291,S07_KDM,FACE_R1,35.458499908447266,11.132169723510742,19.394939422607422,8.203125,0.11170898377895355,0,0.13863436877727509,0,0.5470160245895386,0.3655177056789398,0.29797935485839844,0.33650290966033936
CNN_SNN,1,42,292,S07_KDM,FACE_R1,40.458499908447266,11.395973205566406,16.95985984802246,10.693359375,0.515010416507721,0,0.06168326362967491,0,0.2194739729166031,0.3635671138763428,0.3179275691509247,0.31850528717041016
CNN_SNN,1,42,293,S07_KDM,FACE_R1,45.458499908447266,11.653768539428711,13.532057762145996,24.462890625,0.054305192083120346,0,0.007023082580417395,0,0.02205784246325493,0.3711603283882141,0.3256448805332184,0.3031947612762451
CNN_SNN,1,42,294,S07_KDM,FACE_R1,50.458499908447266,11.279569625854492,15.22513198852539,10.83984375,0.37680739164352417,0,0.018058188259601593,0,0.06248882785439491,0.36959487199783325,0.3190803825855255,0.3113247752189636
CNN_SNN,1,42,295,S07_KDM,FACE_R1,55.458499908447266,12.323387145996094,16.193634033203125,12.01171875,0.19642366468906403,0,0.03957279026508331,0,0.1392814964056015,0.34016287326812744,0.3136060833930969,0.34623104333877563
CNN_SNN,1,42,296,S07_KDM,FACE_R2,89.4000015258789,19.1984806060791,18.74205780029297,6.15234375,0.21046830713748932,0,0.13444150984287262,0,0.530314028263092,0.3772469460964203,0.3227252662181854,0.3000277280807495
CNN_SNN,1,42,297,S07_KDM,FACE_R2,94.4000015258789,18.624998092651367,13.733182907104492,18.017578125,0.04774603992700577,0,0.006242315284907818,0,0.021092431619763374,0.3655018210411072,0.2986920475959778,0.3358061611652374
CNN_SNN,1,42,298,S07_KDM,FACE_R2,99.4000015258789,18.157499313354492,16.71715545654297,18.896484375,0.2882489860057831,0,0.0362003929913044,0,0.1353784054517746,0.3490196168422699,0.35092371702194214,0.3000566363334656
CNN_SNN,1,42,299,S07_KDM,FACE_R2,104.4000015258789,17.259981155395508,20.67666244506836,12.59765625,0.22533296048641205,0,0.2948192059993744,0,0.7816964983940125,0.3632090389728546,0.2855471670627594,0.3512437641620636
CNN_SNN,1,42,300,S07_KDM,FACE_R2,109.4000015258789,16.249841690063477,17.115005493164062,5.419921875,0.21163563430309296,0,0.04652749374508858,0,0.19577907025814056,0.33922964334487915,0.3411702811717987,0.31960007548332214
CNN_SNN,1,42,301,S07_KDM,FACE_R2,114.4000015258789,15.965927124023438,17.666616439819336,10.546875,0.3745226562023163,0,0.07125303894281387,0,0.27454090118408203,0.31440144777297974,0.3483940362930298,0.33720454573631287
CNN_SNN,1,42,302,S07_KDM,FACE_R2,119.4000015258789,14.672454833984375,14.674210548400879,15.234375,0.4874607026576996,0,0.015570325776934624,0,0.053204961121082306,0.37875479459762573,0.3385728597640991,0.2826724052429199
CNN_SNN,1,42,303,S07_KDM,FACE_R3,151.3000030517578,11.140830993652344,13.173916816711426,6.298828125,0.22427251935005188,0,0.005650091916322708,0,0.01864849403500557,0.3333846926689148,0.2600504457950592,0.4065648913383484
CNN_SNN,1,42,304,S07_KDM,FACE_R3,156.3000030517578,11.62000560760498,13.839487075805664,11.572265625,0.3696281313896179,0,0.007387924008071423,0,0.02360963635146618,0.3305934965610504,0.3052036762237549,0.3642028272151947
CNN_SNN,1,42,305,S07_KDM,FACE_R3,161.3000030517578,11.935462951660156,11.991307258605957,12.451171875,0.5237311124801636,0,0.003144754795357585,0,0.008841854520142078,0.3925839364528656,0.27197542786598206,0.33544057607650757
CNN_SNN,1,42,306,S07_KDM,FACE_R3,166.3000030517578,10.627652168273926,13.262251853942871,10.986328125,0.23396088182926178,0,0.0057502491399645805,0,0.017245080322027206,0.3576645851135254,0.28230491280555725,0.36003050208091736
CNN_SNN,1,42,307,S07_KDM,FACE_R3,171.3000030517578,9.38485050201416,13.27535343170166,19.775390625,0.38775303959846497,0,0.005244038067758083,0,0.018012868240475655,0.34162843227386475,0.2850795090198517,0.3732920289039612
CNN_SNN,1,42,308,S07_KDM,FACE_R3,176.3000030517578,16.868268966674805,15.817878723144531,18.896484375,0.09798336029052734,0,0.03293021023273468,0,0.10812265425920486,0.3998769521713257,0.2900317907333374,0.3100913166999817
CNN_SNN,1,42,309,S07_KDM,FACE_R3,181.3000030517578,15.503989219665527,16.300004959106445,4.248046875,0.1762954741716385,0,0.030522454530000687,0,0.12367887794971466,0.29016852378845215,0.33728596568107605,0.3725454807281494
CNN_SNN,1,42,310,S07_KDM,FACE_R3,186.3000030517578,14.747862815856934,13.563652038574219,15.087890625,0.6343234181404114,0,0.007735347840934992,0,0.022783856838941574,0.36117133498191833,0.34968680143356323,0.2891418933868408
CNN_SNN,1,42,311,S07_KDM,NORMAL,286.1889953613281,18.16877555847168,17.106687545776367,9.521484375,0.07824430614709854,0,0.04242416471242905,0,0.18867824971675873,0.32592469453811646,0.3590509593486786,0.31502437591552734
CNN_SNN,1,42,312,S07_KDM,NORMAL,291.1889953613281,16.776187896728516,16.489608764648438,6.884765625,0.08518679440021515,0,0.051318708807229996,0,0.19195707142353058,0.3285423517227173,0.360122412443161,0.31133514642715454
CNN_SNN,1,42,313,S07_KDM,NORMAL,296.1889953613281,15.292109489440918,17.0227108001709,14.6484375,0.22047680616378784,0,0.06337659060955048,0,0.23339203000068665,0.3023958206176758,0.35239771008491516,0.34520649909973145
CNN_SNN,1,42,314,S07_KDM,NORMAL,301.1889953613281,15.912431716918945,14.767278671264648,8.49609375,0.0021601987536996603,0,0.010567142628133297,0,0.039406538009643555,0.303300678730011,0.34478506445884705,0.35191428661346436
CNN_SNN,1,42,315,S07_KDM,NORMAL,306.1889953613281,15.639114379882812,19.677276611328125,13.4765625,0.13434118032455444,0,0.2376503050327301,0,0.7137628197669983,0.3346845507621765,0.3738539516925812,0.2914615273475647
CNN_SNN,1,42,316,S07_KDM,NORMAL,311.1889953613281,13.456710815429688,15.567397117614746,11.279296875,0.5644876956939697,0,0.020969120785593987,0,0.08889638632535934,0.3997027575969696,0.2826279401779175,0.3176693320274353
CNN_SNN,1,42,317,S07_KDM,NORMAL,316.1889953613281,12.544305801391602,16.05586814880371,20.5078125,0.4608747959136963,0,0.035265952348709106,0,0.12275541573762894,0.36799460649490356,0.359136700630188,0.27286866307258606
CNN_SNN,1,42,318,S07_KDM,SLOW,346.1889953613281,6.106325626373291,11.127264976501465,14.6484375,0.2042904496192932,0,0.0012540646130219102,0,0.0039038106333464384,0.2701612412929535,0.3708105683326721,0.3590281307697296
CNN_SNN,1,42,319,S07_KDM,SLOW,351.1889953613281,6.065321445465088,15.953768730163574,11.71875,0.16207559406757355,0,0.024080630391836166,0,0.0931871309876442,0.28140681982040405,0.4154731035232544,0.30312013626098633
CNN_SNN,1,42,320,S07_KDM,SLOW,356.1889953613281,5.916553974151611,15.418591499328613,5.126953125,0.4301643669605255,0,0.019200285896658897,0,0.08846699446439743,0.3449624478816986,0.35687676072120667,0.2981608211994171
CNN_SNN,1,42,321,S07_KDM,SLOW,361.1889953613281,6.0332136154174805,11.421964645385742,7.03125,0.5256960391998291,0,0.001341013121418655,0,0.004403301980346441,0.3776926100254059,0.2860889434814453,0.3362184464931488
CNN_SNN,1,42,322,S07_KDM,SLOW,366.1889953613281,5.994546890258789,14.768986701965332,7.03125,0.6271812915802002,0,0.014167644083499908,0,0.05388014391064644,0.3249841034412384,0.32883355021476746,0.34618234634399414
CNN_SNN,1,42,323,S07_KDM,SLOW,371.1889953613281,5.899943828582764,10.40723705291748,15.8203125,0.343962699174881,0,0.0008749998523853719,0,0.0024640464689582586,0.3332711458206177,0.2938098907470703,0.372918963432312
CNN_SNN,1,42,324,S07_KDM,SLOW,376.1889953613281,5.837368965148926,13.704790115356445,7.32421875,0.233342707157135,0,0.007728097029030323,0,0.023978563025593758,0.3839016258716583,0.24757924675941467,0.3685191571712494
CNN_SNN,1,42,325,S07_KDM,HOLD,403.1889953613281,,,,,0,0.09577449411153793,1,0.3334454298019409,0.330223947763443,0.39872562885284424,0.27105042338371277
CNN_SNN,1,42,326,S07_KDM,HOLD,408.1889953613281,,,,,0,0.017641594633460045,1,0.0684029757976532,0.32770371437072754,0.345537394285202,0.32675886154174805
CNN_SNN,1,42,327,S07_KDM,POST_HOLD,436.1889953613281,14.918277740478516,15.1078462600708,12.158203125,0.0022855568677186966,0,0.017769159749150276,0,0.06252545118331909,0.299831360578537,0.3358222544193268,0.36434635519981384
CNN_SNN,1,42,328,S07_KDM,POST_HOLD,441.1889953613281,13.306018829345703,13.196757316589355,15.673828125,0.23523738980293274,0,0.005525259766727686,0,0.016498176380991936,0.3410349190235138,0.3151998817920685,0.34376513957977295
CNN_SNN,1,42,329,S07_KDM,POST_HOLD,446.1889953613281,11.785292625427246,11.49203872680664,13.18359375,0.5727308392524719,0,0.0016837944276630878,0,0.004955339711159468,0.384364515542984,0.3322283625602722,0.28340718150138855
CNN_SNN,1,42,330,S07_KDM,POST_HOLD,451.1889953613281,11.524491310119629,15.542981147766113,11.572265625,0.1286948323249817,0,0.020449647679924965,0,0.07747845351696014,0.33324143290519714,0.34271565079689026,0.3240428864955902
CNN_SNN,1,42,331,S07_KDM,POST_HOLD,456.1889953613281,11.07001781463623,15.035067558288574,8.935546875,0.13835635781288147,0,0.017810193821787834,0,0.07015083730220795,0.3763088881969452,0.3298295736312866,0.2938615083694458
CNN_SNN,1,42,332,S07_KDM,POST_HOLD,461.1889953613281,10.523653984069824,14.087360382080078,10.986328125,0.5598822236061096,0,0.01038336381316185,0,0.03432842716574669,0.28950369358062744,0.3895479440689087,0.32094836235046387
CNN_SNN,1,42,333,S07_KDM,POST_HOLD,466.1889953613281,10.843036651611328,13.867332458496094,11.42578125,0.7018637657165527,0,0.00568753806874156,0,0.020424949005246162,0.3145313262939453,0.35038119554519653,0.33508744835853577
CNN_SNN,1,42,334,S07_KDM,SQUAT,511.1889953613281,,,,,1,0.9972436428070068,0,0.012285825796425343,0.3128603398799896,0.3600231409072876,0.32711657881736755
CNN_SNN,1,42,335,S07_KDM,SQUAT,516.1890258789062,,,,,1,0.9319338798522949,0,0.5520991086959839,0.316070556640625,0.3802517056465149,0.3036777377128601
CNN_SNN,1,42,336,S07_KDM,SQUAT,521.1890258789062,,,,,1,0.952519416809082,0,0.3193833827972412,0.3472050726413727,0.31516730785369873,0.3376275897026062
CNN_SNN,1,42,337,S07_KDM,SQUAT,526.1890258789062,,,,,1,0.9659757614135742,0,0.3640252649784088,0.3347814679145813,0.3037896454334259,0.3614288866519928
CNN_SNN,1,42,338,S07_KDM,SQUAT,531.1890258789062,,,,,1,0.9941112399101257,0,0.11178956180810928,0.35323235392570496,0.326798677444458,0.31996896862983704
CNN_SNN,1,42,339,S07_KDM,SQUAT,536.1890258789062,,,,,1,0.9948453903198242,0,0.10851523280143738,0.31101641058921814,0.342037171125412,0.3469464182853699
CNN_SNN,1,42,340,S07_KDM,SQUAT,541.1890258789062,,,,,1,0.9944196343421936,0,0.11783770471811295,0.3568086326122284,0.3118478059768677,0.33134356141090393
CNN_SNN,1,42,341,S07_KDM,POST_EXERCISE,586.1890258789062,19.097963333129883,22.871807098388672,18.75,0.20793865621089935,0,0.515703022480011,0,0.9093605279922485,0.3424976170063019,0.3520070016384125,0.30549535155296326
CNN_SNN,1,42,342,S07_KDM,POST_EXERCISE,591.1890258789062,21.787181854248047,24.374452590942383,27.392578125,0.1307450383901596,0,0.5812425017356873,0,0.9250501394271851,0.348866730928421,0.32383665442466736,0.3272966146469116
CNN_SNN,1,42,343,S07_KDM,POST_EXERCISE,596.1890258789062,21.671579360961914,17.955989837646484,4.833984375,0.369566947221756,0,0.05819999799132347,0,0.25725528597831726,0.3755389153957367,0.3178938627243042,0.3065672516822815
CNN_SNN,1,42,344,S07_KDM,POST_EXERCISE,601.1890258789062,22.008922576904297,13.181766510009766,18.017578125,0.08676965534687042,0,0.0056381141766905785,0,0.01727430336177349,0.32477736473083496,0.35240358114242554,0.3228189945220947
CNN_SNN,1,42,345,S07_KDM,POST_EXERCISE,606.1890258789062,22.074813842773438,16.519826889038086,12.01171875,0.3826589286327362,0,0.03767621889710426,0,0.13273482024669647,0.326090008020401,0.32433077692985535,0.3495791554450989
CNN_SNN,1,42,346,S07_KDM,POST_EXERCISE,611.1890258789062,21.934215545654297,20.899696350097656,8.7890625,0.00628597242757678,0,0.36589595675468445,0,0.8596204519271851,0.3641720414161682,0.35506752133369446,0.2807604968547821
CNN_SNN,1,42,347,S07_KDM,POST_EXERCISE,616.1890258789062,22.906259536743164,17.63041114807129,9.521484375,0.31408488750457764,0,0.047762516885995865,0,0.20746766030788422,0.3590105473995209,0.32812950015068054,0.3128599524497986
CNN_SNN,1,42,1158,S23_KDM,FACE_R1,29.916000366210938,14.881219863891602,13.398558616638184,6.884765625,0.2347913533449173,0,0.0056941998191177845,0,0.01722618006169796,0.3205207288265228,0.3402363657951355,0.3392429053783417
CNN_SNN,1,42,1159,S23_KDM,FACE_R1,34.91600036621094,15.79508113861084,15.018662452697754,16.40625,0.335275799036026,0,0.014383240602910519,0,0.05155148729681969,0.32225462794303894,0.346570760011673,0.3311746120452881
CNN_SNN,1,42,1160,S23_KDM,FACE_R1,39.91600036621094,16.344478607177734,16.861751556396484,17.578125,0.16830922663211823,0,0.061498239636421204,0,0.23230041563510895,0.380618155002594,0.3161128759384155,0.3032689392566681
CNN_SNN,1,42,1161,S23_KDM,FACE_R1,44.91600036621094,15.675403594970703,16.285625457763672,18.1640625,0.10073570162057877,0,0.0302679855376482,0,0.11618161201477051,0.3442313075065613,0.30405908823013306,0.3517095744609833
CNN_SNN,1,42,1162,S23_KDM,FACE_R1,49.91600036621094,15.751214981079102,12.050010681152344,4.248046875,0.4264531433582306,0,0.0023528377059847116,0,0.007216508500277996,0.3398909568786621,0.33527952432632446,0.3248295485973358
CNN_SNN,1,42,1163,S23_KDM,FACE_R2,82.5,12.794060707092285,13.835776329040527,4.248046875,0.22836731374263763,0,0.011135604232549667,0,0.03319358453154564,0.2800578474998474,0.3938673734664917,0.3260746896266937
CNN_SNN,1,42,1164,S23_KDM,FACE_R2,87.5,12.579923629760742,12.275546073913574,6.298828125,0.403428316116333,0,0.0030139004811644554,0,0.009496444836258888,0.34629151225090027,0.2987580895423889,0.3549503982067108
CNN_SNN,1,42,1165,S23_KDM,FACE_R2,92.5,12.863059043884277,14.729301452636719,9.9609375,0.10151523351669312,0,0.013138898648321629,0,0.050367921590805054,0.38016411662101746,0.3404950797557831,0.27934083342552185
CNN_SNN,1,42,1166,S23_KDM,FACE_R2,97.5,12.73784065246582,13.370899200439453,5.56640625,0.1539577692747116,0,0.005544976331293583,0,0.01805303618311882,0.3147278428077698,0.2994529604911804,0.3858191967010498
CNN_SNN,1,42,1167,S23_KDM,FACE_R2,102.5,12.4587984085083,16.5654354095459,16.11328125,0.33178237080574036,0,0.03425411880016327,0,0.14552392065525055,0.34586209058761597,0.3163563013076782,0.3377815783023834
CNN_SNN,1,42,1168,S23_KDM,FACE_R2,107.5,10.93991756439209,12.416830062866211,9.08203125,0.2883995771408081,0,0.0032130570616573095,0,0.009310430847108364,0.32936742901802063,0.28757917881011963,0.38305336236953735
CNN_SNN,1,42,1169,S23_KDM,FACE_R2,112.5,10.457398414611816,15.129603385925293,13.4765625,0.2507069408893585,0,0.018516816198825836,0,0.06640972197055817,0.3540007174015045,0.3132009208202362,0.3327983319759369
CNN_SNN,1,42,1170,S23_KDM,FACE_R3,144.6999969482422,11.643091201782227,11.8192777633667,4.248046875,0.09506286680698395,0,0.0023114492651075125,0,0.007173121906816959,0.34241726994514465,0.32065996527671814,0.336922824382782
CNN_SNN,1,42,1171,S23_KDM,FACE_R3,149.6999969482422,10.834474563598633,12.429339408874512,5.126953125,0.4183387756347656,0,0.0042571756057441235,0,0.012061532586812973,0.3330172598361969,0.3430483043193817,0.323934406042099
CNN_SNN,1,42,1172,S23_KDM,FACE_R3,154.6999969482422,10.714127540588379,14.53331470489502,10.83984375,0.024610958993434906,0,0.013806911185383797,0,0.045270197093486786,0.3799142837524414,0.31985270977020264,0.3002329468727112
CNN_SNN,1,42,1173,S23_KDM,FACE_R3,159.6999969482422,9.990365982055664,13.472092628479004,10.546875,0.31838101148605347,0,0.007084198761731386,0,0.021270528435707092,0.3639741539955139,0.3740176558494568,0.2620081901550293
CNN_SNN,1,42,1174,S23_KDM,FACE_R3,164.6999969482422,10.26233196258545,12.764163970947266,9.375,0.31485822796821594,0,0.004414782393723726,0,0.013030248694121838,0.31468629837036133,0.3096484839916229,0.37566521763801575
CNN_SNN,1,42,1175,S23_KDM,FACE_R3,169.6999969482422,10.88874626159668,12.25191879272461,12.890625,0.44118934869766235,0,0.0036897403188049793,0,0.010407897643744946,0.3032407760620117,0.34545859694480896,0.35130056738853455
CNN_SNN,1,42,1176,S23_KDM,FACE_R3,174.6999969482422,11.757439613342285,15.813634872436523,10.400390625,0.5634315013885498,0,0.025617003440856934,0,0.09984481334686279,0.31241434812545776,0.35586977005004883,0.331715852022171
CNN_SNN,1,42,1177,S23_KDM,FACE_R3,179.6999969482422,11.8009672164917,18.24933433532715,8.203125,0.10370118916034698,0,0.07050123810768127,0,0.2870979607105255,0.31170424818992615,0.40011486411094666,0.2881809175014496
CNN_SNN,1,42,1178,S23_KDM,FACE_R3,184.6999969482422,10.985044479370117,17.09184455871582,15.8203125,0.3804740607738495,0,0.21672409772872925,0,0.5482743978500366,0.3083595931529999,0.37955665588378906,0.31208378076553345
CNN_SNN,1,42,1179,S23_KDM,NORMAL,241.60800170898438,15.021860122680664,16.969057083129883,5.56640625,0.2963837683200836,0,0.04466232284903526,0,0.1828509122133255,0.3582198917865753,0.34028175473213196,0.3014983534812927
CNN_SNN,1,42,1180,S23_KDM,NORMAL,246.60800170898438,13.96950626373291,15.261245727539062,19.189453125,0.15003468096256256,0,0.01805950701236725,0,0.06628575176000595,0.33515211939811707,0.3361552357673645,0.32869264483451843
CNN_SNN,1,42,1181,S23_KDM,NORMAL,251.60800170898438,13.196724891662598,13.20130729675293,11.71875,0.36787715554237366,0,0.006692664232105017,0,0.01947103440761566,0.34371304512023926,0.3385407030582428,0.31774628162384033
CNN_SNN,1,42,1182,S23_KDM,NORMAL,256.6080017089844,13.552104949951172,14.069106101989746,13.4765625,0.411651611328125,0,0.010593099519610405,0,0.03317208215594292,0.2899681329727173,0.31388306617736816,0.39614877104759216
CNN_SNN,1,42,1183,S23_KDM,NORMAL,261.6080017089844,14.39883041381836,14.984062194824219,15.234375,0.4020780622959137,0,0.013030113652348518,0,0.04618056118488312,0.30997583270072937,0.30684956908226013,0.3831746578216553
CNN_SNN,1,42,1184,S23_KDM,NORMAL,266.6080017089844,14.83925724029541,17.512516021728516,13.4765625,0.31162509322166443,0,0.05866139754652977,0,0.24193242192268372,0.38335463404655457,0.2777593433856964,0.3388860523700714
CNN_SNN,1,42,1185,S23_KDM,NORMAL,271.6080017089844,16.682527542114258,16.159547805786133,15.673828125,0.10941606760025024,0,0.031326230615377426,0,0.13001284003257751,0.3339388072490692,0.36753877997398376,0.2985224723815918
CNN_SNN,1,42,1186,S23_KDM,SLOW,301.6080017089844,6.23196268081665,12.022724151611328,23.14453125,0.18866702914237976,0,0.0022865149658173323,0,0.00699762674048543,0.344381719827652,0.3145819902420044,0.341036319732666
CNN_SNN,1,42,1187,S23_KDM,SLOW,306.6080017089844,6.079474449157715,10.825258255004883,11.1328125,0.012061601504683495,0,0.0011639368021860719,0,0.003325857687741518,0.40531831979751587,0.3040236830711365,0.29065796732902527
CNN_SNN,1,42,1188,S23_KDM,SLOW,311.6080017089844,6.174802303314209,12.550878524780273,17.578125,0.4622746706008911,0,0.00408104807138443,0,0.01169627159833908,0.3944203555583954,0.30462515354156494,0.3009544610977173
CNN_SNN,1,42,1189,S23_KDM,SLOW,316.6080017089844,6.396148681640625,9.211980819702148,20.068359375,0.014650881290435791,0,0.0004318800929468125,0,0.0012344614369794726,0.32051289081573486,0.3445906639099121,0.3348964750766754
CNN_SNN,1,42,1190,S23_KDM,SLOW,321.6080017089844,6.361993312835693,12.007781982421875,15.087890625,0.23966197669506073,0,0.0027921702712774277,0,0.007771691307425499,0.3613584041595459,0.30182912945747375,0.33681246638298035
CNN_SNN,1,42,1191,S23_KDM,SLOW,326.6080017089844,5.971334457397461,14.254549026489258,8.49609375,0.20635448396205902,0,0.010175155475735664,0,0.03560507297515869,0.3230026066303253,0.3398517966270447,0.33714553713798523
CNN_SNN,1,42,1192,S23_KDM,SLOW,331.6080017089844,6.017910957336426,11.056848526000977,12.158203125,0.016627168282866478,0,0.0011566889006644487,0,0.003529403591528535,0.34977611899375916,0.2831918001174927,0.36703217029571533
CNN_SNN,1,42,1193,S23_KDM,HOLD,358.6080017089844,,,,,0,0.20518232882022858,1,0.7128186225891113,0.4212057292461395,0.29307812452316284,0.28571614623069763
CNN_SNN,1,42,1194,S23_KDM,HOLD,363.6080017089844,,,,,0,0.005829080007970333,1,0.01761898398399353,0.3662722408771515,0.26476284861564636,0.3689649701118469
CNN_SNN,1,42,1195,S23_KDM,POST_HOLD,391.6080017089844,11.829782485961914,15.309277534484863,6.15234375,0.22350150346755981,0,0.017606211826205254,0,0.06865588575601578,0.3423142731189728,0.3565231263637543,0.3011625409126282
CNN_SNN,1,42,1196,S23_KDM,POST_HOLD,396.6080017089844,13.671072959899902,19.353641510009766,19.189453125,0.1326681673526764,0,0.12767739593982697,0,0.4946216940879822,0.36856913566589355,0.3226734399795532,0.30875736474990845
CNN_SNN,1,42,1197,S23_KDM,POST_HOLD,401.6080017089844,16.01715850830078,18.110843658447266,6.005859375,0.24078144133090973,0,0.0761781707406044,0,0.3591843843460083,0.37264660000801086,0.35424405336380005,0.2731093764305115
CNN_SNN,1,42,1198,S23_KDM,POST_HOLD,406.6080017089844,15.61397933959961,14.39986515045166,13.623046875,0.3406895697116852,0,0.008742433041334152,0,0.03478342667222023,0.36303356289863586,0.33198899030685425,0.3049774467945099
CNN_SNN,1,42,1199,S23_KDM,POST_HOLD,411.6080017089844,14.127936363220215,14.041504859924316,5.859375,0.13668803870677948,0,0.008152234368026257,0,0.02646920271217823,0.3531639873981476,0.35537227988243103,0.291463702917099
CNN_SNN,1,42,1200,S23_KDM,POST_HOLD,416.6080017089844,11.941170692443848,16.63008689880371,7.177734375,0.14651694893836975,0,0.03469274565577507,0,0.1433652639389038,0.31999844312667847,0.3368881940841675,0.34311333298683167
CNN_SNN,1,42,1201,S23_KDM,POST_HOLD,421.6080017089844,10.301515579223633,16.433399200439453,7.03125,0.16609768569469452,0,0.041697267442941666,0,0.1494259238243103,0.3611273765563965,0.2979290187358856,0.3409436345100403
CNN_SNN,1,42,1202,S23_KDM,SQUAT,466.6080017089844,,,,,1,0.9992307424545288,0,0.009965544566512108,0.33172789216041565,0.36076515913009644,0.3075069487094879
CNN_SNN,1,42,1203,S23_KDM,SQUAT,471.6080017089844,,,,,1,0.999671220779419,0,0.00530426949262619,0.33072108030319214,0.3367763161659241,0.3325025141239166
CNN_SNN,1,42,1204,S23_KDM,SQUAT,476.6080017089844,,,,,1,0.9994511008262634,0,0.006908020935952663,0.3341556191444397,0.31296801567077637,0.35287636518478394
CNN_SNN,1,42,1205,S23_KDM,SQUAT,481.6080017089844,,,,,1,0.9995723366737366,0,0.0061400881968438625,0.3184756338596344,0.33921018242836,0.3423141837120056
CNN_SNN,1,42,1206,S23_KDM,SQUAT,486.6080017089844,,,,,1,0.9990309476852417,0,0.011092368513345718,0.3399859666824341,0.30830734968185425,0.35170674324035645
CNN_SNN,1,42,1207,S23_KDM,SQUAT,491.6080017089844,,,,,1,0.9984785914421082,0,0.022130532190203667,0.33710846304893494,0.3385392129421234,0.3243522644042969
CNN_SNN,1,42,1208,S23_KDM,SQUAT,496.6080017089844,,,,,1,0.999107301235199,0,0.013250468298792839,0.35861697793006897,0.3247201144695282,0.31666281819343567
CNN_SNN,1,42,1209,S23_KDM,POST_EXERCISE,541.6079711914062,39.56249237060547,23.129796981811523,13.4765625,0.24599632620811462,0,0.8363969326019287,0,0.7708045840263367,0.30514147877693176,0.3489856719970703,0.34587278962135315
CNN_SNN,1,42,1210,S23_KDM,POST_EXERCISE,546.6079711914062,39.94282913208008,22.56330108642578,18.75,0.1674748808145523,0,0.823012113571167,0,0.7714647054672241,0.30662599205970764,0.34733864665031433,0.3460354208946228
CNN_SNN,1,42,1211,S23_KDM,POST_EXERCISE,551.6079711914062,40.70159149169922,19.25596046447754,6.298828125,0.144819974899292,0,0.9867721199989319,0,0.2150440365076065,0.3062361776828766,0.3449387550354004,0.348825067281723
CNN_SNN,1,42,1212,S23_KDM,POST_EXERCISE,556.6079711914062,41.19873046875,23.316980361938477,9.08203125,0.048404403030872345,0,0.861515462398529,0,0.7708567380905151,0.3563280403614044,0.29281318187713623,0.35085874795913696
CNN_SNN,1,42,1213,S23_KDM,POST_EXERCISE,561.6079711914062,40.46358108520508,20.34488868713379,6.005859375,0.10267384350299835,0,0.1857844591140747,0,0.6569808721542358,0.30960601568222046,0.35849928855895996,0.33189472556114197
CNN_SNN,1,42,1214,S23_KDM,POST_EXERCISE,566.6079711914062,39.55258560180664,23.403919219970703,22.265625,0.016463585197925568,0,0.6458429098129272,0,0.8879385590553284,0.28262844681739807,0.37129727005958557,0.34607425332069397
CNN_SNN,1,42,1215,S23_KDM,POST_EXERCISE,571.6079711914062,37.67329788208008,20.421886444091797,9.66796875,0.018423419445753098,0,0.8945481181144714,0,0.5962187051773071,0.36505967378616333,0.3037700951099396,0.33117014169692993
CNN_SNN,1,42,1333,S27_HDH,FACE_R1,17.25,19.942113876342773,17.480464935302734,5.859375,0.17708568274974823,0,0.060825448483228683,0,0.23639017343521118,0.3732781410217285,0.34095776081085205,0.2857641577720642
CNN_SNN,1,42,1334,S27_HDH,FACE_R1,22.25,16.829940795898438,14.919384002685547,7.91015625,0.19282329082489014,0,0.01303194835782051,0,0.05094074830412865,0.32048499584198,0.31900855898857117,0.36050647497177124
CNN_SNN,1,42,1335,S27_HDH,FACE_R1,27.25,18.848583221435547,18.234615325927734,21.38671875,0.24167416989803314,0,0.11949718743562698,0,0.4749094247817993,0.3551517724990845,0.33332744240760803,0.3115207552909851
CNN_SNN,1,42,1336,S27_HDH,FACE_R1,32.25,19.922672271728516,18.103944778442383,4.98046875,0.13300150632858276,0,0.08890573680400848,0,0.37687358260154724,0.35258862376213074,0.373058557510376,0.27435290813446045
CNN_SNN,1,42,1337,S27_HDH,FACE_R1,37.25,19.914377212524414,12.399826049804688,20.80078125,0.3168269693851471,0,0.0036369182635098696,0,0.010936693288385868,0.3237508535385132,0.36124882102012634,0.3150002956390381
CNN_SNN,1,42,1338,S27_HDH,FACE_R1,42.25,19.10402488708496,11.42811393737793,19.921875,0.2538314461708069,0,0.00225765909999609,0,0.00596723984926939,0.3451595604419708,0.35851308703422546,0.2963273227214813
CNN_SNN,1,42,1339,S27_HDH,FACE_R1,47.25,18.93134117126465,11.947732925415039,7.91015625,0.0034012794494628906,0,0.001767484936863184,0,0.005590516142547131,0.31935420632362366,0.35368067026138306,0.32696518301963806
CNN_SNN,1,42,1340,S27_HDH,FACE_R2,81.0,17.116962432861328,14.583348274230957,17.138671875,0.4502473771572113,0,0.011706368997693062,0,0.045700132846832275,0.3606756627559662,0.3089836835861206,0.330340713262558
CNN_SNN,1,42,1341,S27_HDH,FACE_R2,86.0,18.086719512939453,16.11617660522461,16.11328125,0.15354801714420319,0,0.022088978439569473,0,0.08822212368249893,0.3469640016555786,0.3454049825668335,0.3076309859752655
CNN_SNN,1,42,1342,S27_HDH,FACE_R2,91.0,19.38068389892578,15.586942672729492,18.75,0.6430460214614868,0,0.02017979323863983,0,0.07417614012956619,0.35648947954177856,0.3274960517883301,0.31601452827453613
CNN_SNN,1,42,1343,S27_HDH,FACE_R2,96.0,19.31313705444336,15.735634803771973,18.896484375,0.2835206687450409,0,0.022838959470391273,0,0.08056226372718811,0.30531418323516846,0.3628140687942505,0.33187177777290344
CNN_SNN,1,42,1344,S27_HDH,FACE_R2,101.0,19.77394676208496,14.342074394226074,19.189453125,0.5219939947128296,0,0.008335734717547894,0,0.030897464603185654,0.34466221928596497,0.38980016112327576,0.2655375897884369
CNN_SNN,1,42,1345,S27_HDH,FACE_R2,106.0,19.9125919342041,17.148916244506836,18.603515625,0.025326423346996307,0,0.0513107031583786,0,0.1914505511522293,0.37899887561798096,0.3051397502422333,0.315861314535141
CNN_SNN,1,42,1346,S27_HDH,FACE_R2,111.0,19.779905319213867,16.707361221313477,18.017578125,0.4158136248588562,0,0.06791508942842484,0,0.22344861924648285,0.3505667448043823,0.2738396227359772,0.3755936324596405
CNN_SNN,1,42,1347,S27_HDH,FACE_R3,143.0,16.50450325012207,12.408032417297363,13.916015625,0.423786997795105,0,0.0033099220599979162,0,0.009891592897474766,0.36731526255607605,0.3370063602924347,0.29567837715148926
CNN_SNN,1,42,1348,S27_HDH,FACE_R3,148.0,13.164850234985352,13.682390213012695,13.916015625,0.19408954679965973,0,0.00817077700048685,0,0.027163436636328697,0.3221772015094757,0.342233806848526,0.3355889618396759
CNN_SNN,1,42,1349,S27_HDH,FACE_R3,153.0,14.186861038208008,16.72133445739746,18.310546875,0.045953236520290375,0,0.04000764340162277,0,0.1588275283575058,0.3160349428653717,0.3566987216472626,0.3272663652896881
CNN_SNN,1,42,1350,S27_HDH,FACE_R3,158.0,14.193592071533203,12.446148872375488,29.150390625,0.2980692386627197,0,0.003226442961022258,0,0.010311054065823555,0.2646549642086029,0.37858498096466064,0.35676005482673645
CNN_SNN,1,42,1351,S27_HDH,FACE_R3,163.0,16.46540069580078,12.089590072631836,12.451171875,0.19183605909347534,0,0.002636553253978491,0,0.007983911782503128,0.30020761489868164,0.33982184529304504,0.3599705398082733
CNN_SNN,1,42,1352,S27_HDH,FACE_R3,168.0,18.099172592163086,12.972298622131348,6.15234375,0.2379978895187378,0,0.004844765644520521,0,0.014684849418699741,0.3221367597579956,0.33996638655662537,0.33789679408073425
CNN_SNN,1,42,1353,S27_HDH,FACE_R3,173.0,19.036766052246094,15.120401382446289,5.2734375,0.4630497097969055,0,0.014409140683710575,0,0.05452829599380493,0.3432285189628601,0.332405686378479,0.3243657648563385
CNN_SNN,1,42,1354,S27_HDH,NORMAL,234.0,15.53184986114502,13.712315559387207,9.08203125,0.24328993260860443,0,0.006021538283675909,0,0.021579286083579063,0.33951684832572937,0.35743123292922974,0.3030518889427185
CNN_SNN,1,42,1355,S27_HDH,NORMAL,239.0,17.36397933959961,13.919659614562988,16.552734375,0.6104767322540283,0,0.009551425464451313,0,0.03068511001765728,0.3450683355331421,0.3632972240447998,0.2916344106197357
CNN_SNN,1,42,1356,S27_HDH,NORMAL,244.0,18.673341751098633,13.753460884094238,17.28515625,0.39539822936058044,0,0.006769577972590923,0,0.021518263965845108,0.38743236660957336,0.3119584023952484,0.3006092309951782
CNN_SNN,1,42,1357,S27_HDH,NORMAL,249.0,22.534639358520508,12.048603057861328,11.279296875,0.043323419988155365,0,0.003616509959101677,0,0.009628353640437126,0.36359670758247375,0.3146941661834717,0.3217090964317322
CNN_SNN,1,42,1358,S27_HDH,NORMAL,254.0,22.058120727539062,17.62717628479004,13.037109375,0.013011608272790909,0,0.057756297290325165,0,0.23790620267391205,0.3214006721973419,0.3404514789581299,0.3381478190422058
CNN_SNN,1,42,1359,S27_HDH,NORMAL,259.0,21.8176212310791,15.240920066833496,9.521484375,0.24654743075370789,0,0.01854194700717926,0,0.06772270053625107,0.35578465461730957,0.3587164282798767,0.2854989767074585
CNN_SNN,1,42,1360,S27_HDH,NORMAL,264.0,22.107240676879883,22.955123901367188,11.1328125,0.46097567677497864,0,0.4442114531993866,0,0.8979535102844238,0.3170854151248932,0.36732885241508484,0.315585732460022
CNN_SNN,1,42,1361,S27_HDH,SLOW,294.0,6.100888729095459,12.325443267822266,5.712890625,0.07507222890853882,0,0.0032834713347256184,0,0.011778797954320908,0.316117525100708,0.33643731474876404,0.34744513034820557
CNN_SNN,1,42,1362,S27_HDH,SLOW,299.0,5.943435192108154,11.003789901733398,12.01171875,0.2732752561569214,0,0.0012675262987613678,0,0.003757624886929989,0.34536534547805786,0.32208913564682007,0.3325454890727997
CNN_SNN,1,42,1363,S27_HDH,SLOW,304.0,6.064233779907227,10.443071365356445,12.59765625,0.25305697321891785,0,0.0009443059097975492,0,0.0026782534550875425,0.338837206363678,0.33035898208618164,0.33080387115478516
CNN_SNN,1,42,1364,S27_HDH,SLOW,309.0,5.997296333312988,14.788747787475586,6.4453125,0.5844869613647461,0,0.013877181336283684,0,0.05181783810257912,0.4079429805278778,0.27060961723327637,0.3214474320411682
CNN_SNN,1,42,1365,S27_HDH,SLOW,314.0,6.077063083648682,12.206584930419922,12.59765625,0.13922597467899323,0,0.004555514547973871,0,0.013091783039271832,0.34562426805496216,0.3154871463775635,0.33888861536979675
CNN_SNN,1,42,1366,S27_HDH,SLOW,319.0,5.948195457458496,11.22053337097168,4.6875,0.15585696697235107,0,0.0013814435806125402,0,0.0042774551548063755,0.29069676995277405,0.35001301765441895,0.3592901825904846
CNN_SNN,1,42,1367,S27_HDH,SLOW,324.0,6.088217735290527,13.851766586303711,24.169921875,0.03269043564796448,0,0.007489947602152824,0,0.027139591053128242,0.2959839999675751,0.3535589575767517,0.35045695304870605
CNN_SNN,1,42,1368,S27_HDH,HOLD,351.0,,,,,0,0.08573494851589203,1,0.35524919629096985,0.36470741033554077,0.3208577036857605,0.31443488597869873
CNN_SNN,1,42,1369,S27_HDH,HOLD,356.0,,,,,0,0.03996302932500839,1,0.15580731630325317,0.2867647707462311,0.2872614860534668,0.4259737432003021
CNN_SNN,1,42,1370,S27_HDH,POST_HOLD,384.0,20.496896743774414,13.524881362915039,22.8515625,0.09100417792797089,0,0.007114708423614502,0,0.02271457016468048,0.34353551268577576,0.32557177543640137,0.33089277148246765
CNN_SNN,1,42,1371,S27_HDH,POST_HOLD,389.0,19.553503036499023,14.869773864746094,14.208984375,0.40951621532440186,0,0.012550297193229198,0,0.04530372843146324,0.37537896633148193,0.28248825669288635,0.3421327471733093
CNN_SNN,1,42,1372,S27_HDH,POST_HOLD,394.0,20.89385414123535,13.680511474609375,20.654296875,0.3696274161338806,0,0.00667499890550971,0,0.02313249185681343,0.33879566192626953,0.365552693605423,0.29565170407295227
CNN_SNN,1,42,1373,S27_HDH,POST_HOLD,399.0,23.187292098999023,15.851552963256836,22.55859375,0.3941836655139923,0,0.028842797502875328,0,0.10249720513820648,0.36264604330062866,0.30852556228637695,0.3288283348083496
CNN_SNN,1,42,1374,S27_HDH,POST_HOLD,404.0,25.905942916870117,17.96670150756836,7.91015625,0.1376669853925705,0,0.072733074426651,0,0.29445192217826843,0.3843676745891571,0.3370734751224518,0.27855879068374634
CNN_SNN,1,42,1375,S27_HDH,POST_HOLD,409.0,28.504066467285156,13.625967979431152,10.986328125,0.05608852207660675,0,0.00774289108812809,0,0.023156292736530304,0.34644022583961487,0.33350375294685364,0.3200560510158539
CNN_SNN,1,42,1376,S27_HDH,POST_HOLD,414.0,21.103755950927734,14.654548645019531,9.228515625,0.24417729675769806,0,0.01087802741676569,0,0.03874935582280159,0.32557564973831177,0.3305933475494385,0.34383097290992737
CNN_SNN,1,42,1377,S27_HDH,SQUAT,459.0,,,,,1,0.9969645142555237,0,0.06339731067419052,0.3214157521724701,0.3430284857749939,0.3355557322502136
CNN_SNN,1,42,1378,S27_HDH,SQUAT,464.0,,,,,1,0.9884595274925232,0,0.22573482990264893,0.36273255944252014,0.3201293647289276,0.3171381652355194
CNN_SNN,1,42,1379,S27_HDH,SQUAT,469.0,,,,,1,0.9992362260818481,0,0.012252921238541603,0.31566059589385986,0.34418806433677673,0.340151309967041
CNN_SNN,1,42,1380,S27_HDH,SQUAT,474.0,,,,,1,0.9998331069946289,0,0.002960213925689459,0.3407457768917084,0.3324265778064728,0.32682761549949646
CNN_SNN,1,42,1381,S27_HDH,SQUAT,479.0,,,,,1,0.9997641444206238,0,0.0038650466594845057,0.3266749978065491,0.33608248829841614,0.3372425436973572
CNN_SNN,1,42,1382,S27_HDH,SQUAT,484.0,,,,,1,0.9997879862785339,0,0.003339672228321433,0.3284083902835846,0.3688804805278778,0.30271103978157043
CNN_SNN,1,42,1383,S27_HDH,SQUAT,489.0,,,,,1,0.9991751313209534,0,0.013506876304745674,0.3567871153354645,0.3110549747943878,0.3321578800678253
CNN_SNN,1,42,1384,S27_HDH,POST_EXERCISE,534.0,6.341900825500488,21.597320556640625,5.859375,0.5034987926483154,0,0.9793703556060791,0,0.3971709907054901,0.38928696513175964,0.2865597605705261,0.32415324449539185
CNN_SNN,1,42,1385,S27_HDH,POST_EXERCISE,539.0,5.734862804412842,17.14997100830078,5.2734375,0.17326273024082184,0,0.9919028878211975,0,0.12140854448080063,0.3493306636810303,0.33563509583473206,0.3150341808795929
CNN_SNN,1,42,1386,S27_HDH,POST_EXERCISE,544.0,8.58456802368164,17.87958526611328,22.265625,0.006251935847103596,0,0.993171215057373,0,0.11964049935340881,0.34903115034103394,0.33537372946739197,0.3155951201915741
CNN_SNN,1,42,1387,S27_HDH,POST_EXERCISE,549.0,9.344420433044434,20.40460205078125,8.49609375,0.38336998224258423,0,0.9193633794784546,0,0.5620036125183105,0.3848189115524292,0.3172580301761627,0.2979230582714081
CNN_SNN,1,42,1388,S27_HDH,POST_EXERCISE,554.0,10.0616455078125,24.47524070739746,11.865234375,0.3304460644721985,0,0.8655846118927002,0,0.8118966817855835,0.35041987895965576,0.2861190736293793,0.36346107721328735
CNN_SNN,1,42,1389,S27_HDH,POST_EXERCISE,559.0,9.485494613647461,20.773204803466797,9.521484375,0.37165340781211853,0,0.8378254771232605,0,0.6975195407867432,0.349936306476593,0.36283960938453674,0.28722408413887024
CNN_SNN,1,42,1390,S27_HDH,POST_EXERCISE,564.0,8.809793472290039,22.01007080078125,6.15234375,0.08443576842546463,0,0.9622868895530701,0,0.47754207253456116,0.32728761434555054,0.34714701771736145,0.325565367937088
CNN_SNN,1,42,1449,S29_LHS,FACE_R1,28.804000854492188,15.013948440551758,14.285903930664062,14.35546875,0.5949333310127258,0,0.01077019702643156,0,0.036280035972595215,0.30010002851486206,0.3710922598838806,0.32880768179893494
CNN_SNN,1,42,1450,S29_LHS,FACE_R1,33.80400085449219,14.367502212524414,15.492944717407227,6.73828125,0.03049764595925808,0,0.026150457561016083,0,0.09137386828660965,0.33428728580474854,0.3318047523498535,0.33390796184539795
CNN_SNN,1,42,1451,S29_LHS,FACE_R1,38.80400085449219,14.211820602416992,17.341882705688477,13.623046875,0.6065622568130493,0,0.04497331380844116,0,0.1823865920305252,0.31412142515182495,0.3110460937023163,0.3748324513435364
CNN_SNN,1,42,1452,S29_LHS,FACE_R1,43.80400085449219,14.394306182861328,14.658332824707031,14.0625,0.23724760115146637,0,0.009168089367449284,0,0.03582964465022087,0.31366896629333496,0.3846251368522644,0.301705926656723
CNN_SNN,1,42,1453,S29_LHS,FACE_R1,48.80400085449219,14.321687698364258,17.88932991027832,13.18359375,0.5695226192474365,0,0.06298919767141342,0,0.27053430676460266,0.3727462887763977,0.3096722364425659,0.31758153438568115
CNN_SNN,1,42,1454,S29_LHS,FACE_R1,53.80400085449219,14.534236907958984,16.123695373535156,14.35546875,0.03643687814474106,0,0.018433542922139168,0,0.08245348930358887,0.29360443353652954,0.4001711905002594,0.30622434616088867
CNN_SNN,1,42,1455,S29_LHS,FACE_R2,88.80000305175781,13.933293342590332,13.292988777160645,7.177734375,0.2579762935638428,0,0.006093939766287804,0,0.01928088255226612,0.33407777547836304,0.3186177909374237,0.3473043739795685
CNN_SNN,1,42,1456,S29_LHS,FACE_R2,93.80000305175781,14.029947280883789,14.736042976379395,6.4453125,0.34646785259246826,0,0.016765324398875237,0,0.05425034090876579,0.36973661184310913,0.334163635969162,0.29609978199005127
CNN_SNN,1,42,1457,S29_LHS,FACE_R2,98.80000305175781,14.262389183044434,13.4740629196167,13.330078125,0.31234318017959595,0,0.006418978795409203,0,0.019394220784306526,0.3501608371734619,0.37657102942466736,0.2732681632041931
CNN_SNN,1,42,1458,S29_LHS,FACE_R2,103.80000305175781,14.193808555603027,15.31125545501709,13.037109375,0.2464791089296341,0,0.019245365634560585,0,0.0671854093670845,0.38859808444976807,0.2828793525695801,0.3285224735736847
CNN_SNN,1,42,1459,S29_LHS,FACE_R2,108.80000305175781,14.00449275970459,16.229877471923828,11.865234375,0.3384256362915039,0,0.030045153573155403,0,0.10868436843156815,0.33790823817253113,0.2902032732963562,0.37188851833343506
CNN_SNN,1,42,1460,S29_LHS,FACE_R2,113.80000305175781,14.331029891967773,13.90628719329834,8.49609375,0.23952245712280273,0,0.010412190109491348,0,0.031419504433870316,0.32833215594291687,0.3637668788433075,0.30790096521377563
CNN_SNN,1,42,1461,S29_LHS,FACE_R2,118.80000305175781,15.664525032043457,16.11165428161621,26.513671875,0.4362250864505768,0,0.02760692685842514,0,0.1084299236536026,0.3364804983139038,0.38434725999832153,0.2791721820831299
CNN_SNN,1,42,1462,S29_LHS,FACE_R3,150.89999389648438,15.285313606262207,19.88007926940918,13.916015625,0.4223853349685669,0,0.1868342161178589,0,0.611116886138916,0.39163443446159363,0.2832602560520172,0.32510533928871155
CNN_SNN,1,42,1463,S29_LHS,FACE_R3,155.89999389648438,15.40030574798584,16.508209228515625,8.49609375,0.1738225221633911,0,0.035334981977939606,0,0.1218797117471695,0.317777544260025,0.32371124625205994,0.35851120948791504
CNN_SNN,1,42,1464,S29_LHS,FACE_R3,160.89999389648438,14.245471954345703,21.097286224365234,14.794921875,0.08718438446521759,0,0.29287418723106384,0,0.7758098840713501,0.33171936869621277,0.2809850573539734,0.3872956335544586
CNN_SNN,1,42,1465,S29_LHS,FACE_R3,165.89999389648438,14.051618576049805,16.4742431640625,15.673828125,0.4025885760784149,0,0.026666922494769096,0,0.11226944625377655,0.3368864357471466,0.32335829734802246,0.33975523710250854
CNN_SNN,1,42,1466,S29_LHS,FACE_R3,170.89999389648438,15.003582000732422,17.6505126953125,13.916015625,0.2553604543209076,0,0.08834100514650345,0,0.30780529975891113,0.2895626425743103,0.36566200852394104,0.34477540850639343
CNN_SNN,1,42,1467,S29_LHS,FACE_R3,175.89999389648438,14.060160636901855,16.34857749938965,6.005859375,0.20077915489673615,0,0.034358348697423935,0,0.12597814202308655,0.3158220648765564,0.3367505967617035,0.3474273383617401
CNN_SNN,1,42,1468,S29_LHS,FACE_R3,180.89999389648438,13.716137886047363,17.493579864501953,12.3046875,0.04495501518249512,0,0.07042151689529419,0,0.25082990527153015,0.3115820288658142,0.31016385555267334,0.3782541751861572
CNN_SNN,1,42,1469,S29_LHS,NORMAL,244.5260009765625,18.760000228881836,16.177568435668945,12.3046875,0.3762148916721344,0,0.025565503165125847,0,0.09548697620630264,0.3587038218975067,0.32376769185066223,0.31752845644950867
CNN_SNN,1,42,1470,S29_LHS,NORMAL,249.5260009765625,18.484861373901367,16.19883155822754,18.896484375,0.35755467414855957,0,0.02537943236529827,0,0.09184504300355911,0.3679988980293274,0.3083648979663849,0.32363614439964294
CNN_SNN,1,42,1471,S29_LHS,NORMAL,254.5260009765625,17.902652740478516,21.989734649658203,6.4453125,0.2849714756011963,0,0.37913480401039124,0,0.8639737367630005,0.3391827940940857,0.31902796030044556,0.34178924560546875
CNN_SNN,1,42,1472,S29_LHS,NORMAL,259.5260009765625,17.5338191986084,18.99185562133789,8.935546875,0.07080240547657013,0,0.13330800831317902,0,0.48791593313217163,0.34890222549438477,0.2929263710975647,0.35817140340805054
CNN_SNN,1,42,1473,S29_LHS,NORMAL,264.5260009765625,17.740234375,17.300216674804688,9.08203125,0.29765602946281433,0,0.07609859108924866,0,0.26784294843673706,0.335999995470047,0.30810800194740295,0.35589197278022766
CNN_SNN,1,42,1474,S29_LHS,NORMAL,269.5260009765625,17.710147857666016,15.81480884552002,12.59765625,0.16597327589988708,0,0.021605532616376877,0,0.08594971895217896,0.3023308217525482,0.3154953122138977,0.38217395544052124
CNN_SNN,1,42,1475,S29_LHS,NORMAL,274.5260009765625,17.74196434020996,13.463298797607422,17.431640625,0.2655954957008362,0,0.005698572378605604,0,0.018807532265782356,0.3526417911052704,0.3261027932167053,0.32125532627105713
CNN_SNN,1,42,1476,S29_LHS,SLOW,304.5260009765625,5.95564603805542,13.346331596374512,10.107421875,0.010091133415699005,0,0.006308885756880045,0,0.01949007622897625,0.3811558485031128,0.37011411786079407,0.24873007833957672
CNN_SNN,1,42,1477,S29_LHS,SLOW,309.5260009765625,6.076296806335449,15.150323867797852,14.0625,0.07630443572998047,0,0.01717364229261875,0,0.06129375100135803,0.328019380569458,0.3690875172615051,0.30289310216903687
CNN_SNN,1,42,1478,S29_LHS,SLOW,314.5260009765625,6.1477460861206055,11.800396919250488,11.279296875,0.16044414043426514,0,0.0023408851120620966,0,0.00682553555816412,0.36428722739219666,0.3109171390533447,0.3247957229614258
CNN_SNN,1,42,1479,S29_LHS,SLOW,319.5260009765625,5.796916484832764,11.278231620788574,6.4453125,0.3653113842010498,0,0.001327851670794189,0,0.0039747306145727634,0.43551212549209595,0.3238770365715027,0.24061086773872375
CNN_SNN,1,42,1480,S29_LHS,SLOW,324.5260009765625,6.0667338371276855,10.926833152770996,6.15234375,0.5689942836761475,0,0.0009414424421265721,0,0.0028321188874542713,0.3499985933303833,0.2983050048351288,0.3516964018344879
CNN_SNN,1,42,1481,S29_LHS,SLOW,329.5260009765625,6.207505226135254,11.194872856140137,6.591796875,0.6465514898300171,0,0.0012837363174185157,0,0.003911572974175215,0.3929477035999298,0.32606202363967896,0.28099027276039124
CNN_SNN,1,42,1482,S29_LHS,SLOW,334.5260009765625,6.015224456787109,11.960163116455078,7.763671875,0.3334721028804779,0,0.003165086731314659,0,0.00900369230657816,0.3698486387729645,0.3212963342666626,0.30885499715805054
CNN_SNN,1,42,1483,S29_LHS,HOLD,361.5260009765625,,,,,0,0.7310888767242432,1,0.8096534609794617,0.2978930175304413,0.3231712877750397,0.37893569469451904
CNN_SNN,1,42,1484,S29_LHS,HOLD,366.5260009765625,,,,,0,0.4390280544757843,1,0.9243255853652954,0.2614772617816925,0.37646353244781494,0.36205926537513733
CNN_SNN,1,42,1485,S29_LHS,POST_HOLD,394.5260009765625,15.68423080444336,17.2789363861084,15.966796875,0.35359883308410645,0,0.054227907210588455,0,0.20702525973320007,0.3616984188556671,0.3548680543899536,0.2834334969520569
CNN_SNN,1,42,1486,S29_LHS,POST_HOLD,399.5260009765625,17.5662841796875,22.901779174804688,16.69921875,0.32213637232780457,0,0.5020233988761902,0,0.920822262763977,0.3347400724887848,0.34342214465141296,0.3218376934528351
CNN_SNN,1,42,1487,S29_LHS,POST_HOLD,404.5260009765625,16.287490844726562,14.904217720031738,15.8203125,0.6923989653587341,0,0.011693174950778484,0,0.04451671242713928,0.378217875957489,0.26878875494003296,0.35299333930015564
CNN_SNN,1,42,1488,S29_LHS,POST_HOLD,409.5260009765625,15.468537330627441,15.278501510620117,14.6484375,0.36940643191337585,0,0.01526938658207655,0,0.057009726762771606,0.2947797477245331,0.31275123357772827,0.3924690783023834
CNN_SNN,1,42,1489,S29_LHS,POST_HOLD,414.5260009765625,15.739267349243164,14.869089126586914,4.248046875,0.06571000814437866,0,0.010311424732208252,0,0.03960025683045387,0.36272552609443665,0.3618944585323334,0.27538001537323
CNN_SNN,1,42,1490,S29_LHS,POST_HOLD,419.5260009765625,15.989962577819824,14.544278144836426,14.94140625,0.48554831743240356,0,0.01193094253540039,0,0.040566686540842056,0.31307077407836914,0.3514449894428253,0.33548423647880554
CNN_SNN,1,42,1491,S29_LHS,POST_HOLD,424.5260009765625,16.06014633178711,20.78632354736328,19.482421875,0.2836489677429199,0,0.31034055352211,0,0.8206136226654053,0.362695574760437,0.2887299060821533,0.34857454895973206
CNN_SNN,1,42,1492,S29_LHS,SQUAT,469.5260009765625,,,,,1,0.999799907207489,0,0.003149784402921796,0.3357694745063782,0.3330940008163452,0.331136554479599
CNN_SNN,1,42,1493,S29_LHS,SQUAT,474.5260009765625,,,,,1,0.9997414946556091,0,0.00396084226667881,0.34103652834892273,0.3434324264526367,0.3155311048030853
CNN_SNN,1,42,1494,S29_LHS,SQUAT,479.5260009765625,,,,,1,0.9998214840888977,0,0.002969582099467516,0.33772164583206177,0.33008983731269836,0.33218854665756226
CNN_SNN,1,42,1495,S29_LHS,SQUAT,484.5260009765625,,,,,1,0.9997859597206116,0,0.003549892222508788,0.3331787884235382,0.3424079418182373,0.3244132697582245
CNN_SNN,1,42,1496,S29_LHS,SQUAT,489.5260009765625,,,,,1,0.9997467398643494,0,0.0035801781341433525,0.3312521278858185,0.3149648606777191,0.35378292202949524
CNN_SNN,1,42,1497,S29_LHS,SQUAT,494.5260009765625,,,,,1,0.9996466636657715,0,0.004706868901848793,0.34068065881729126,0.3407116234302521,0.3186076283454895
CNN_SNN,1,42,1498,S29_LHS,SQUAT,499.5260009765625,,,,,1,0.9995952248573303,0,0.0054931361228227615,0.31317102909088135,0.36734604835510254,0.3194828927516937
CNN_SNN,1,42,1499,S29_LHS,POST_EXERCISE,544.5260009765625,23.173906326293945,14.902950286865234,21.38671875,0.37980374693870544,0,0.01895642839372158,0,0.06362631916999817,0.356201171875,0.3580046594142914,0.28579407930374146
CNN_SNN,1,42,1500,S29_LHS,POST_EXERCISE,549.5260009765625,25.480587005615234,15.808806419372559,25.48828125,0.21476168930530548,0,0.02519453503191471,0,0.08910202980041504,0.34644779562950134,0.29899346828460693,0.3545587360858917
CNN_SNN,1,42,1501,S29_LHS,POST_EXERCISE,554.5260009765625,25.580026626586914,18.521926879882812,24.609375,0.3191520571708679,0,0.09481828659772873,0,0.3687331974506378,0.3255953788757324,0.3074835538864136,0.3669210970401764
CNN_SNN,1,42,1502,S29_LHS,POST_EXERCISE,559.5260009765625,24.478044509887695,24.258750915527344,24.755859375,0.6436633467674255,0,0.5488402843475342,0,0.9238800406455994,0.39885127544403076,0.2944961190223694,0.30665257573127747
CNN_SNN,1,42,1503,S29_LHS,POST_EXERCISE,564.5260009765625,24.831439971923828,26.006013870239258,24.609375,0.4945385754108429,0,0.8091120719909668,0,0.8886132836341858,0.384076327085495,0.3350291848182678,0.28089451789855957
CNN_SNN,1,42,1504,S29_LHS,POST_EXERCISE,569.5260009765625,25.080608367919922,23.039920806884766,26.07421875,0.5376782417297363,0,0.498958557844162,0,0.9022356271743774,0.3124074339866638,0.3209628164768219,0.3666297495365143
CNN_SNN,1,42,1505,S29_LHS,POST_EXERCISE,574.5260009765625,25.269609451293945,24.946269989013672,7.91015625,0.2056509554386139,0,0.7461258172988892,0,0.8884746432304382,0.33126363158226013,0.3384957015514374,0.3302406966686249
